target_id,target_id_short16,record_ids,observation_ids,primary_country,country,country_name,subnational,workbook_sheet,original_category,institution,source_type,topic,suggested_batch,original_url,hyperlink_target_original,normalized_url,old_configuration_status_20260915,old_source_id,old_current_entry_url,old_fetch_method,old_discovery_status,old_last_discovery_error_code,candidate_entry_urls,candidate_entry_kinds,old_runtime_status,old_latest_state_20260913,old_public_articles_observed_20260913,old_last_evidence_at,old_body_completion_status,old_continuous_supply_status,body_scope_note,unfinished_reason,next_action,identity_conflict,identity_conflict_detail,review_reasons,permissions_fetch/model/public_reuse
target_0026f915f9590626ec12c5cb2c8d15dad02507bd165df8f456ef33e9c9f66f5b,target_0026f915f9590626,S03-R009,obs_a7ea17cdb832305a10c5d75a11,CN,CN,中国,吉林省,吉林省,吉林省,吉林省农业农村厅,中国省区政府部门,土地与生态利用,B2_政府配套政策,http://agri.jl.gov.cn/wap.html,http://agri.jl.gov.cn/wap.html,http://agri.jl.gov.cn/wap.html,unconfigured,,,unresolved,retry,source_adapter_required,https://agri.jl.gov.cn/gk/;https://agri.jl.gov.cn/xw/;https://agri.jl.gov.cn/xw/stdt/202609/t20260908_3668887.html;https://agri.jl.gov.cn/xw/stdt/202608/t20260814_3655528.html;https://agri.jl.gov.cn/gk/zcfg/zc/,html;html;html;html;html,runtime_unverified,,0,2026-09-09T18:07:30.882873+00:00,unverified,unverified,尚未核实正文取得及再利用范围；不能以登记网址视为正文已完成。,入口能识别部分内容，但仍需适配文章身份、日期、正文或分页。,先核对所列候选入口，再完成可恢复分页、中文样文和同生产环境验证。,,,非站点根路径_需确认栏目适用性,unverified/unverified/unverified
target_4e3e1f8693d04a8bb5235bb251ba82a1298a97b9dda034c0e9640256e30d93ab,target_4e3e1f8693d04a8b,S02-R014,obs_78074503a6c9e8cde492e038db,CN,CN,中国,黑龙江省,黑龙江省,黑龙江省,黑龙江省市场监督管理局,中国省区政府部门,综合或未明确,B2_政府配套政策,http://amr.hlj.gov.cn/,http://amr.hlj.gov.cn/,http://amr.hlj.gov.cn/,unconfigured,,,unresolved,retry,source_network_failure,,,runtime_unverified,,0,2026-09-09T18:07:30.882873+00:00,unverified,unverified,尚未核实正文取得及再利用范围；不能以登记网址视为正文已完成。,此前网络读取失败，尚未判明入口是否长期不可用。,先核对所列候选入口，再完成可恢复分页、中文样文和同生产环境验证。,,,,unverified/unverified/unverified
target_88d4287c1f36f5e911229eae438c7a07f01abeb8b0abe7952a30a7eb4e1e4a6c,target_88d4287c1f36f5e9,S09-R014,obs_2bbab6811907dc1fa8ad1192b0,CN,CN,中国,湖南省,湖南省,湖南省,湖南省市场监督管理局,中国省区政府部门,综合或未明确,B2_政府配套政策,http://amr.hunan.gov.cn/,http://amr.hunan.gov.cn/,http://amr.hunan.gov.cn/,unconfigured,,,unresolved,retry,source_network_failure,,,runtime_unverified,,0,2026-09-09T18:07:30.882873+00:00,unverified,unverified,尚未核实正文取得及再利用范围；不能以登记网址视为正文已完成。,此前网络读取失败，尚未判明入口是否长期不可用。,先核对所列候选入口，再完成可恢复分页、中文样文和同生产环境验证。,,,,unverified/unverified/unverified
target_ffbb8948f0599b51c41f1ce56f1e4f78557c2ee49f0bb26ed39707cf949785fc,target_ffbb8948f0599b51,S14-R012,obs_be418dbc01a28bce9c3ee570ed,CN,CN,中国,西藏,西藏,西藏,西藏市场监督管理局,中国省区政府部门,综合或未明确,B2_政府配套政策,http://amr.xizang.gov.cn/index.htm,http://amr.xizang.gov.cn/index.htm,http://amr.xizang.gov.cn/index.htm,unconfigured,,,unresolved,retry,source_timeout,,,runtime_unverified,,0,2026-09-09T18:07:30.882873+00:00,unverified,unverified,尚未核实正文取得及再利用范围；不能以登记网址视为正文已完成。,此前读取超时，需要核对页面大小、动态加载和合适的访问频率。,先核对所列候选入口，再完成可恢复分页、中文样文和同生产环境验证。,,,,unverified/unverified/unverified
target_d914c799c2770ae4907e6bc55c63ce2d07bc3b1318f6ec7e6325cb9671d7bbb7,target_d914c799c2770ae4,S03-R003,obs_5f7542aac04eea044628482631,CN,CN,中国,吉林省,吉林省,吉林省,吉林省财政厅,中国省区政府部门,财税与经济,B2_政府配套政策,http://czt.jl.gov.cn/,http://czt.jl.gov.cn/,http://czt.jl.gov.cn/,unconfigured,,,unresolved,retry,source_adapter_required,https://czt.jl.gov.cn/xwfb/;https://czt.jl.gov.cn/zwgk/;https://czt.jl.gov.cn/xwfb/tpxw/;https://czt.jl.gov.cn/xwfb/gzdt/;https://czt.jl.gov.cn/xwfb/tzgg/,html;html;html;html;html,runtime_unverified,,0,2026-09-09T18:07:30.882873+00:00,unverified,unverified,尚未核实正文取得及再利用范围；不能以登记网址视为正文已完成。,入口能识别部分内容，但仍需适配文章身份、日期、正文或分页。,先核对所列候选入口，再完成可恢复分页、中文样文和同生产环境验证。,,,,unverified/unverified/unverified
target_cbba16bea33905f2a14ae7f8b8878d08311a4d66b0ffa227f79409b3b1af35b9,target_cbba16bea33905f2,S07-R006,obs_9a239a63b48700be075eccb302,CN,CN,中国,安徽省,安徽省,安徽省,安徽省住房和城乡建设厅,中国省区政府部门,基础设施与产业,B2_政府配套政策,http://dohurd.ah.gov.cn/index.html,http://dohurd.ah.gov.cn/index.html,http://dohurd.ah.gov.cn/index.html,unconfigured,,,unresolved,discovered,source_identity_review_required,https://dohurd.ah.gov.cn/zx/index.html;https://dohurd.ah.gov.cn/public/column/6991?type=2;https://dohurd.ah.gov.cn/fw/index.html;https://dohurd.ah.gov.cn/wjgk/tzgg/index.html;https://dohurd.ah.gov.cn/zx/sxdt/index.html,html;html;html;html;html,runtime_unverified,,0,2026-09-09T18:07:30.882873+00:00,unverified,unverified,尚未核实正文取得及再利用范围；不能以登记网址视为正文已完成。,已发现候选页面，但发布方或文章身份尚未核实。,先核对所列候选入口，再完成可恢复分页、中文样文和同生产环境验证。,,,,unverified/unverified/unverified
target_5314181b57378c334505d2cf2d6d5e55774c5b951009273f75abdc1a296e41fe,target_5314181b57378c33,S14-R003,obs_0a4b8e2c21a60cf04498422f76,CN,CN,中国,西藏,西藏,西藏,西藏生态环境厅,中国省区政府部门,环境,B2_政府配套政策,http://ee.xizang.gov.cn/,http://ee.xizang.gov.cn/,http://ee.xizang.gov.cn/,unconfigured,,,unresolved,retry,source_adapter_required,https://ee.xizang.gov.cn/xwzx/gsgg/202609/t20260907_557034.html;https://ee.xizang.gov.cn/xwzx/gsgg/202609/t20260902_556350.html;https://ee.xizang.gov.cn/ywgz/kjcw/202609/t20260909_557527.html;https://ee.xizang.gov.cn/ywgz/kjcw/202609/t20260909_557521.html;https://ee.xizang.gov.cn/ywgz/kjcw/202609/t20260909_557520.html,html;html;html;html;html,runtime_unverified,,0,2026-09-09T18:07:30.882873+00:00,unverified,unverified,尚未核实正文取得及再利用范围；不能以登记网址视为正文已完成。,入口能识别部分内容，但仍需适配文章身份、日期、正文或分页。,先核对所列候选入口，再完成可恢复分页、中文样文和同生产环境验证。,,,,unverified/unverified/unverified
target_c7938a991088c38267a5ba1e38bc20005c13839588195d45952addc8d5edba50,target_c7938a991088c382,S11-R017,obs_e97c11505f639a986c6266a274,CN,CN,中国,甘肃省,甘肃省,甘肃省,甘肃林业和草原局,中国省区政府部门,土地与生态利用,B2_政府配套政策,http://gs.news.cn/lcgs/index.htm,http://gs.news.cn/lcgs/index.htm,http://gs.news.cn/lcgs/index.htm,unconfigured,,,unresolved,retry,source_timeout,,,runtime_unverified,,0,2026-09-09T18:07:30.882873+00:00,unverified,unverified,尚未核实正文取得及再利用范围；不能以登记网址视为正文已完成。,此前读取超时，需要核对页面大小、动态加载和合适的访问频率。,先核对所列候选入口，再完成可恢复分页、中文样文和同生产环境验证。,,,非站点根路径_需确认栏目适用性,unverified/unverified/unverified
target_9004c8870e29837c5838748c818f7bbd5b21c1e5604f908bf3195c1c2a0a53ec,target_9004c8870e29837c,S07-R013,obs_8f55cdf258564bc421209e3727,CN,CN,中国,安徽省,安徽省,安徽省,安徽省国有资产监督管理委员会,中国省区政府部门,综合或未明确,B2_政府配套政策,http://gzw.ah.gov.cn/,http://gzw.ah.gov.cn/,http://gzw.ah.gov.cn/,unconfigured,,,unresolved,retry,source_timeout,,,runtime_unverified,,0,2026-09-09T18:07:30.882873+00:00,unverified,unverified,尚未核实正文取得及再利用范围；不能以登记网址视为正文已完成。,此前读取超时，需要核对页面大小、动态加载和合适的访问频率。,先核对所列候选入口，再完成可恢复分页、中文样文和同生产环境验证。,,,,unverified/unverified/unverified
target_35d2f7dcf364e0e10075493a71243cdc23b2477014ddbc4da1ecc819e0cb1cc5,target_35d2f7dcf364e0e1,S09-R013,obs_37a1ed3d8722cd346b68f2ca56,CN,CN,中国,湖南省,湖南省,湖南省,湖南省国有资产监督管理委员会,中国省区政府部门,综合或未明确,B2_政府配套政策,http://gzw.hunan.gov.cn/,http://gzw.hunan.gov.cn/,http://gzw.hunan.gov.cn/,unconfigured,,,unresolved,retry,source_network_failure,,,runtime_unverified,,0,2026-09-09T18:07:30.882873+00:00,unverified,unverified,尚未核实正文取得及再利用范围；不能以登记网址视为正文已完成。,此前网络读取失败，尚未判明入口是否长期不可用。,先核对所列候选入口，再完成可恢复分页、中文样文和同生产环境验证。,,,,unverified/unverified/unverified
target_7b9cc8da7b7de65bf12497fcbb2df46256202e777f18c7a3b352b7afcfe7ce61,target_7b9cc8da7b7de65b,S03-R013,obs_684409858b8569e2444e0a2dc3,CN,CN,中国,吉林省,吉林省,吉林省,吉林省国有资产监督管理委员会,中国省区政府部门,综合或未明确,B2_政府配套政策,http://gzw.jl.gov.cn/gqdt/ydhz/202505/t20250529_3460149.html,http://gzw.jl.gov.cn/gqdt/ydhz/202505/t20250529_3460149.html,http://gzw.jl.gov.cn/gqdt/ydhz/202505/t20250529_3460149.html,unconfigured,,,unresolved,retry,source_entry_missing,,,runtime_unverified,,0,2026-09-09T18:07:30.882873+00:00,unverified,unverified,尚未核实正文取得及再利用范围；不能以登记网址视为正文已完成。,此前入口不存在，需要寻找同一发布方现行栏目。,先核对所列候选入口，再完成可恢复分页、中文样文和同生产环境验证。,,,非站点根路径_需确认栏目适用性,unverified/unverified/unverified
target_d2ee517e04842d0cace42ab90cc3ebd91ce6b268889acc4722a09123c276b1d6,target_d2ee517e04842d0c,S12-R013,obs_35be2d00d73c1fc4088968668e,CN,CN,中国,青海省,青海省,青海省,青海省国有资产监督管理委员会,中国省区政府部门,综合或未明确,B2_政府配套政策,http://gzw.qinghai.gov.cn/,http://gzw.qinghai.gov.cn/,http://gzw.qinghai.gov.cn/,unconfigured,,,unresolved,retry,source_network_failure,,,runtime_unverified,,0,2026-09-09T18:07:30.882873+00:00,unverified,unverified,尚未核实正文取得及再利用范围；不能以登记网址视为正文已完成。,此前网络读取失败，尚未判明入口是否长期不可用。,先核对所列候选入口，再完成可恢复分页、中文样文和同生产环境验证。,,,,unverified/unverified/unverified
target_b41d84dc0d08053e2b28442921d20d8276ea723e13ef38289b9639655f92cd35,target_b41d84dc0d08053e,S03-R005,obs_745108915ac36175936c44cda0,CN,CN,中国,吉林省,吉林省,吉林省,吉林省人力资源和社会保障厅,中国省区政府部门,劳动与社会保障,B2_政府配套政策,http://hrss.jl.gov.cn/index.html,http://hrss.jl.gov.cn/index.html,http://hrss.jl.gov.cn/index.html,unconfigured,,,unresolved,retry,source_adapter_required,https://hrss.jl.gov.cn/;https://hrss.jl.gov.cn/jgzn/;https://hrss.jl.gov.cn/jgzn/ldjj/;https://hrss.jl.gov.cn/jgzn/ldjj/202407/t20240710_8932417.html;https://hrss.jl.gov.cn/jgzn/ldjj/202407/t20240710_8932412.html,html;html;html;html;html,runtime_unverified,,0,2026-09-09T18:07:30.882873+00:00,unverified,unverified,尚未核实正文取得及再利用范围；不能以登记网址视为正文已完成。,入口能识别部分内容，但仍需适配文章身份、日期、正文或分页。,先核对所列候选入口，再完成可恢复分页、中文样文和同生产环境验证。,,,,unverified/unverified/unverified
target_904fa73e4b74b52140119362da37b30053e417a9864f885180923e03674f1d07,target_904fa73e4b74b521,S14-R004,obs_7cab2b93077d1958d049e0d246,CN,CN,中国,西藏,西藏,西藏,西藏人力资源和社会保障厅,中国省区政府部门,劳动与社会保障,B2_政府配套政策,http://hrss.xizang.gov.cn/,http://hrss.xizang.gov.cn/,http://hrss.xizang.gov.cn/,unconfigured,,,unresolved,retry,source_adapter_required,https://hrss.xizang.gov.cn/zwgk/fdzdgknr/czyjs/202609/t20260908_557170.html;https://hrss.xizang.gov.cn/zwgk/fdzdgknr/czyjs/202609/t20260907_557056.html;https://hrss.xizang.gov.cn/zwgk/fdzdgknr/czyjs/202609/t20260907_556989.html;https://hrss.xizang.gov.cn/xwzx/tpxw/202606/t20260629_547505.html;https://hrss.xizang.gov.cn/xwzx/tpxw/202605/t20260529_542728.html,html;html;html;html;html,runtime_unverified,,0,2026-09-09T18:07:30.882873+00:00,unverified,unverified,尚未核实正文取得及再利用范围；不能以登记网址视为正文已完成。,入口能识别部分内容，但仍需适配文章身份、日期、正文或分页。,先核对所列候选入口，再完成可恢复分页、中文样文和同生产环境验证。,,,,unverified/unverified/unverified
target_90bd3ec6b24b4690ed0750bc8f780485f36b88c3d26490c2bc782c9a52261031,target_90bd3ec6b24b4690,S03-R006,obs_1bf3cbb7f851e330ca173befab,CN,CN,中国,吉林省,吉林省,吉林省,吉林省住房和城乡建设厅,中国省区政府部门,基础设施与产业,B2_政府配套政策,http://jst.jl.gov.cn/,http://jst.jl.gov.cn/,http://jst.jl.gov.cn/,unconfigured,,,unresolved,retry,source_adapter_required,https://jst.jl.gov.cn/xwdt/;https://jst.jl.gov.cn/zwgk/;https://jst.jl.gov.cn/zffw/;https://jst.jl.gov.cn/xwdt/jsdt/;https://jst.jl.gov.cn/zwgk/cwgg/,html;html;html;html;html,runtime_unverified,,0,2026-09-09T18:07:30.882873+00:00,unverified,unverified,尚未核实正文取得及再利用范围；不能以登记网址视为正文已完成。,入口能识别部分内容，但仍需适配文章身份、日期、正文或分页。,先核对所列候选入口，再完成可恢复分页、中文样文和同生产环境验证。,,,,unverified/unverified/unverified
target_706657739217edcc3e6342370a2f417360c8dd56361fb13625ddd56a186d120b,target_706657739217edcc,S03-R007,obs_751721841253f9f29882ac0b08,CN,CN,中国,吉林省,吉林省,吉林省,吉林省交通运输厅,中国省区政府部门,基础设施与产业,B2_政府配套政策,http://jtyst.jl.gov.cn/,http://jtyst.jl.gov.cn/,http://jtyst.jl.gov.cn/,unconfigured,,,unresolved,discovered,source_identity_review_required,https://jtyst.jl.gov.cn/jg_133173/jgsz/tjgcs/200810/t20081012_5454793.html;https://jtyst.jl.gov.cn/zw_133208/;https://jtyst.jl.gov.cn/zw_133208/tzgg/;https://jtyst.jl.gov.cn/zw_133208/zcfg/;https://jtyst.jl.gov.cn/hd_133262/zxft2018/qxp_430601/202609/t20260904_9699459.html,html;html;html;html;html,runtime_unverified,,0,2026-09-09T18:07:30.882873+00:00,unverified,unverified,尚未核实正文取得及再利用范围；不能以登记网址视为正文已完成。,已发现候选页面，但发布方或文章身份尚未核实。,先核对所列候选入口，再完成可恢复分页、中文样文和同生产环境验证。,,,,unverified/unverified/unverified
target_849d0b02a14de067d8bc079d11c9d2b767b868a3051e97982b189265e6b1fe6f,target_849d0b02a14de067,S02-R017,obs_577af3f12cd761495dc4e4034d,CN,CN,中国,黑龙江省,黑龙江省,黑龙江省,黑龙江林业和草原局,中国省区政府部门,土地与生态利用,B2_政府配套政策,http://lyhcyj.hlj.gov.cn/lyhcyj/index.shtml,http://lyhcyj.hlj.gov.cn/lyhcyj/index.shtml,http://lyhcyj.hlj.gov.cn/lyhcyj/index.shtml,unconfigured,,,unresolved,retry,source_network_failure,,,runtime_unverified,,0,2026-09-09T18:07:30.882873+00:00,unverified,unverified,尚未核实正文取得及再利用范围；不能以登记网址视为正文已完成。,此前网络读取失败，尚未判明入口是否长期不可用。,先核对所列候选入口，再完成可恢复分页、中文样文和同生产环境验证。,,,非站点根路径_需确认栏目适用性,unverified/unverified/unverified
target_4329e08faa8fc2b5011c130b7e28e16c4b40d0739622e35a9b8e86e80b28004a,target_4329e08faa8fc2b5,S04-R018,obs_079f573619a715805d19f15d1a,CN,CN,中国,内蒙古,内蒙古,内蒙古,国家矿山安全监察局--内蒙古局,中国中央机构省区分支,矿业与资源；安全与应急,B1_矿业能源法律核心,http://nmg.chinamine-safety.gov.cn/,http://nmg.chinamine-safety.gov.cn/,http://nmg.chinamine-safety.gov.cn/,unconfigured,,,unresolved,access_failed,,,,runtime_unverified,,0,2026-09-08T18:01:11.735070+00:00,unverified,unverified,访问未通过，未核实文章身份、发布时间或处理范围；访问错误不等于版权许可结论。,内蒙古局原HTTP行的同host HTTPS robots候选在原生客户端报network_failure，未取得HTTP响应；没有继续原入口，也未降级HTTP。具体底层原因未暴露，不能定性为证书错误。,保留原URL/目标及实际失败证据，待访问条件有新的可验证依据后再做独立有界核验；本次不重试。,,,,unverified/unverified/unverified
target_9819ef6813cf980abdf2f4436c2e34298bc8c1595ca989c06f5a8a3e4039c966,target_9819ef6813cf980a,S12-R009,obs_d82217fe5fe691cc09c9c8768e,CN,CN,中国,青海省,青海省,青海省,青海省农业农村厅,中国省区政府部门,土地与生态利用,B2_政府配套政策,http://nynct.qinghai.gov.cn/#/,http://nynct.qinghai.gov.cn/,http://nynct.qinghai.gov.cn/#/,unconfigured,,,unresolved,retry,source_temporarily_unavailable,,,runtime_unverified,,0,2026-09-09T18:07:30.882873+00:00,unverified,unverified,尚未核实正文取得及再利用范围；不能以登记网址视为正文已完成。,此前来源临时不可用，需重新核实当前响应。,先核对所列候选入口，再完成可恢复分页、中文样文和同生产环境验证。,,,SPA片段路由_不能当普通锚点删除;显示网址与超链接目标不一致_只用显示网址分类,unverified/unverified/unverified
target_3eb42b7cf988466a17774f36d28bc123421a644bfb5983a601708a14ebe50a2b,target_3eb42b7cf988466a,S14-R008,obs_674e732b2b66a15aec5a0c77e2,CN,CN,中国,西藏,西藏,西藏,西藏农业农村厅,中国省区政府部门,土地与生态利用,B2_政府配套政策,http://nynct.xizang.gov.cn/,http://nynct.xizang.gov.cn/,http://nynct.xizang.gov.cn/,unconfigured,,,unresolved,retry,source_adapter_required,https://nynct.xizang.gov.cn/xwzx/tpxw/202607/t20260706_548815.html;https://nynct.xizang.gov.cn/xwzx/tpxw/202510/t20251016_504202.html;https://nynct.xizang.gov.cn/xwzx/gsgg/;https://nynct.xizang.gov.cn/xwzx/bmdt/;https://nynct.xizang.gov.cn/xwzx/gsgg/202608/t20260827_555466.html,html;html;html;html;html,runtime_unverified,,0,2026-09-09T18:07:30.882873+00:00,unverified,unverified,尚未核实正文取得及再利用范围；不能以登记网址视为正文已完成。,入口能识别部分内容，但仍需适配文章身份、日期、正文或分页。,先核对所列候选入口，再完成可恢复分页、中文样文和同生产环境验证。,,,,unverified/unverified/unverified
target_325a963558bf758687f81c4a841c6ad63d03f151366ee265f30d645a2d9876aa,target_325a963558bf7586,S16-R008,obs_3a775c9774e74ce3722334b41d,,,跨国/未限定,,境外,综合检索,世界各国议会法规,法律目录或聚合检索,法律与规制,D_许可及主体专项核实,http://parliaments.lidicity.com/index.html,http://parliaments.lidicity.com/index.html,http://parliaments.lidicity.com/index.html,unconfigured,,,unresolved,discovered,source_adapter_required,,,runtime_unverified,,0,2026-09-09T18:07:30.882873+00:00,unverified,unverified,尚未核实正文取得及再利用范围；不能以登记网址视为正文已完成。,入口能识别部分内容，但仍需适配文章身份、日期、正文或分页。,先核对所列候选入口，再完成可恢复分页、中文样文和同生产环境验证。,,,,unverified/unverified/unverified
target_1774d8ffaa5c47d20abc36e462b5faee32d48de3b1c9b84a8dccf2baafaec414,target_1774d8ffaa5c47d2,S03-R014,obs_6d03ae8bb55aa58b0e338b0d97,CN,CN,中国,吉林省,吉林省,吉林省,吉林省市场监督管理厅,中国省区政府部门,综合或未明确,B2_政府配套政策,http://scjg.jl.gov.cn/,http://scjg.jl.gov.cn/,http://scjg.jl.gov.cn/,unconfigured,,,unresolved,retry,source_adapter_required,https://scjg.jl.gov.cn/xw/zyxw/;https://scjg.jl.gov.cn/xw/jcdt/;https://scjg.jl.gov.cn/xw/tpxw/;https://scjg.jl.gov.cn/zw/gsgg/;https://scjg.jl.gov.cn/zw/zxtz/,html;html;html;html;html,runtime_unverified,,0,2026-09-09T18:07:30.882873+00:00,unverified,unverified,尚未核实正文取得及再利用范围；不能以登记网址视为正文已完成。,入口能识别部分内容，但仍需适配文章身份、日期、正文或分页。,先核对所列候选入口，再完成可恢复分页、中文样文和同生产环境验证。,,,,unverified/unverified/unverified
target_49e2bd238e392e3a9cd76bcf31b5693cb8c0fae3e25fc243b0c9b0d37f730afa,target_49e2bd238e392e3a,S12-R014,obs_592e718d3f3f11d71b87ce3ee4,CN,CN,中国,青海省,青海省,青海省,青海省市场监督管理局,中国省区政府部门,综合或未明确,B2_政府配套政策,http://scjgj.qinghai.gov.cn/SJJ/WSFW,http://scjgj.qinghai.gov.cn/SJJ/WSFW,http://scjgj.qinghai.gov.cn/SJJ/WSFW,unconfigured,,,unresolved,blocked,source_redirect_review_required,,,runtime_unverified,,0,2026-09-09T18:07:30.882873+00:00,unverified,unverified,尚未核实正文取得及再利用范围；不能以登记网址视为正文已完成。,此前发生需要核对的跳转，不能把新地址自动认作同一发布方。,先核对所列候选入口，再完成可恢复分页、中文样文和同生产环境验证。,,,非站点根路径_需确认栏目适用性,unverified/unverified/unverified
target_f219dfff243a2218ca2ffd39d929de1ed4711f64ab1e715d6012a55f65183ac2,target_f219dfff243a2218,S05-R019,obs_f393e763c989fdd546b30f9d2a,CN,CN,中国,山西省,山西省,山西省,国家矿山安全监察局--山西局,中国中央机构省区分支,矿业与资源；安全与应急,B1_矿业能源法律核心,http://shanxi.chinamine-safety.gov.cn/,http://shanxi.chinamine-safety.gov.cn/,http://shanxi.chinamine-safety.gov.cn/,unconfigured,,https://shanxi.chinamine-safety.gov.cn/,unresolved,access_failed,,,,runtime_unverified,,0,2026-09-08T18:01:11.735116+00:00,unverified,unverified,访问未通过，未核实文章身份、发布时间或处理范围；访问错误不等于版权许可结论。,山西局robots为404无文件；原HTTP行的HTTPS首页候选虽收到运输层HTTP200，但SafeHttpClient以dns_rebinding拒绝，不能标为严格原生可读。已停止，没有放宽DNS/TLS或改用HTTP。,保留原URL/目标及实际失败证据，待访问条件有新的可验证依据后再做独立有界核验；本次不重试。,,,,unverified/unverified/unverified
target_6bf669417558b2c768122a81b3799e6cab5dc06dec1cde92f06cb10d74d66a98,target_6bf669417558b2c7,S02-R008,obs_096e5ead11bc81355c9bf89b67,CN,CN,中国,黑龙江省,黑龙江省,黑龙江省,黑龙江省水利厅,中国省区政府部门,水资源,B2_政府配套政策,http://slt.hlj.gov.cn/slt/index.shtml,http://slt.hlj.gov.cn/slt/index.shtml,http://slt.hlj.gov.cn/slt/index.shtml,unconfigured,,,unresolved,retry,source_network_failure,,,runtime_unverified,,0,2026-09-09T18:07:30.882873+00:00,unverified,unverified,尚未核实正文取得及再利用范围；不能以登记网址视为正文已完成。,此前网络读取失败，尚未判明入口是否长期不可用。,先核对所列候选入口，再完成可恢复分页、中文样文和同生产环境验证。,,,非站点根路径_需确认栏目适用性,unverified/unverified/unverified
target_f4efcf569404827e001592e1475c93b69c96ca62f7b0ee5b88d501b0502ef6c0,target_f4efcf569404827e,S03-R008,obs_d6c1049a23e925789355f98b98,CN,CN,中国,吉林省,吉林省,吉林省,吉林省水利厅,中国省区政府部门,水资源,B2_政府配套政策,http://slt.jl.gov.cn/,http://slt.jl.gov.cn/,http://slt.jl.gov.cn/,unconfigured,,,unresolved,retry,source_adapter_required,https://slt.jl.gov.cn/xw/;https://slt.jl.gov.cn/xw/ssdt/;https://slt.jl.gov.cn/zw/;https://slt.jl.gov.cn/zw/zfxxgk/;https://slt.jl.gov.cn/zw/gwgg/,html;html;html;html;html,runtime_unverified,,0,2026-09-09T18:07:30.882873+00:00,unverified,unverified,尚未核实正文取得及再利用范围；不能以登记网址视为正文已完成。,入口能识别部分内容，但仍需适配文章身份、日期、正文或分页。,先核对所列候选入口，再完成可恢复分页、中文样文和同生产环境验证。,,,,unverified/unverified/unverified
target_d63e40564b44e4e87537b64e02eb8e4a04b137a6d6d4c9315ac7bab73cb29a8c,target_d63e40564b44e4e8,S14-R007,obs_38c206ad101796903de0809200,CN,CN,中国,西藏,西藏,西藏,西藏水利厅,中国省区政府部门,水资源,B2_政府配套政策,http://slt.xizang.gov.cn/,http://slt.xizang.gov.cn/,http://slt.xizang.gov.cn/,unconfigured,,,unresolved,discovered,source_adapter_required,,,runtime_unverified,,0,2026-09-09T18:07:30.882873+00:00,unverified,unverified,尚未核实正文取得及再利用范围；不能以登记网址视为正文已完成。,入口能识别部分内容，但仍需适配文章身份、日期、正文或分页。,先核对所列候选入口，再完成可恢复分页、中文样文和同生产环境验证。,,,,unverified/unverified/unverified
target_3e1bb6177a4393192e38f379e14ca00dcf4007283b93017a02d4b7e1869cf904,target_3e1bb6177a439319,S02-R004,obs_77d556747dda22291276356dcc,CN,CN,中国,黑龙江省,黑龙江省,黑龙江省,黑龙江省生态环境厅,中国省区政府部门,环境,B2_政府配套政策,http://sthj.hlj.gov.cn/,http://sthj.hlj.gov.cn/,http://sthj.hlj.gov.cn/,unconfigured,,,unresolved,retry,source_network_failure,,,runtime_unverified,,0,2026-09-09T18:07:30.882873+00:00,unverified,unverified,尚未核实正文取得及再利用范围；不能以登记网址视为正文已完成。,此前网络读取失败，尚未判明入口是否长期不可用。,先核对所列候选入口，再完成可恢复分页、中文样文和同生产环境验证。,,,,unverified/unverified/unverified
target_898372d798467e2deb354330a58931a4060abc3446da5414b4aa0bb000809e12,target_898372d798467e2d,S03-R010,obs_822c404dac34f99ac8a647875a,CN,CN,中国,吉林省,吉林省,吉林省,吉林省商务厅,中国省区政府部门,财税与经济,B2_政府配套政策,http://swt.jl.gov.cn/,http://swt.jl.gov.cn/,http://swt.jl.gov.cn/,unconfigured,,,unresolved,retry,source_adapter_required,https://swt.jl.gov.cn/swdt/;https://swt.jl.gov.cn/tzgg/;https://swt.jl.gov.cn/tzgg/202608/t20260817_9682884.html;https://swt.jl.gov.cn/tzgg/202607/t20260713_9663852.html;https://swt.jl.gov.cn/tzgg/202605/t20260513_9603375.html,html;html;html;html;html,runtime_unverified,,0,2026-09-09T18:07:30.882873+00:00,unverified,unverified,尚未核实正文取得及再利用范围；不能以登记网址视为正文已完成。,入口能识别部分内容，但仍需适配文章身份、日期、正文或分页。,先核对所列候选入口，再完成可恢复分页、中文样文和同生产环境验证。,,,,unverified/unverified/unverified
target_e5d36cc6df50782888d58e57f149fb57d250b0e18758835319249d775651c9db,target_e5d36cc6df507828,S12-R010,obs_7d182f88b81e0b0e1742706a59,CN,CN,中国,青海省,青海省,青海省,青海省商务厅,中国省区政府部门,财税与经济,B2_政府配套政策,http://swt.qinghai.gov.cn/,http://swt.qinghai.gov.cn/,http://swt.qinghai.gov.cn/,unconfigured,,,unresolved,retry,source_network_failure,,,runtime_unverified,,0,2026-09-09T18:07:30.882873+00:00,unverified,unverified,尚未核实正文取得及再利用范围；不能以登记网址视为正文已完成。,此前网络读取失败，尚未判明入口是否长期不可用。,先核对所列候选入口，再完成可恢复分页、中文样文和同生产环境验证。,,,,unverified/unverified/unverified
target_a04baf6972186d29aaec93ea57065ec359bda4272df376c09336314ea1f85481,target_a04baf6972186d29,S14-R010,obs_e21b267c207d582e576e36c897,CN,CN,中国,西藏,西藏,西藏,西藏卫生健康委员会,中国省区政府部门,综合或未明确,B2_政府配套政策,http://wjw.xizang.gov.cn/,http://wjw.xizang.gov.cn/,http://wjw.xizang.gov.cn/,unconfigured,,,unresolved,retry,source_adapter_required,https://wjw.xizang.gov.cn/xwzx/wsjkdt/202608/t20260821_554752.html;https://wjw.xizang.gov.cn/xwzx/xzdt/202504/t20250430_476219.html;https://wjw.xizang.gov.cn/xwzx/tzgg/202609/t20260908_557199.html;https://wjw.xizang.gov.cn/xwzx/tzgg/202609/t20260907_556843.html;https://wjw.xizang.gov.cn/xwzx/tzgg/202609/t20260901_556085.html,html;html;html;html;html,runtime_unverified,,0,2026-09-09T18:07:30.882873+00:00,unverified,unverified,尚未核实正文取得及再利用范围；不能以登记网址视为正文已完成。,入口能识别部分内容，但仍需适配文章身份、日期、正文或分页。,先核对所列候选入口，再完成可恢复分页、中文样文和同生产环境验证。,,,,unverified/unverified/unverified
target_123a650032715aaa6961af5a8a196db96935f7e36b8d0e7a611cb9215b68dcb1,target_123a650032715aaa,S02-R011,obs_45d0d43df31afa36c5a2e75b7b,CN,CN,中国,黑龙江省,黑龙江省,黑龙江省,黑龙江省卫生健康委员会,中国省区政府部门,综合或未明确,B2_政府配套政策,http://wsjkw.hlj.gov.cn/,http://wsjkw.hlj.gov.cn/,http://wsjkw.hlj.gov.cn/,unconfigured,,,unresolved,retry,source_network_failure,,,runtime_unverified,,0,2026-09-09T18:07:30.882873+00:00,unverified,unverified,尚未核实正文取得及再利用范围；不能以登记网址视为正文已完成。,此前网络读取失败，尚未判明入口是否长期不可用。,先核对所列候选入口，再完成可恢复分页、中文样文和同生产环境验证。,,,,unverified/unverified/unverified
target_51a2e4e5589a46275f84f5468bbaac10169081a9a3f07e6295968efc02a332ff,target_51a2e4e5589a4627,S03-R011,obs_c4ef44191926dfbabbcd54c00a,CN,CN,中国,吉林省,吉林省,吉林省,吉林省卫生健康委员会,中国省区政府部门,综合或未明确,B2_政府配套政策,http://wsjkw.jl.gov.cn/,http://wsjkw.jl.gov.cn/,http://wsjkw.jl.gov.cn/,unconfigured,,,unresolved,retry,source_adapter_required,https://wsjkw.jl.gov.cn/xwzx/xwzx/;https://wsjkw.jl.gov.cn/jggk/wncs/fzjs/;https://wsjkw.jl.gov.cn/jggk/wncs/yzgl/;https://wsjkw.jl.gov.cn/xwzx/gzdt/jgdt/;https://wsjkw.jl.gov.cn/xwzx/gzdt/jcgz/,html;html;html;html;html,runtime_unverified,,0,2026-09-09T18:07:30.882873+00:00,unverified,unverified,尚未核实正文取得及再利用范围；不能以登记网址视为正文已完成。,入口能识别部分内容，但仍需适配文章身份、日期、正文或分页。,先核对所列候选入口，再完成可恢复分页、中文样文和同生产环境验证。,,,,unverified/unverified/unverified
target_fb7978f7a6c02a2943115c780312a76a4ded357c3dd5dcf191c1ea26ac7f91a5,target_fb7978f7a6c02a29,S16-R046,obs_4e81ffef11266979cc11439219,CD,CD,刚果金,,境外,刚果金,刚通社,新闻媒体或通讯社,综合或未明确,C_媒体与行业动态,www.acpcongo.com,http://www.acpcongo.com/,http://www.acpcongo.com/,configured,src_94bfcc4635bbff3c768849d7,https://acp.cd/sujet/economie/,html,native_acquisition_passed,,,,enabled,active,46,2026-09-13T14:42:09.294620Z,unverified,unverified,经批准的有限事实导读：仅公开标题及完整head-meta句子，截断描述退回标题；署名ACP与原文回链，不含正文、图片或第三方转载许可,持续供稿、全部库存中文阅读和可提供全文的正文完成仍需验证。,验证真实新稿与历史库存的自动中文处理和公开，补齐允许范围内的正文。,,,原显示网址缺协议_协议补全来源见normalization_notes,unverified/unverified/unverified
target_e2358803457408e3a6afeb6a5915304a0f13f60131706837b4aeec3bf9443d8a,target_e2358803457408e3,S16-R021,obs_ecad2689e976268b78ece649dc,AR,AR,阿根廷,,境外,阿根廷,经济部,海外政府部门或监管机构候选,财税与经济,B2_政府配套政策,www.argentina.gob.ar/economia,http://www.argentina.gob.ar/economia,http://www.argentina.gob.ar/economia,configured,src_98e4b93d621496fc292346f2,https://www.argentina.gob.ar/economia/mineria/noticias,html,actual_items_observed,,,,runtime_unverified,active,0,2026-09-13T14:42:09.294620Z,unverified,unverified,Estado Nacional原创矿业新闻文本适用CC BY4.0；保留机关署名、原文和许可证，注明AI翻译；图片、附件与第三方特别声明材料不复制。,持续供稿、全部库存中文阅读和可提供全文的正文完成仍需验证。,验证真实新稿与历史库存的自动中文处理和公开，补齐允许范围内的正文。,,,原显示网址缺协议_协议补全来源见normalization_notes;非站点根路径_需确认栏目适用性,unverified/unverified/unverified
target_5f77be35fd6265004b4c08eb154348692480c01b7aa236031f4728d8ae08cef2,target_5f77be35fd626500,S16-R048,obs_f75bdeb2573f4f43e38cfd4601,CD,CD,刚果金,,境外,刚果金,国民议会,议会机构候选,法律与规制,B2_政府配套政策,www.assemblee-nationale.cd,http://www.assemblee-nationale.cd/,http://www.assemblee-nationale.cd/,unconfigured,,,unresolved,retry,source_dns_failure,,,runtime_unverified,,0,2026-09-09T18:07:30.882873+00:00,unverified,unverified,尚未核实正文取得及再利用范围；不能以登记网址视为正文已完成。,此前域名解析失败，需要核对机构现行域名。,先核对所列候选入口，再完成可恢复分页、中文样文和同生产环境验证。,,,原显示网址缺协议_协议补全来源见normalization_notes,unverified/unverified/unverified
target_9ff4813f4dedd0ca94518c23b4b873a063b0e1e47fc0e633261ec8d23fdb9306,target_9ff4813f4dedd0ca,S07-R016,obs_1a10891bb9397877a07f5bc2a5,CN,CN,中国,安徽省,安徽省,安徽省,中国证券监督管理委员会--安徽监管局,中国中央机构省区分支,综合或未明确,B2_政府配套政策,http://www.csrc.gov.cn/anhui/,http://www.csrc.gov.cn/anhui/,http://www.csrc.gov.cn/anhui/,unconfigured,,,unresolved,retry,source_network_failure,,,runtime_unverified,,0,2026-09-09T18:07:30.882873+00:00,unverified,unverified,尚未核实正文取得及再利用范围；不能以登记网址视为正文已完成。,此前网络读取失败，尚未判明入口是否长期不可用。,先核对所列候选入口，再完成可恢复分页、中文样文和同生产环境验证。,,,非站点根路径_需确认栏目适用性,unverified/unverified/unverified
target_a542bef349189a5a7687c44fa386791db0d71ea1e1adcb6425c51155e0ef911c,target_a542bef349189a5a,S01-R016,obs_c75752a7a3f34e3595c64effe9,CN,CN,中国,,部委,部委,中国证券监督管理委员会,中国中央政府部门,综合或未明确,B2_政府配套政策,http://www.csrc.gov.cn/csrc/index.shtml,http://www.csrc.gov.cn/csrc/index.shtml,http://www.csrc.gov.cn/csrc/index.shtml,unconfigured,,https://www.csrc.gov.cn/csrc/index.shtml,unresolved,access_failed,,,,runtime_unverified,,0,2026-09-07T23:54:21.342982+00:00,unverified,unverified,未取得文章材料；官方身份或搜索片段不构成模型与公开处理资格。,证监会同机构HTTPS候选的robots返回302并要求降级HTTP，严格客户端已拒绝；没有请求HTTP目标或重试其他入口。,保留原HTTP网址及单独的官方HTTPS发现证据；待严格HTTPS读取有可验证结果后，再核对正文身份、栏目、日期和处理条件。,,,非站点根路径_需确认栏目适用性,unverified/unverified/unverified
target_2fcbf7d8218ef55d1a8af70ad0bf83e57e2f8b07dfb6197b41b155dced457098,target_2fcbf7d8218ef55d,S08-R016,obs_34a348ae431c9101c51fd30900,CN,CN,中国,福建省,福建省,福建省,中国证券监督管理委员会--福建监管局,中国中央机构省区分支,综合或未明确,B2_政府配套政策,http://www.csrc.gov.cn/fujian/,http://www.csrc.gov.cn/fujian/,http://www.csrc.gov.cn/fujian/,unconfigured,,,unresolved,retry,source_network_failure,,,runtime_unverified,,0,2026-09-09T18:07:30.882873+00:00,unverified,unverified,尚未核实正文取得及再利用范围；不能以登记网址视为正文已完成。,此前网络读取失败，尚未判明入口是否长期不可用。,先核对所列候选入口，再完成可恢复分页、中文样文和同生产环境验证。,,,非站点根路径_需确认栏目适用性,unverified/unverified/unverified
target_33913a81556526f03300a8759b449bfda48d4315a3f087f221964ba98731baa1,target_33913a81556526f0,S11-R016,obs_9e1b328b9774a1659601f0e1ef,CN,CN,中国,甘肃省,甘肃省,甘肃省,中国证券监督管理委员会--甘肃监管局,中国中央机构省区分支,综合或未明确,B2_政府配套政策,http://www.csrc.gov.cn/gansu/index.shtml,http://www.csrc.gov.cn/gansu/index.shtml,http://www.csrc.gov.cn/gansu/index.shtml,unconfigured,,,unresolved,retry,source_network_failure,,,runtime_unverified,,0,2026-09-09T18:07:30.882873+00:00,unverified,unverified,尚未核实正文取得及再利用范围；不能以登记网址视为正文已完成。,此前网络读取失败，尚未判明入口是否长期不可用。,先核对所列候选入口，再完成可恢复分页、中文样文和同生产环境验证。,,,非站点根路径_需确认栏目适用性,unverified/unverified/unverified
target_fbf2f9d1a731d1748134db690ea675a1fd2ff78ad18d6db6a50d0922f1992274,target_fbf2f9d1a731d174,S10-R016,obs_462fec3a67c7448379c59b0519,CN,CN,中国,贵州省,贵州省,贵州省,中国证券监督管理委员会--贵州监管局,中国中央机构省区分支,综合或未明确,B2_政府配套政策,http://www.csrc.gov.cn/guizhou/,http://www.csrc.gov.cn/guizhou/,http://www.csrc.gov.cn/guizhou/,unconfigured,,,unresolved,retry,source_network_failure,,,runtime_unverified,,0,2026-09-09T18:07:30.882873+00:00,unverified,unverified,尚未核实正文取得及再利用范围；不能以登记网址视为正文已完成。,此前网络读取失败，尚未判明入口是否长期不可用。,先核对所列候选入口，再完成可恢复分页、中文样文和同生产环境验证。,,,非站点根路径_需确认栏目适用性,unverified/unverified/unverified
target_700041378dac67e81e494878261cfb756d16eceb86560802e7e4c91698fef1b2,target_700041378dac67e8,S02-R016,obs_540e991584c9b7db484fbdca83,CN,CN,中国,黑龙江省,黑龙江省,黑龙江省,中国证券监督管理委员会--黑龙江监管局,中国中央机构省区分支,综合或未明确,B2_政府配套政策,http://www.csrc.gov.cn/heilongjiang/index.shtml,http://www.csrc.gov.cn/heilongjiang/index.shtml,http://www.csrc.gov.cn/heilongjiang/index.shtml,unconfigured,,,unresolved,retry,source_network_failure,,,runtime_unverified,,0,2026-09-09T18:07:30.882873+00:00,unverified,unverified,尚未核实正文取得及再利用范围；不能以登记网址视为正文已完成。,此前网络读取失败，尚未判明入口是否长期不可用。,先核对所列候选入口，再完成可恢复分页、中文样文和同生产环境验证。,,,非站点根路径_需确认栏目适用性,unverified/unverified/unverified
target_a23eb70be2c406c872996dc1192a8d4024007407876cb97f167c4aea87f90117,target_a23eb70be2c406c8,S06-R016,obs_472cd514efd5590f4ffa50729d,CN,CN,中国,河南省,河南省,河南省,中国证券监督管理委员会--河南监管局,中国中央机构省区分支,综合或未明确,B2_政府配套政策,http://www.csrc.gov.cn/henan/index.shtml,http://www.csrc.gov.cn/henan/index.shtml,http://www.csrc.gov.cn/henan/index.shtml,unconfigured,,,unresolved,retry,source_network_failure,,,runtime_unverified,,0,2026-09-09T18:07:30.882873+00:00,unverified,unverified,尚未核实正文取得及再利用范围；不能以登记网址视为正文已完成。,此前网络读取失败，尚未判明入口是否长期不可用。,先核对所列候选入口，再完成可恢复分页、中文样文和同生产环境验证。,,,非站点根路径_需确认栏目适用性,unverified/unverified/unverified
target_ec387614174f660d15fdc3fefa6932658990fc7c7fa0397f28e0c046fcb8f3e6,target_ec387614174f660d,S09-R016,obs_5d4d170871dce21c7da987b4df,CN,CN,中国,湖南省,湖南省,湖南省,中国证券监督管理委员会--湖南监管局,中国中央机构省区分支,综合或未明确,B2_政府配套政策,http://www.csrc.gov.cn/hunan/index.shtml,http://www.csrc.gov.cn/hunan/index.shtml,http://www.csrc.gov.cn/hunan/index.shtml,unconfigured,,,unresolved,retry,source_network_failure,,,runtime_unverified,,0,2026-09-09T18:07:30.882873+00:00,unverified,unverified,尚未核实正文取得及再利用范围；不能以登记网址视为正文已完成。,此前网络读取失败，尚未判明入口是否长期不可用。,先核对所列候选入口，再完成可恢复分页、中文样文和同生产环境验证。,,,非站点根路径_需确认栏目适用性,unverified/unverified/unverified
target_35cc6ba1bb9548c2314158672042fcdccb12035aff53689efa1395bc37f54b00,target_35cc6ba1bb9548c2,S03-R016,obs_762b338ed2462ad35c2cc18b51,CN,CN,中国,吉林省,吉林省,吉林省,中国证券监督管理委员会--吉林监管局,中国中央机构省区分支,综合或未明确,B2_政府配套政策,http://www.csrc.gov.cn/jilin/,http://www.csrc.gov.cn/jilin/,http://www.csrc.gov.cn/jilin/,unconfigured,,,unresolved,retry,source_network_failure,,,runtime_unverified,,0,2026-09-09T18:07:30.882873+00:00,unverified,unverified,尚未核实正文取得及再利用范围；不能以登记网址视为正文已完成。,此前网络读取失败，尚未判明入口是否长期不可用。,先核对所列候选入口，再完成可恢复分页、中文样文和同生产环境验证。,,,非站点根路径_需确认栏目适用性,unverified/unverified/unverified
target_8bb2c47b8a80d8531db043f35d53cfe01483e113305d613c3d3d61a79faf1f71,target_8bb2c47b8a80d853,S04-R016,obs_8e2837c897e929b81477229557,CN,CN,中国,内蒙古,内蒙古,内蒙古,中国证券监督管理委员会--内蒙古监管局,中国中央机构省区分支,综合或未明确,B2_政府配套政策,http://www.csrc.gov.cn/neimenggu/index.shtml,http://www.csrc.gov.cn/neimenggu/index.shtml,http://www.csrc.gov.cn/neimenggu/index.shtml,unconfigured,,,unresolved,retry,source_network_failure,,,runtime_unverified,,0,2026-09-09T18:07:30.882873+00:00,unverified,unverified,尚未核实正文取得及再利用范围；不能以登记网址视为正文已完成。,此前网络读取失败，尚未判明入口是否长期不可用。,先核对所列候选入口，再完成可恢复分页、中文样文和同生产环境验证。,,,非站点根路径_需确认栏目适用性,unverified/unverified/unverified
target_06fc2fdd79c07b6285f3a7b140bdf1d07ec6f4ae2f29d5940a08e5010ebcad16,target_06fc2fdd79c07b62,S12-R016,obs_879b821024498304eedaefac72,CN,CN,中国,青海省,青海省,青海省,中国证券监督管理委员会--青海监管局,中国中央机构省区分支,综合或未明确,B2_政府配套政策,http://www.csrc.gov.cn/qinghai/index.shtml,http://www.csrc.gov.cn/qinghai/index.shtml,http://www.csrc.gov.cn/qinghai/index.shtml,unconfigured,,,unresolved,retry,source_network_failure,,,runtime_unverified,,0,2026-09-09T18:07:30.882873+00:00,unverified,unverified,尚未核实正文取得及再利用范围；不能以登记网址视为正文已完成。,此前网络读取失败，尚未判明入口是否长期不可用。,先核对所列候选入口，再完成可恢复分页、中文样文和同生产环境验证。,,,非站点根路径_需确认栏目适用性,unverified/unverified/unverified
target_8c2c7b57d4f2cf69d52a81d0f73398df6d19ae5a6c10ba2a7bff5fb41d989f2c,target_8c2c7b57d4f2cf69,S05-R016,obs_a48ce2e3d32fd736755f57dd38,CN,CN,中国,山西省,山西省,山西省,中国证券监督管理委员会--山西监管局,中国中央机构省区分支,综合或未明确,B2_政府配套政策,http://www.csrc.gov.cn/shanxi/index.shtml,http://www.csrc.gov.cn/shanxi/index.shtml,http://www.csrc.gov.cn/shanxi/index.shtml,unconfigured,,,unresolved,retry,source_network_failure,,,runtime_unverified,,0,2026-09-09T18:07:30.882873+00:00,unverified,unverified,尚未核实正文取得及再利用范围；不能以登记网址视为正文已完成。,此前网络读取失败，尚未判明入口是否长期不可用。,先核对所列候选入口，再完成可恢复分页、中文样文和同生产环境验证。,,,非站点根路径_需确认栏目适用性,unverified/unverified/unverified
target_17daad3c3c293118960ec10a5156ae4aa306f942b2107b563a0513356e710205,target_17daad3c3c293118,S14-R014,obs_ed57c51cd278dc3fa378d7188d,CN,CN,中国,西藏,西藏,西藏,中国证券监督管理委员会--西藏监管局,中国中央机构省区分支,综合或未明确,B2_政府配套政策,http://www.csrc.gov.cn/tibet/index.shtml,http://www.csrc.gov.cn/tibet/index.shtml,http://www.csrc.gov.cn/tibet/index.shtml,unconfigured,,,unresolved,retry,source_network_failure,,,runtime_unverified,,0,2026-09-09T18:07:30.882873+00:00,unverified,unverified,尚未核实正文取得及再利用范围；不能以登记网址视为正文已完成。,此前网络读取失败，尚未判明入口是否长期不可用。,先核对所列候选入口，再完成可恢复分页、中文样文和同生产环境验证。,,,非站点根路径_需确认栏目适用性,unverified/unverified/unverified
target_b960e1ca0c67314ac006ab3c74b88de6835fb0848cc1ba10e9a188368cd683ce,target_b960e1ca0c67314a,S13-R016,obs_17899f59c9659628b2d1ca3277,CN,CN,中国,新疆,新疆,新疆,中国证券监督管理委员会--新疆监管局,中国中央机构省区分支,综合或未明确,B2_政府配套政策,http://www.csrc.gov.cn/xinjiang/,http://www.csrc.gov.cn/xinjiang/,http://www.csrc.gov.cn/xinjiang/,unconfigured,,,unresolved,retry,source_network_failure,,,runtime_unverified,,0,2026-09-09T18:07:30.882873+00:00,unverified,unverified,尚未核实正文取得及再利用范围；不能以登记网址视为正文已完成。,此前网络读取失败，尚未判明入口是否长期不可用。,先核对所列候选入口，再完成可恢复分页、中文样文和同生产环境验证。,,,非站点根路径_需确认栏目适用性,unverified/unverified/unverified
target_e00f24fd5ee4e45cdd1054e4a2258e1ef3020e9137f156f991e4e39702b07fba,target_e00f24fd5ee4e45c,S15-R016,obs_4fe753226194d35a235ebab0b1,CN,CN,中国,云南省,云南省,云南省,中国证券监督管理委员会--云南监管局,中国中央机构省区分支,综合或未明确,B2_政府配套政策,http://www.csrc.gov.cn/yunnan/index.shtml,http://www.csrc.gov.cn/yunnan/index.shtml,http://www.csrc.gov.cn/yunnan/index.shtml,unconfigured,,,unresolved,retry,source_network_failure,,,runtime_unverified,,0,2026-09-09T18:07:30.882873+00:00,unverified,unverified,尚未核实正文取得及再利用范围；不能以登记网址视为正文已完成。,此前网络读取失败，尚未判明入口是否长期不可用。,先核对所列候选入口，再完成可恢复分页、中文样文和同生产环境验证。,,,非站点根路径_需确认栏目适用性,unverified/unverified/unverified
target_0b0f17789f85bc907ab96ded791ec5f40175707269062d5f4dbaeb911ddbdd58,target_0b0f17789f85bc90,S16-R026,obs_2d7b233b0fcfdeed1b36c21774,SR,SR,苏里南,,境外,苏里南,苏里南自然资源部,海外政府部门或监管机构候选,矿业与资源,B1_矿业能源法律核心,www.gov.sr/ministerie-van-nh/,http://www.gov.sr/ministerie-van-nh/,http://www.gov.sr/ministerie-van-nh/,unconfigured,,https://gov.sr/ministeries/ministerie-van-natuurlijke-hulpbronnen/,unresolved,adapter_required,,,,runtime_unverified,,0,2026-09-08T07:45:38.045465+00:00,unverified,unverified,仅核到官方标题、带offset首发/修改、作者handle及截断og:description。摘要截断需受限处理，正文/图片/附件与外部模型范围均未批准。,从政府官方导航确认当前自然资源部页面原生200；真实小规模黄金开采登记稿刊发2026-07-16T17:23:57Z，修改为7月21日，属于历史样例。原无协议地址的HTTPS候选301到另一会议稿，客户端以redirect_host_changed停止；原规范HTTP未请求。,保留原无协议/HTTP规范URL和独立当前官方入口证据，限定真实部委栏目及分页；保留首发/修改区别与原作者，丢弃截断meta尾段。与Gov共享RSS时按一个发布方核验，不添加第二个独立供给计数。,,,原显示网址缺协议_协议补全来源见normalization_notes;非站点根路径_需确认栏目适用性,unverified/unverified/unverified
target_2c7af61b78e9713138dc54dce3f7d08b3284ca045d50eac782492c836fea9796,target_2c7af61b78e97131,S16-R058,obs_83936dfdee0aeb1b29200f353d,TJ,TJ,塔吉克斯坦,,境外,塔吉克斯坦,地矿总局,海外政府部门或监管机构候选,矿业与资源,B1_矿业能源法律核心,www.gst.tj,http://www.gst.tj/,http://www.gst.tj/,unconfigured,,,unresolved,access_failed,,,,runtime_unverified,,0,2026-09-08T12:19:05.786412+00:00,unverified,unverified,未取得可处理材料；不推断永久不可用或已获许可。,GST同域HTTPS候选的robots请求超时，没有取得HTTP响应或当前官网身份/文章。原网址无协议，规范HTTP未访问也未改写。,保留原目标，待可达性出现新依据时再做有界严格HTTPS复核；不循环重试、换协议或关闭证书验证。官网身份/栏目/日期/许可均待核。,,,原显示网址缺协议_协议补全来源见normalization_notes,unverified/unverified/unverified
target_a028b1e728baf347cb1d96f5f8c6c5dd1f3f591208ed967b3ca081090b96c9c4,target_a028b1e728baf347,S16-R044,obs_319e0326b79819d53ed1face73,CD,CD,刚果金,,境外,刚果金,官方公报 ,立法法规或官方公报候选,法律与规制；新闻与风险,B1_矿业能源法律核心,www.journalofficiel.cd,http://www.journalofficiel.cd/,http://www.journalofficiel.cd/,unconfigured,,,unresolved,retry,source_temporarily_unavailable,,,runtime_unverified,,0,2026-09-09T18:07:30.882873+00:00,unverified,unverified,尚未核实正文取得及再利用范围；不能以登记网址视为正文已完成。,此前来源临时不可用，需重新核实当前响应。,先核对所列候选入口，再完成可恢复分页、中文样文和同生产环境验证。,,,原显示网址缺协议_协议补全来源见normalization_notes,unverified/unverified/unverified
target_38877aa645cbe9d8cd87e966348366ef8f5a221f2b9358f2b83de3b7a9a65d00,target_38877aa645cbe9d8,S16-R045,obs_0404abda75ba285b9f6e65508f,CD,CD,刚果金,,境外,刚果金,潜力报 ,新闻媒体或通讯社,新闻与风险,C_媒体与行业动态,www.lepotentielonline.com,http://www.lepotentielonline.com/,http://www.lepotentielonline.com/,unconfigured,,https://lepotentiel.cd/feed/,unresolved,scope_review_required,,,,runtime_unverified,,0,2026-09-07T19:24:20.309460+00:00,unverified,unverified,配置为空；未请求RSS或文章，未建立publisher_summary准入。,原lepotentielonline域名DNS失败；经现站About/Contact/Terms核到同报社lepotentiel.cd，且发现RSS声明，但现站具体条款要求专业/商业再利用或分发先获许可。,先核对适用的有限事实处理依据或授权，再请求已声明feed；不要猜测域名迁移或将旧网址标为当前官网。,,,原显示网址缺协议_协议补全来源见normalization_notes,unverified/unverified/unverified
target_8146f3b281d89b552c3687a824b7fb00c35882dd2585bc034206e72e94d99d08,target_8146f3b281d89b55,S16-R030,obs_a014a833707c89569036501752,CO,CO,哥伦比亚,,境外,哥伦比亚,矿业与能源部,海外政府部门或监管机构候选,矿业与资源；能源,B1_矿业能源法律核心,www.minenergia.gov.co/,http://www.minenergia.gov.co/,http://www.minenergia.gov.co/,unconfigured,,,unresolved,access_failed,,,,runtime_unverified,,0,2026-09-07T23:51:28.085918+00:00,unverified,unverified,未取得可核文章材料，模型和公开处理范围均未核实。,minenergia矿业与能源部主机的HTTPS候选首页超时；与旧minminas的关系仍待核实，两个原表目标分别保留。,同主机HTTPS候选首页原生超时。保留与旧minminas域名的疑似同机构关系为待核实，未证明重定向或迁移。,,,原显示网址缺协议_协议补全来源见normalization_notes;哥伦比亚矿能部疑似同机构不同域名_待核实合并,unverified/unverified/unverified
target_c89e92c4622a827c301174818e84ca86d4b19248f1423af5afb6cca900f98bf6,target_c89e92c4622a827c,S16-R042,obs_0918a69b64dc08c63f9b8c614b,ZA,ZA,南非,,境外,南非,南非矿业委员会,行业协会,矿业与资源,C_媒体与行业动态,www.mineralscouncil.org.za,http://www.mineralscouncil.org.za/,http://www.mineralscouncil.org.za/,unconfigured,,https://www.mineralscouncil.org.za/industry-news/media-releases/2026,unresolved,adapter_required,,,,runtime_unverified,,0,2026-09-07T08:49:38.958279+00:00,unverified,unverified,链接可作核对入口；具体PDF/缓存/机器处理范围仍需核实。,南非矿业协会新闻列表200；原始PDF触发当前live客户端content_type_disallowed，列表没有短摘要。,核对PDF元信息/材料范围并实现受限适配后再预览；不将列表标题替代整体接入。,,,原显示网址缺协议_协议补全来源见normalization_notes,unverified/unverified/unverified
target_628c032071f4c897008b8796a5781ab28af6238a173b53852983778b0ecd034f,target_628c032071f4c897,S16-R029,obs_87c9850354105c190cff0a26c1,CO,CO,哥伦比亚,,境外,哥伦比亚,能源部,海外政府部门或监管机构候选,能源,B1_矿业能源法律核心,http://www.minminas.gov.co,http://www.minminas.gov.co/,http://www.minminas.gov.co/,unconfigured,,,unresolved,access_failed,,,,runtime_unverified,,0,2026-09-07T23:51:48.709112+00:00,unverified,unverified,未取得可核文章材料，模型和公开处理范围均未核实。,旧minminas能源部主机的HTTPS候选在DNS阶段失败；未取得HTTP响应，也没有官方迁移证据可证明应合并到minenergia。,同主机HTTPS候选在DNS解析阶段失败，0HTTP；保留原记录，不凭名称把旧能源部域名合并到minenergia。下一步需可信官方迁移证据。,,,哥伦比亚矿能部疑似同机构不同域名_待核实合并,unverified/unverified/unverified
target_a4450cae2f8e43f93953e5c519cd2d083ceeea87f8e3b2e87f75c074edd9d028,target_a4450cae2f8e43f9,S16-R038,obs_0256d51ef8f9d5e9334b41147d,GH,GH,加纳,,境外,加纳,土地与自然资源部,海外政府部门或监管机构候选,矿业与资源,B1_矿业能源法律核心,www.mlnr.gov.gh,http://www.mlnr.gov.gh/,http://www.mlnr.gov.gh/,unconfigured,,https://mlnr.gov.gh/,unresolved,scope_review_required,,,,runtime_unverified,,0,2026-09-07T20:57:14.081222+00:00,unverified,unverified,无配置、未作文章预览；没有建立中文公开/AI处理准入。,加纳土地与自然资源部当前mlnr.gov.gh可读；具体条款对复制、修改、分发等要求事先书面许可，核对在此停止。,先复核本产品有限事实导读的适用依据或授权，再做新闻原生预览。,,,原显示网址缺协议_协议补全来源见normalization_notes,unverified/unverified/unverified
target_39f4a23cbe2d426d7c67dfb3e08f95f5ac717b1587b10f6416c3952caa793487,target_39f4a23cbe2d426d,S16-R052,obs_e4045826330bfe7109c32b6ea3,ZM,ZM,赞比亚,,境外,赞比亚,土地与自然资源部,海外政府部门或监管机构候选,矿业与资源,B1_矿业能源法律核心,www.mlnr.gov.zm,http://www.mlnr.gov.zm/,http://www.mlnr.gov.zm/,unconfigured,,https://www.mlnr.gov.zm/robots.txt,unresolved,access_failed,,,,runtime_unverified,,0,2026-09-07T20:40:17.463272+00:00,unverified,unverified,所有文章/模型/公开处理范围未核实。,默认严格客户端TLS链校验失败（unable to get local issuer certificate），未取得HTTP响应。,保留严格失败证据；需进一步核实可信链/可用官方入口时再做有界诊断，本汇总不扩大修复。不能仅凭失败认定永久不可接入，也不关闭校验。,,,原显示网址缺协议_协议补全来源见normalization_notes,unverified/unverified/unverified
target_f86fd0ba9db4848ef39c676813e3f8a8cac6bbd95877bffc13ce3d1b8f42d0fc,target_f86fd0ba9db4848e,S16-R050,obs_8af6f22274cabea06c6e57ec46,ZM,ZM,赞比亚,,境外,赞比亚,矿业与矿产发展部,海外政府部门或监管机构候选,矿业与资源；财税与经济,B1_矿业能源法律核心,www.mmmd.gov.zm,http://www.mmmd.gov.zm/,http://www.mmmd.gov.zm/,unconfigured,,https://www.mmmd.gov.zm/robots.txt,unresolved,access_failed,,,,runtime_unverified,,0,2026-09-07T20:39:47.243658+00:00,unverified,unverified,所有文章/模型/公开处理范围未核实。,默认严格客户端TLS链校验失败（unable to get local issuer certificate），未取得HTTP响应。 MMMD补充取链只收到叶子证书，默认/已装certifi/本机信任离线验证仍失败。,保留严格失败证据；需进一步核实可信链/可用官方入口时再做有界诊断，本汇总不扩大修复。不能仅凭失败认定永久不可接入，也不关闭校验。,,,原显示网址缺协议_协议补全来源见normalization_notes,unverified/unverified/unverified
target_d335f178dbca03e1950b1cbefd95831770eab939583ad928f3ae1a319da47d44,target_d335f178dbca03e1,S16-R051,obs_b8c925711cc8efce60769a7fa5,ZM,ZM,赞比亚,,境外,赞比亚,能源部,海外政府部门或监管机构候选,能源,B1_矿业能源法律核心,www.moe.gov.zm/,http://www.moe.gov.zm/,http://www.moe.gov.zm/,unconfigured,,https://www.moe.gov.zm/robots.txt,unresolved,access_failed,,,,runtime_unverified,,0,2026-09-07T20:39:58.356461+00:00,unverified,unverified,所有文章/模型/公开处理范围未核实。,默认严格客户端TLS链校验失败（unable to get local issuer certificate），未取得HTTP响应。,保留严格失败证据；需进一步核实可信链/可用官方入口时再做有界诊断，本汇总不扩大修复。不能仅凭失败认定永久不可接入，也不关闭校验。,,,原显示网址缺协议_协议补全来源见normalization_notes,unverified/unverified/unverified
target_9e99a5574b51acd96962cafcd278fc68de5fdb2db600e23e9a27af60d2d69337,target_9e99a5574b51acd9,S16-R039,obs_1c3ad5a98c43d8512b9b6c1e36,GH,GH,加纳,,境外,加纳,新闻部,海外政府部门或监管机构候选,新闻与风险,B2_政府配套政策,www.moi.gov.gh,http://www.moi.gov.gh/,http://www.moi.gov.gh/,unconfigured,,https://www.moi.gov.gh/robots.txt,unresolved,access_failed,,,,runtime_unverified,,0,2026-09-07T20:57:14.081222+00:00,unverified,unverified,未核验,加纳新闻部robots入口原生超时；现站身份、robots、条款和文章入口均未核实。,待访问恢复后复核官方入口，再按真实发现的列表/接口进行预览。,,,原显示网址缺协议_协议补全来源见normalization_notes,unverified/unverified/unverified
target_da483329ba2667ebd7b8b1a26712a907286c84088ed7de71677d92f09ed9200e,target_da483329ba2667eb,S01-R008,obs_d58bd94545395886602340ccc6,CN,CN,中国,,部委,部委,水利部,中国中央政府部门,水资源,B2_政府配套政策,http://www.mwr.gov.cn/,http://www.mwr.gov.cn/,http://www.mwr.gov.cn/,unconfigured,,,unresolved,retry,source_network_failure,,,runtime_unverified,,0,2026-09-09T18:07:30.882873+00:00,unverified,unverified,尚未核实正文取得及再利用范围；不能以登记网址视为正文已完成。,此前网络读取失败，尚未判明入口是否长期不可用。,先核对所列候选入口，再完成可恢复分页、中文样文和同生产环境验证。,,,,unverified/unverified/unverified
target_4df12f3ddc79ed1d2ace77987be43c44466cd13f7ea5447b8ff88fd85ffba555,target_4df12f3ddc79ed1d,S16-R028,obs_7a1cfbf42a7d0d5b484cddbd59,CO,CO,哥伦比亚,,境外,哥伦比亚,总统府,政府综合门户或总统府,综合或未明确,B2_政府配套政策,http://www.presidencia.gov.co,http://www.presidencia.gov.co/,http://www.presidencia.gov.co/,unconfigured,,,unresolved,access_failed,,,,runtime_unverified,,0,2026-09-07T23:51:59.427176+00:00,unverified,unverified,未取得可核文章材料，模型和公开处理范围均未核实。,哥伦比亚总统府原HTTP主机的HTTPS候选主页请求超时，新闻入口、身份、日期和矿业样例均未原生核实。,原HTTP主机仅尝试同主机HTTPS候选首页；原生超时。没有验证新闻入口、许可或矿业样例，不降级HTTP。,,,,unverified/unverified/unverified
target_57b2aaa17521f08d2bf36278caf2b1868245518359dcee8b46165361be546321,target_57b2aaa17521f08d,S16-R047,obs_0b452f40a35125641a58a2e0dd,CD,CD,刚果金,,境外,刚果金,地质和矿业勘探信息网 ,地质矿业信息平台_运营主体未核实,矿业与资源,D_许可及主体专项核实,www.rdcmining.org,http://www.rdcmining.org/,http://www.rdcmining.org/,unconfigured,,,unresolved,retry,source_network_failure,,,runtime_unverified,,0,2026-09-09T18:07:30.882873+00:00,unverified,unverified,尚未核实正文取得及再利用范围；不能以登记网址视为正文已完成。,此前网络读取失败，尚未判明入口是否长期不可用。,先核对所列候选入口，再完成可恢复分页、中文样文和同生产环境验证。,,,原显示网址缺协议_协议补全来源见normalization_notes,unverified/unverified/unverified
target_aa5a7c2607ee2078556baaf0c1d03576d73483e4351117871d33e5e951456d7f,target_aa5a7c2607ee2078,S01-R013,obs_42e052733710d781477fe77551,CN,CN,中国,,部委,部委,国务院国有资产监督管理委员会,中国中央政府部门,综合或未明确,B2_政府配套政策,http://www.sasac.gov.cn/,http://www.sasac.gov.cn/,http://www.sasac.gov.cn/,unconfigured,,https://www.sasac.gov.cn/,unresolved,access_failed,,,,runtime_unverified,,0,2026-09-07T23:54:16.186232+00:00,unverified,unverified,未取得文章材料，未推断处理权限。,国务院国资委已发现同机构HTTPS候选入口，但严格原生robots请求超时；没有继续主页、文章或替代入口请求。,保留原HTTP行和单独的HTTPS候选证据；仅在可达性出现新依据时做一次有界复核，再核实栏目、日期和范围。,,,,unverified/unverified/unverified
target_eb9214ae8d8878a51e0d0f464858c6210587f38260d135889617f7b7c47111a6,target_eb9214ae8d8878a5,S16-R049,obs_42f6773d549cca5c0782ca1c35,ZM,ZM,赞比亚,,境外,赞比亚,总统府,政府综合门户或总统府,综合或未明确,B2_政府配套政策,www.statehouse.gov.zm,http://www.statehouse.gov.zm/,http://www.statehouse.gov.zm/,unconfigured,,https://www.statehouse.gov.zm/robots.txt,unresolved,access_failed,,,,runtime_unverified,,0,2026-09-07T20:40:33.078565+00:00,unverified,unverified,所有文章/模型/公开处理范围未核实。,总统府入口DNS解析失败，未取得HTTP响应。,待可验证的证书链或DNS条件恢复后，再做一次严格原生检查；保留原表目标。,,,原显示网址缺协议_协议补全来源见normalization_notes,unverified/unverified/unverified
target_74e8a82bbb580136fea02b3032918a8802b423be806b8214b1c8717391573949,target_74e8a82bbb580136,S14-R015,obs_cad65438c64d63a211a2e54a6e,CN,CN,中国,西藏,西藏,西藏,西藏林业和草原局,中国省区政府部门,土地与生态利用,B2_政府配套政策,http://www.xzly.gov.cn/,http://www.xzly.gov.cn/,http://www.xzly.gov.cn/,unconfigured,,,unresolved,retry,source_timeout,,,runtime_unverified,,0,2026-09-09T18:07:30.882873+00:00,unverified,unverified,尚未核实正文取得及再利用范围；不能以登记网址视为正文已完成。,此前读取超时，需要核对页面大小、动态加载和合适的访问频率。,先核对所列候选入口，再完成可恢复分页、中文样文和同生产环境验证。,,,,unverified/unverified/unverified
target_10953ed186d4d364a5ffeb02cc334ae05a3fd2cec242add1fdee799bab702b8b,target_10953ed186d4d364,S02-R012,obs_da6a35e67f496f557c91a5da79,CN,CN,中国,黑龙江省,黑龙江省,黑龙江省,黑龙江省应急管理厅,中国省区政府部门,安全与应急,B2_政府配套政策,http://yjgl.hlj.gov.cn/yjgl/index.shtml,http://yjgl.hlj.gov.cn/yjgl/index.shtml,http://yjgl.hlj.gov.cn/yjgl/index.shtml,unconfigured,,,unresolved,retry,source_network_failure,,,runtime_unverified,,0,2026-09-09T18:07:30.882873+00:00,unverified,unverified,尚未核实正文取得及再利用范围；不能以登记网址视为正文已完成。,此前网络读取失败，尚未判明入口是否长期不可用。,先核对所列候选入口，再完成可恢复分页、中文样文和同生产环境验证。,,,非站点根路径_需确认栏目适用性,unverified/unverified/unverified
target_c5089b52d8cc9e0e7e9bb817bf27221dfdf53c29fae5fcc47dc330853dd374a0,target_c5089b52d8cc9e0e,S03-R012,obs_7ca8f2d075b75f2047b189a01e,CN,CN,中国,吉林省,吉林省,吉林省,吉林省应急管理厅,中国省区政府部门,安全与应急,B2_政府配套政策,http://yjt.jl.gov.cn/,http://yjt.jl.gov.cn/,http://yjt.jl.gov.cn/,unconfigured,,,unresolved,retry,source_adapter_required,https://yjt.jl.gov.cn/zfxxgk/;https://yjt.jl.gov.cn/zfxxgk/gkzn/;https://yjt.jl.gov.cn/zfxxgk/gkzd/;https://yjt.jl.gov.cn/zfxxgk/fdzdgknr/;https://yjt.jl.gov.cn/zfxxgk/ndbg/,html;html;html;html;html,runtime_unverified,,0,2026-09-09T18:07:30.882873+00:00,unverified,unverified,尚未核实正文取得及再利用范围；不能以登记网址视为正文已完成。,入口能识别部分内容，但仍需适配文章身份、日期、正文或分页。,先核对所列候选入口，再完成可恢复分页、中文样文和同生产环境验证。,,,,unverified/unverified/unverified
target_f24e3650e86ebd09e550d61d2234f8adba2085810852f29b8331694426335fae,target_f24e3650e86ebd09,S12-R012,obs_06546a90064e3e0722aa492a68,CN,CN,中国,青海省,青海省,青海省,青海省应急管理厅,中国省区政府部门,安全与应急,B2_政府配套政策,http://yjt.qinghai.gov.cn/,http://yjt.qinghai.gov.cn/,http://yjt.qinghai.gov.cn/,unconfigured,,,unresolved,retry,source_timeout,,,runtime_unverified,,0,2026-09-09T18:07:30.882873+00:00,unverified,unverified,尚未核实正文取得及再利用范围；不能以登记网址视为正文已完成。,此前读取超时，需要核对页面大小、动态加载和合适的访问频率。,先核对所列候选入口，再完成可恢复分页、中文样文和同生产环境验证。,,,,unverified/unverified/unverified
target_95833800ee2348e5c78f95031e592f92f2578b32cc841c1c605bcbb1221cb443,target_95833800ee2348e5,S14-R011,obs_79af7cb60654d76e2fcf8004cc,CN,CN,中国,西藏,西藏,西藏,西藏应急管理厅,中国省区政府部门,安全与应急,B2_政府配套政策,http://yjt.xizang.gov.cn/p1/index.html,http://yjt.xizang.gov.cn/p1/index.html,http://yjt.xizang.gov.cn/p1/index.html,unconfigured,,,unresolved,retry,source_media_type_unsupported,,,runtime_unverified,,0,2026-09-09T18:07:30.882873+00:00,unverified,unverified,尚未核实正文取得及再利用范围；不能以登记网址视为正文已完成。,此前返回格式尚无适配，需区分HTML、接口或附件。,先核对所列候选入口，再完成可恢复分页、中文样文和同生产环境验证。,,,非站点根路径_需确认栏目适用性,unverified/unverified/unverified
target_effa167b8ff42e3b672b563063687c917f05a0d43960f1f9ebc50cf12f515b96,target_effa167b8ff42e3b,S15-R018,obs_7a2a6e2db1b8ee568ae3f51597,CN,CN,中国,云南省,云南省,云南省,国家矿山安全监察局--云南局,中国中央机构省区分支,矿业与资源；安全与应急,B1_矿业能源法律核心,http://yn.chinamine-safety.gov.cn/,http://yn.chinamine-safety.gov.cn/,http://yn.chinamine-safety.gov.cn/,unconfigured,,,unresolved,retry,source_timeout,,,runtime_unverified,,0,2026-09-09T18:07:30.882873+00:00,unverified,unverified,尚未核实正文取得及再利用范围；不能以登记网址视为正文已完成。,此前读取超时，需要核对页面大小、动态加载和合适的访问频率。,先核对所列候选入口，再完成可恢复分页、中文样文和同生产环境验证。,,,,unverified/unverified/unverified
target_2dbef1f0e4f8ac2a90ca8950734e30d5e4c116f22444aa2df154ed65d074024e,target_2dbef1f0e4f8ac2a,S15-R011,obs_3ed5c1dc59629aae9885eff060,CN,CN,中国,云南省,云南省,云南省,云南省卫生健康委员会,中国省区政府部门,综合或未明确,B2_政府配套政策,http://ynswsjkw.yn.gov.cn/,http://ynswsjkw.yn.gov.cn/,http://ynswsjkw.yn.gov.cn/,unconfigured,,,unresolved,retry,source_network_failure,,,runtime_unverified,,0,2026-09-09T18:07:30.882873+00:00,unverified,unverified,尚未核实正文取得及再利用范围；不能以登记网址视为正文已完成。,此前网络读取失败，尚未判明入口是否长期不可用。,先核对所列候选入口，再完成可恢复分页、中文样文和同生产环境验证。,,,,unverified/unverified/unverified
target_5888fcb52a52874eb80a8957dae1415893cd0f455d5eac08a12ada17c9d5695c,target_5888fcb52a52874e,S12-R006,obs_dc82085a5133ffca4c3b6cb363,CN,CN,中国,青海省,青海省,青海省,青海省住房和城乡建设厅,中国省区政府部门,基础设施与产业,B2_政府配套政策,http://zjt.qinghai.gov.cn/banshi.html,http://zjt.qinghai.gov.cn/banshi.html,http://zjt.qinghai.gov.cn/banshi.html,unconfigured,,,unresolved,retry,source_temporarily_unavailable,,,runtime_unverified,,0,2026-09-09T18:07:30.882873+00:00,unverified,unverified,尚未核实正文取得及再利用范围；不能以登记网址视为正文已完成。,此前来源临时不可用，需重新核实当前响应。,先核对所列候选入口，再完成可恢复分页、中文样文和同生产环境验证。,,,非站点根路径_需确认栏目适用性,unverified/unverified/unverified
target_359ed3ff2b8f961361de8bad89eef24588834a87f1dd6adaa7ed5933eb9e0f02,target_359ed3ff2b8f9613,S14-R005,obs_30973085bfa1c43d6ccc90ca57,CN,CN,中国,西藏,西藏,西藏,西藏住房和城乡建设厅,中国省区政府部门,基础设施与产业,B2_政府配套政策,http://zjt.xizang.gov.cn/,http://zjt.xizang.gov.cn/,http://zjt.xizang.gov.cn/,unconfigured,,,unresolved,retry,source_adapter_required,https://zjt.xizang.gov.cn/xwzx/tzgg/;https://zjt.xizang.gov.cn/xwzx/gzdt/;https://zjt.xizang.gov.cn/xwzx/tzgg/202609/t20260909_557670.html;https://zjt.xizang.gov.cn/xwzx/tzgg/202609/t20260909_557668.html;https://zjt.xizang.gov.cn/xwzx/tzgg/202407/t20240718_426281.html,html;html;html;html;html,runtime_unverified,,0,2026-09-09T18:07:30.882873+00:00,unverified,unverified,尚未核实正文取得及再利用范围；不能以登记网址视为正文已完成。,入口能识别部分内容，但仍需适配文章身份、日期、正文或分页。,先核对所列候选入口，再完成可恢复分页、中文样文和同生产环境验证。,,,,unverified/unverified/unverified
target_44cbdabf6cb70801f67677c07082cab2c93d4d493531a704eb84a38de55fe82b,target_44cbdabf6cb70801,S03-R002,obs_28c8c3bef669eaa87d18965f0c,CN,CN,中国,吉林省,吉林省,吉林省,吉林省自然资源厅,中国省区政府部门,矿业与资源,B1_矿业能源法律核心,http://zrzy.jl.gov.cn/,http://zrzy.jl.gov.cn/,http://zrzy.jl.gov.cn/,configured,src_a7059d8c126fc70c90ec58cc,https://zrzy.jl.gov.cn/zwgk/kczygl/kyqcrzr/kyqcrgg/,html,retry,source_adapter_required,https://zrzy.jl.gov.cn/xwzx/;https://zrzy.jl.gov.cn/zwgk/;https://zrzy.jl.gov.cn/zwgk/tzgg/;https://zrzy.jl.gov.cn/zwgk/tzgg/202608/t20260831_9693332.html;https://zrzy.jl.gov.cn/xwzx/gtdt/,html;html;html;html;html,runtime_unverified,draft,0,2026-09-13T14:42:09.294620Z,unverified,unverified,逐文核实本机关正式行政文书内文；另限原文明确省厅委托、吉公交矿探挂字文号和吉林省公共资源交易中心（吉林省政府采购中心）独立落款一致的探矿权挂牌出让公告。依著作权法第五条处理，保留原发文机关名称；不含其他交易机构、图片、附件或第三方原创作品。,真实来源解析预览尚未通过；需要排查实际获取或适配原因。,修复实际访问或解析问题，重做同版本来源预览与公开回读。,,,,unverified/unverified/unverified
target_13df38a7b30b7a13955033ccc8f08efcbd8bf522114803cb9bfe98b410582f9f,target_13df38a7b30b7a13,S14-R002,obs_e5711d0f91eaf910666b5ee019,CN,CN,中国,西藏,西藏,西藏,西藏自然资源厅,中国省区政府部门,矿业与资源,B1_矿业能源法律核心,http://zrzyt.xizang.gov.cn/,http://zrzyt.xizang.gov.cn/,http://zrzyt.xizang.gov.cn/,configured,src_c90319810a52a53cee07d38d,https://zrzyt.xizang.gov.cn/gk/gsgg/,html,discovered,source_identity_review_required,https://zrzyt.xizang.gov.cn/dt/tttj/202609/t20260908_557196.html;https://zrzyt.xizang.gov.cn/dt/bmkx/202604/t20260413_534451.html;https://zrzyt.xizang.gov.cn/gk/gsgg/202509/t20250923_501159.html;https://zrzyt.xizang.gov.cn/gk/gsgg/202609/t20260908_557195.html;https://zrzyt.xizang.gov.cn/gk/gsgg/202608/t20260818_554257.html,html;html;html;html;html,runtime_unverified,active,0,2026-09-13T14:42:09.294620Z,unverified,unverified,仅网页原题、来源及日期事实用于短导读，保留原文入口。该站明确禁止未经授权转载，不保存、翻译或公开本站来源正文，另寻该行政文件可用原始发布文本。,持续供稿、全部库存中文阅读和可提供全文的正文完成仍需验证。,验证真实新稿与历史库存的自动中文处理和公开，补齐允许范围内的正文。,,,,unverified/unverified/unverified
target_62f3267135df275f4466a39e36d6b04515383d381056dac73c6c9bf25eadaf47,target_62f3267135df275f,S09-R009,obs_dd51748d96c3c4f3e6f010227e,CN,CN,中国,湖南省,湖南省,湖南省,湖南省农业农村厅,中国省区政府部门,土地与生态利用,B2_政府配套政策,https://agri.hunan.gov.cn/,https://agri.hunan.gov.cn/,https://agri.hunan.gov.cn/,unconfigured,,,unresolved,retry,source_network_failure,,,runtime_unverified,,0,2026-09-09T18:07:30.882873+00:00,unverified,unverified,尚未核实正文取得及再利用范围；不能以登记网址视为正文已完成。,此前网络读取失败，尚未判明入口是否长期不可用。,先核对所列候选入口，再完成可恢复分页、中文样文和同生产环境验证。,,,,unverified/unverified/unverified
target_6ffac5a40f5ed8ec6a4a2d031cb8a09bcc7a35d3be1105be67a2b45725a0baba,target_6ffac5a40f5ed8ec,S07-R018,obs_0ac525a146df2521c363ef86d9,CN,CN,中国,安徽省,安徽省,安徽省,国家矿山安全监察局--安徽局,中国中央机构省区分支,矿业与资源；安全与应急,B1_矿业能源法律核心,https://ah.chinamine-safety.gov.cn/,https://ah.chinamine-safety.gov.cn/,https://ah.chinamine-safety.gov.cn/,unconfigured,,https://ah.chinamine-safety.gov.cn/,unresolved,access_failed,,,,runtime_unverified,,0,2026-09-08T18:01:43.843851+00:00,unverified,unverified,访问未通过，未核实文章身份、发布时间或处理范围；访问错误不等于版权许可结论。,安徽局原入口返回CT2-WAAP的HTTP412“请稍候…”验证页，已停止；不执行其脚本、不获取cookie或更换UA绕过。,保留原URL/目标及实际失败证据，待访问条件有新的可验证依据后再做独立有界核验；本次不重试。,,,,unverified/unverified/unverified
target_9d03254722de8ca4fa58d22d60045224e15bf21f86eb2ae31727e2c8e642267a,target_9d03254722de8ca4,S07-R014,obs_514dbf7fd17e700d7893fa6eca,CN,CN,中国,安徽省,安徽省,安徽省,安徽省市场监督管理局,中国省区政府部门,综合或未明确,B2_政府配套政策,https://amr.ah.gov.cn/,https://amr.ah.gov.cn/,https://amr.ah.gov.cn/,unconfigured,,,unresolved,retry,source_adapter_required,https://amr.ah.gov.cn/xwdt/index.html;https://amr.ah.gov.cn/xwdt/dszc/index.html;https://amr.ah.gov.cn/xwdt/gsgg/index.html;https://amr.ah.gov.cn/public/column/5248926?type=2;https://amr.ah.gov.cn/public/column/5248926?type=1&action=list,html;html;html;html;html,runtime_unverified,,0,2026-09-09T18:07:30.882873+00:00,unverified,unverified,尚未核实正文取得及再利用范围；不能以登记网址视为正文已完成。,入口能识别部分内容，但仍需适配文章身份、日期、正文或分页。,先核对所列候选入口，再完成可恢复分页、中文样文和同生产环境验证。,,,,unverified/unverified/unverified
target_3dbff1287575ca4ff0a11b849161c7f4d2e026a36f9c01a1c81de830d6f4bc97,target_3dbff1287575ca4f,S10-R014,obs_99a43b63722626502cff96eb96,CN,CN,中国,贵州省,贵州省,贵州省,贵州省市场监督管理局,中国省区政府部门,综合或未明确,B2_政府配套政策,https://amr.guizhou.gov.cn/,https://amr.guizhou.gov.cn/,https://amr.guizhou.gov.cn/,unconfigured,,,unresolved,retry,source_adapter_required,https://amr.guizhou.gov.cn/xwzx/;https://amr.guizhou.gov.cn/zwgk/;https://amr.guizhou.gov.cn/zxfw/index1.html;https://amr.guizhou.gov.cn/xwzx/zwyw/;https://amr.guizhou.gov.cn/xwzx/gzdt/,html;html;html;html;html,runtime_unverified,,0,2026-09-09T18:07:30.882873+00:00,unverified,unverified,尚未核实正文取得及再利用范围；不能以登记网址视为正文已完成。,入口能识别部分内容，但仍需适配文章身份、日期、正文或分页。,先核对所列候选入口，再完成可恢复分页、中文样文和同生产环境验证。,,,,unverified/unverified/unverified
target_650f4294df9ccb2758ea485f5155870bdafd0a06081508e55ddfa5ecfe10c5f9,target_650f4294df9ccb27,S04-R014,obs_b2f7901913fedcbb813919ac4f,CN,CN,中国,内蒙古,内蒙古,内蒙古,内蒙古市场监督管理局,中国省区政府部门,综合或未明确,B2_政府配套政策,https://amr.nmg.gov.cn/zw/tzgg/index.html,https://amr.nmg.gov.cn/zw/tzgg/index.html,https://amr.nmg.gov.cn/zw/tzgg/index.html,unconfigured,,,unresolved,retry,source_robots_unavailable,,,runtime_unverified,,0,2026-09-09T18:07:30.882873+00:00,unverified,unverified,尚未核实正文取得及再利用范围；不能以登记网址视为正文已完成。,此前未能完成robots检查，需要恢复检查后再安排采集。,先核对所列候选入口，再完成可恢复分页、中文样文和同生产环境验证。,,,非站点根路径_需确认栏目适用性,unverified/unverified/unverified
target_f8344c9b3345dcbc4791addab95375994cfbe02cd35a4c1bcae669fa9dd1d5a8,target_f8344c9b3345dcbc,S15-R014,obs_4b1475123fd20abd7cd6abd5d7,CN,CN,中国,云南省,云南省,云南省,云南省市场监督管理局,中国省区政府部门,综合或未明确,B2_政府配套政策,https://amr.yn.gov.cn/,https://amr.yn.gov.cn/,https://amr.yn.gov.cn/,unconfigured,,,unresolved,retry,source_timeout,,,runtime_unverified,,0,2026-09-09T18:07:30.882873+00:00,unverified,unverified,尚未核实正文取得及再利用范围；不能以登记网址视为正文已完成。,此前读取超时，需要核对页面大小、动态加载和合适的访问频率。,先核对所列候选入口，再完成可恢复分页、中文样文和同生产环境验证。,,,,unverified/unverified/unverified
target_3331aa0277fe119f1cb1bf7a8918f5db97268081a471da042000f03bba2893df,target_3331aa0277fe119f,S16-R004,obs_48fdf224c443ee5d3b0f709bdd,,,跨国/未限定,,境外,主流媒体,美联社官网,新闻媒体或通讯社,新闻与风险,C_媒体与行业动态,https://apnews.com/hub/africa,https://apnews.com/hub/africa,https://apnews.com/hub/africa,unconfigured,,,unresolved,blocked,source_access_denied,,,runtime_unverified,,0,2026-09-09T18:07:30.882873+00:00,unverified,unverified,尚未核实正文取得及再利用范围；不能以登记网址视为正文已完成。,此前访问被来源拒绝；需要核对允许的公开入口与访问方式。,先核对所列候选入口，再完成可恢复分页、中文样文和同生产环境验证。,,,非站点根路径_需确认栏目适用性,unverified/unverified/unverified
target_5686ef15858947214a205cb1ba1f7fbfda987c3c4cb6e5474219888dc40e2b7c,target_5686ef1585894721,S07-R010,obs_977574063a5b8707e275590097,CN,CN,中国,安徽省,安徽省,安徽省,安徽省商务厅,中国省区政府部门,财税与经济,B2_政府配套政策,https://commerce.ah.gov.cn/,https://commerce.ah.gov.cn/,https://commerce.ah.gov.cn/,unconfigured,,,unresolved,discovered,source_identity_review_required,https://commerce.ah.gov.cn/public/column/21711?type=2;https://commerce.ah.gov.cn/zwfw/index.html;https://commerce.ah.gov.cn/public/column/21711?type=4&catId=32712951&action=list;https://commerce.ah.gov.cn/public/column/21711?type=4&catId=28010341&action=list;https://commerce.ah.gov.cn/public/column/21711?type=4&catId=25091181&action=list,html;html;html;html;html,runtime_unverified,,0,2026-09-09T18:07:30.882873+00:00,unverified,unverified,尚未核实正文取得及再利用范围；不能以登记网址视为正文已完成。,已发现候选页面，但发布方或文章身份尚未核实。,先核对所列候选入口，再完成可恢复分页、中文样文和同生产环境验证。,,,,unverified/unverified/unverified
target_a7bcb1aa90f8c8f374e934ae41347f1d95f28b45a1852021560e6f20a3e8f920,target_a7bcb1aa90f8c8f3,S07-R003,obs_b62de895f34f16cd7f87f73445,CN,CN,中国,安徽省,安徽省,安徽省,安徽省财政厅,中国省区政府部门,财税与经济,B2_政府配套政策,https://czt.ah.gov.cn/,https://czt.ah.gov.cn/,https://czt.ah.gov.cn/,unconfigured,,,unresolved,discovered,source_identity_review_required,https://czt.ah.gov.cn/public/column/7041?type=2;https://czt.ah.gov.cn/public/column/7041?type=4&catId=6714181&action=list;https://czt.ah.gov.cn/public/column/7041?type=4&catId=49938171&action=list;https://czt.ah.gov.cn/public/7041/150632901.html;https://czt.ah.gov.cn/public/7041/150632931.html,html;html;html;html;html,runtime_unverified,,0,2026-09-09T18:07:30.882873+00:00,unverified,unverified,尚未核实正文取得及再利用范围；不能以登记网址视为正文已完成。,已发现候选页面，但发布方或文章身份尚未核实。,先核对所列候选入口，再完成可恢复分页、中文样文和同生产环境验证。,,,,unverified/unverified/unverified
target_1f7abb7bb11fd054457665534fb8f6fa22b3f07576da2e2bc908f6c0faabacc6,target_1f7abb7bb11fd054,S08-R003,obs_0a716a35719a4d70502aaa515c,CN,CN,中国,福建省,福建省,福建省,福建省财政厅,中国省区政府部门,财税与经济,B2_政府配套政策,https://czt.fujian.gov.cn/jggk/,https://czt.fujian.gov.cn/jggk/,https://czt.fujian.gov.cn/jggk/,unconfigured,,,unresolved,retry,source_adapter_required,https://czt.fujian.gov.cn/zwgk/;https://czt.fujian.gov.cn/zwgk/zfxxgk/;https://czt.fujian.gov.cn/zwgk/zcfg/;https://czt.fujian.gov.cn/zwgk/tzgg/;https://czt.fujian.gov.cn/jdhy/zcjd/,html;html;html;html;html,runtime_unverified,,0,2026-09-09T18:07:30.882873+00:00,unverified,unverified,尚未核实正文取得及再利用范围；不能以登记网址视为正文已完成。,入口能识别部分内容，但仍需适配文章身份、日期、正文或分页。,先核对所列候选入口，再完成可恢复分页、中文样文和同生产环境验证。,,,非站点根路径_需确认栏目适用性,unverified/unverified/unverified
target_e168a2db7231b43aeb398a244ec519d693b6ce6b863be0d7c6ecdb0d003dc2a5,target_e168a2db7231b43a,S11-R003,obs_755bdab4b498632ba255e0a68b,CN,CN,中国,甘肃省,甘肃省,甘肃省,甘肃省财政厅,中国省区政府部门,财税与经济,B2_政府配套政策,https://czt.gansu.gov.cn/czt/c107470/gansukuaijiwang.shtml,https://czt.gansu.gov.cn/czt/c107470/gansukuaijiwang.shtml,https://czt.gansu.gov.cn/czt/c107470/gansukuaijiwang.shtml,unconfigured,,,unresolved,retry,source_temporarily_unavailable,,,runtime_unverified,,0,2026-09-09T18:07:30.882873+00:00,unverified,unverified,尚未核实正文取得及再利用范围；不能以登记网址视为正文已完成。,此前来源临时不可用，需重新核实当前响应。,先核对所列候选入口，再完成可恢复分页、中文样文和同生产环境验证。,,,非站点根路径_需确认栏目适用性,unverified/unverified/unverified
target_81ea4b17923ac7bb2d042cef06fed3cf201a4257262ace511c754ca0979582f0,target_81ea4b17923ac7bb,S10-R003,obs_d0f0c1512fa06931bec0678abd,CN,CN,中国,贵州省,贵州省,贵州省,贵州省财政厅,中国省区政府部门,财税与经济,B2_政府配套政策,https://czt.guizhou.gov.cn/,https://czt.guizhou.gov.cn/,https://czt.guizhou.gov.cn/,unconfigured,,,unresolved,retry,source_response_too_large,https://czt.guizhou.gov.cn/xwzx/;https://czt.guizhou.gov.cn/zwgk/;https://czt.guizhou.gov.cn/xwzx/tzgg/202609/t20260902_90813614.html;https://czt.guizhou.gov.cn/xwzx/tzgg/202608/t20260828_90796048.html;https://czt.guizhou.gov.cn/xwzx/tzgg/202608/t20260828_90795855.html,html;html;html;html;html,runtime_unverified,,0,2026-09-09T18:07:30.882873+00:00,unverified,unverified,尚未核实正文取得及再利用范围；不能以登记网址视为正文已完成。,此前页面超过有界读取限制，需要较小的栏目或分页入口。,先核对所列候选入口，再完成可恢复分页、中文样文和同生产环境验证。,,,,unverified/unverified/unverified
target_4a0fc0cd3b098211e53141140ed334d3bcdbc49364570e19149a47332d022bd7,target_4a0fc0cd3b098211,S06-R003,obs_b0bd998bee8dad7d9593b419c9,CN,CN,中国,河南省,河南省,河南省,河南省财政厅,中国省区政府部门,财税与经济,B2_政府配套政策,https://czt.henan.gov.cn/,https://czt.henan.gov.cn/,https://czt.henan.gov.cn/,unconfigured,,,unresolved,retry,source_adapter_required,https://czt.henan.gov.cn/xwdt/;https://czt.henan.gov.cn/xxgk/;https://czt.henan.gov.cn/xwdt/sxxw/;https://czt.henan.gov.cn/xwdt/tzgg/;https://czt.henan.gov.cn/xxgk/xxgkml/,html;html;html;html;html,runtime_unverified,,0,2026-09-09T18:07:30.882873+00:00,unverified,unverified,尚未核实正文取得及再利用范围；不能以登记网址视为正文已完成。,入口能识别部分内容，但仍需适配文章身份、日期、正文或分页。,先核对所列候选入口，再完成可恢复分页、中文样文和同生产环境验证。,,,,unverified/unverified/unverified
target_9948798df4ba35d18b9a21f0cce4f85f1798683354f46ddc7f27fc6ba97c3146,target_9948798df4ba35d1,S02-R003,obs_71dcb224378d7850f0ffa3efa7,CN,CN,中国,黑龙江省,黑龙江省,黑龙江省,黑龙江省财政厅,中国省区政府部门,财税与经济,B2_政府配套政策,https://czt.hlj.gov.cn/,https://czt.hlj.gov.cn/,https://czt.hlj.gov.cn/,unconfigured,,,unresolved,retry,source_network_failure,,,runtime_unverified,,0,2026-09-09T18:07:30.882873+00:00,unverified,unverified,尚未核实正文取得及再利用范围；不能以登记网址视为正文已完成。,此前网络读取失败，尚未判明入口是否长期不可用。,先核对所列候选入口，再完成可恢复分页、中文样文和同生产环境验证。,,,,unverified/unverified/unverified
target_3c1c0a5bf73167435f9db57ad0397759749e964be17d8d1f6c0ca52501dd4bfa,target_3c1c0a5bf7316743,S09-R003,obs_ef4874b5b028bb0c298ca39eeb,CN,CN,中国,湖南省,湖南省,湖南省,湖南省财政厅,中国省区政府部门,财税与经济,B2_政府配套政策,https://czt.hunan.gov.cn/,https://czt.hunan.gov.cn/,https://czt.hunan.gov.cn/,unconfigured,,,unresolved,retry,source_network_failure,,,runtime_unverified,,0,2026-09-09T18:07:30.882873+00:00,unverified,unverified,尚未核实正文取得及再利用范围；不能以登记网址视为正文已完成。,此前网络读取失败，尚未判明入口是否长期不可用。,先核对所列候选入口，再完成可恢复分页、中文样文和同生产环境验证。,,,,unverified/unverified/unverified
target_b0d2dd63ebabee872e40aafd15d6bb1ed6c6eac730a5613a948164b234c03408,target_b0d2dd63ebabee87,S04-R003,obs_344168658500249d9c578fbd21,CN,CN,中国,内蒙古,内蒙古,内蒙古,内蒙古财政厅,中国省区政府部门,财税与经济,B2_政府配套政策,https://czt.nmg.gov.cn/,https://czt.nmg.gov.cn/,https://czt.nmg.gov.cn/,unconfigured,,,unresolved,retry,source_adapter_required,https://czt.nmg.gov.cn/czdt/;https://czt.nmg.gov.cn/zwgk/;https://czt.nmg.gov.cn/zwfw/;https://czt.nmg.gov.cn/czdt/czxw/;https://czt.nmg.gov.cn/czdt/czxw/202609/t20260903_2948807.html,html;html;html;html;html,runtime_unverified,,0,2026-09-09T18:07:30.882873+00:00,unverified,unverified,尚未核实正文取得及再利用范围；不能以登记网址视为正文已完成。,入口能识别部分内容，但仍需适配文章身份、日期、正文或分页。,先核对所列候选入口，再完成可恢复分页、中文样文和同生产环境验证。,,,,unverified/unverified/unverified
target_93d9f18a83dd374d0c0655e01ffa3497c79efd34d072742cfe386bd072241cb3,target_93d9f18a83dd374d,S12-R003,obs_6adc0bc8e2c290a6982cdf1e8c,CN,CN,中国,青海省,青海省,青海省,青海省财政厅,中国省区政府部门,财税与经济,B2_政府配套政策,https://czt.qinghai.gov.cn/?from=123.xtmm.cn,https://czt.qinghai.gov.cn/?from=123.xtmm.cn,https://czt.qinghai.gov.cn/?from=123.xtmm.cn,unconfigured,,,unresolved,retry,source_robots_unavailable,,,runtime_unverified,,0,2026-09-09T18:07:30.882873+00:00,unverified,unverified,尚未核实正文取得及再利用范围；不能以登记网址视为正文已完成。,此前未能完成robots检查，需要恢复检查后再安排采集。,先核对所列候选入口，再完成可恢复分页、中文样文和同生产环境验证。,,,,unverified/unverified/unverified
target_5d152d61a69da31cddfc390ac6bf9d2e1b0a9c5beb9f471597c63f2694258d0d,target_5d152d61a69da31c,S05-R003,obs_1ee19957a8ff973de1f61c2173,CN,CN,中国,山西省,山西省,山西省,山西省财政厅,中国省区政府部门,财税与经济,B2_政府配套政策,https://czt.shanxi.gov.cn/,https://czt.shanxi.gov.cn/,https://czt.shanxi.gov.cn/,unconfigured,,,unresolved,retry,source_adapter_required,https://czt.shanxi.gov.cn/ywyq/;https://czt.shanxi.gov.cn/zfxxgk/zfxxgkzn/index_12048.shtml;https://czt.shanxi.gov.cn/ywyq/sxxw1130/;https://czt.shanxi.gov.cn/zwgk/tzgg_49454/;https://czt.shanxi.gov.cn/czdt/sxdt_49469/,html;html;html;html;html,runtime_unverified,,0,2026-09-09T18:07:30.882873+00:00,unverified,unverified,尚未核实正文取得及再利用范围；不能以登记网址视为正文已完成。,入口能识别部分内容，但仍需适配文章身份、日期、正文或分页。,先核对所列候选入口，再完成可恢复分页、中文样文和同生产环境验证。,,,,unverified/unverified/unverified
target_99f0c469f0f2cf64850319f0f34e2971225c212f9f9be49aaf45bc88cb0e8066,target_99f0c469f0f2cf64,S13-R003,obs_35b2e3f770cea94c41747f8ecf,CN,CN,中国,新疆,新疆,新疆,新疆财政厅,中国省区政府部门,财税与经济,B2_政府配套政策,https://czt.xinjiang.gov.cn/,https://czt.xinjiang.gov.cn/,https://czt.xinjiang.gov.cn/,unconfigured,,,unresolved,retry,source_adapter_required,https://czt.xinjiang.gov.cn/xjczt/c114966/xwzx.shtml;https://czt.xinjiang.gov.cn/xjczt/c114976/zwgk.shtml;https://czt.xinjiang.gov.cn/xjczt/c114977/zfxxgk_tt.shtml;https://czt.xinjiang.gov.cn/xjczt/c114978/zfxxgk_list.shtml;https://czt.xinjiang.gov.cn/xjczt/c114979/redirect_firstChannel.shtml,html;html;html;html;html,runtime_unverified,,0,2026-09-09T18:07:30.882873+00:00,unverified,unverified,尚未核实正文取得及再利用范围；不能以登记网址视为正文已完成。,入口能识别部分内容，但仍需适配文章身份、日期、正文或分页。,先核对所列候选入口，再完成可恢复分页、中文样文和同生产环境验证。,,,,unverified/unverified/unverified
target_078a49fd1e81f5a1682160c6bafd7b5b911abc719f4f74a3adebd9b513113d3b,target_078a49fd1e81f5a1,S15-R003,obs_0846c280be68957ca62d5ed425,CN,CN,中国,云南省,云南省,云南省,云南省财政厅,中国省区政府部门,财税与经济,B2_政府配套政策,https://czt.yn.gov.cn/index.html,https://czt.yn.gov.cn/index.html,https://czt.yn.gov.cn/index.html,unconfigured,,,unresolved,retry,source_robots_unavailable,,,runtime_unverified,,0,2026-09-09T18:07:30.882873+00:00,unverified,unverified,尚未核实正文取得及再利用范围；不能以登记网址视为正文已完成。,此前未能完成robots检查，需要恢复检查后再安排采集。,先核对所列候选入口，再完成可恢复分页、中文样文和同生产环境验证。,,,,unverified/unverified/unverified
target_78663eb079bf9abdb24457277de2a796de04e177574716054016d895c26fed2c,target_78663eb079bf9abd,S06-R002,obs_fa963933128a6aab3764778f0c,CN,CN,中国,河南省,河南省,河南省,河南省自然资源厅,中国省区政府部门,矿业与资源,B1_矿业能源法律核心,https://dnr.henan.gov.cn/,https://dnr.henan.gov.cn/,https://dnr.henan.gov.cn/,configured,src_a749e4aa2ed42c3017ec31ac,https://dnr.henan.gov.cn/dt/tzgg/,html,access_failed,,,,runtime_unverified,draft,0,2026-09-13T14:42:09.294620Z,unverified,unverified,仅公开标题、发布日期、原始署名及发布方短meta信息中的事实导读，注明来源和原文链接；不含原创正文、图片或附件的再利用许可,真实来源解析预览尚未通过；需要排查实际获取或适配原因。,修复实际访问或解析问题，重做同版本来源预览与公开回读。,,,,unverified/unverified/unverified
target_1547909a8d6f873942ab60be9f2f455104be9ddd862e33fc3f936b33148bae40,target_1547909a8d6f8739,S15-R002,obs_f66cfcb851026044f5f588903d,CN,CN,中国,云南省,云南省,云南省,云南省自然资源厅,中国省区政府部门,矿业与资源,B1_矿业能源法律核心,https://dnr.yn.gov.cn/,https://dnr.yn.gov.cn/,https://dnr.yn.gov.cn/,configured,src_e0b3ec341441ff7e4ce6f8cf,https://dnr.yn.gov.cn/html/xinwendongtai/shengtingdongtai/,html,native_acquisition_passed,,,,enabled,active,5,2026-09-13T14:42:09.294620Z,unverified,unverified,批准的有限事实导读：仅公开标题、原署名和完整短head元数据事实；不转载正文图片，不补截断或缺失摘要，不把转载当独立原创,持续供稿、全部库存中文阅读和可提供全文的正文完成仍需验证。,验证真实新稿与历史库存的自动中文处理和公开，补齐允许范围内的正文。,,,,unverified/unverified/unverified
target_e2280131524390bec28b9cf6a7dbdabab24d9128fea6ccae0e43902a642fd6b6,target_e2280131524390be,S16-R056,obs_6daaed7cdcf9ab3d7b7d55b8a4,KG,KG,吉尔吉斯斯坦,,境外,吉尔吉斯斯坦,商业环境政策办公室，执照和许可证网站,海外政府部门或监管机构候选,环境,B2_政府配套政策,https://elicense.gov.kg/license/id/1655,https://elicense.gov.kg/license/id/1655,https://elicense.gov.kg/license/id/1655,unconfigured,,https://elicense.gov.kg/license/id/1655,unresolved,access_failed,,,,runtime_unverified,,0,2026-09-07T21:53:54.188179+00:00,unverified,unverified,只保存已核实标题、日期、链接及限定短元数据；模型/公开处理范围未授予，正文图片不在范围内。,KG许可证原license/id/1655入口一次timeout；没有取得事项内容、发布日期或更新列表。,保留原目标和具体失败证据；在访问条件或底层原因有新证据时做有界复核，再发现真实公开入口，不循环重试。,,,具体文章或单项页面_需发现持续更新入口;非站点根路径_需确认栏目适用性,unverified/unverified/unverified
target_bb858bfaed31bc3167598df6f3ddd075c0314ff3fae2056ecc1a1ff9818425b4,target_bb858bfaed31bc31,S08-R018,obs_86570cac728b6d932c85d20b6b,CN,CN,中国,福建省,福建省,福建省,国家矿山安全监察局--福建局,中国中央机构省区分支,矿业与资源；安全与应急,B1_矿业能源法律核心,https://fj.chinamine-safety.gov.cn/index.html,https://fj.chinamine-safety.gov.cn/index.html,https://fj.chinamine-safety.gov.cn/index.html,unconfigured,,https://fj.chinamine-safety.gov.cn/g_a987eb9d3703438b9e40c29c4af7ead3.html,unresolved,adapter_required,,,,runtime_unverified,,0,2026-09-08T18:01:43.843822+00:00,unverified,unverified,当前保存列表标题、CMS原始日期、实际详情标题/发布日期/署名和有限文类依据，未提取保存完整正文/图片。最新通报署名为中共福建局党组，head ContentSource为空，不能虚构摘要或改署名。旧行政处罚表有决定书文号和脱敏人员，适合单独行政文书范围审查；通用copyright footer既不自动全禁也不提供全站全文许可。,通知公告栏目→实际引用分页脚本→config/两块JSON→最新详情链均严格原生200。config明确total=119、rows=100、max_page=2；100+19条ID/链接无重复。首条8/24党组巡视整改通报前置ArticleTitle=h1，正文落款8/21；第二条复用旧8/21行政处罚表（决定8/18）。已证可实现的静态JSON列表，尚未统一适配/接通。,增加窄FJ JSON-list profile：固定已声明栏目flag与GET config/data路径，区分UI每页20和后端每块100，保留chunk/offset/remaining_urls/seen/window。读取前置ArticleTitle/PubDate并匹配h1/列表，date-only；既有26条NE路径和quote实际LINKS须单独验证，不能一概从NEWS_ID拼数字URL。正式行政处罚表按逐文类审正文范围，其它通报/新闻/招聘/转载不继承全文许可。,,,,unverified/unverified/unverified
target_76c0328e51564d16af0732616ba52bf96b8e26bf2aafb08f2c4c0df32bbf7e69,target_76c0328e51564d16,S16-R040,obs_3a21e01ee38b0a76edc99dc816,GH,GH,加纳,,境外,加纳,加纳法律信息研究所（判决、法规、公报）,第三方法律信息服务,法律与规制；新闻与风险,D_许可及主体专项核实,https://ghalii.org/,https://ghalii.org/,https://ghalii.org/,unconfigured,,https://ghalii.org/robots.txt,unresolved,scope_restricted,,,,runtime_unverified,,0,2026-09-07T20:57:14.081222+00:00,unverified,unverified,明确观察到AI输入禁止；不等同于裁定所有网页信息的一切使用均被禁止。,GhaLII实际robots含ai-input=no；该明确限制位于已保存部分，未继续文章采集或模型准入。,保留目标与限制证据；仅在适用规则改变或取得另行依据后重新审查，当前不向模型发送材料。,,,,unverified/unverified/unverified
target_364e8d00bf081d14b4bddb66a553d91ddbd81a06154e2538d46e189819899842,target_364e8d00bf081d14,S16-R037,obs_d3a068b12a2f8ffbe4042cc2aa,GH,GH,加纳,,境外,加纳,加纳黄金委员会,海外政府部门或监管机构候选,综合或未明确,B2_政府配套政策,https://goldbod.gov.gh/ghana-gold-board-bill-2025-passed-into-law/,https://goldbod.gov.gh/ghana-gold-board-bill-2025-passed-into-law/,https://goldbod.gov.gh/ghana-gold-board-bill-2025-passed-into-law/,configured,src_148b2f11ad3708a5dad4bba3,https://goldbod.gov.gh/news,html,native_acquisition_passed,,,,enabled,active,15,2026-09-13T14:42:09.294620Z,unverified,unverified,仅公开标题和完整短head元数据事实的独立中文导读，注明GoldBod与原文链接；不含正文、图片或第三方转载许可，不补写截断摘要,持续供稿、全部库存中文阅读和可提供全文的正文完成仍需验证。,验证真实新稿与历史库存的自动中文处理和公开，补齐允许范围内的正文。,,,具体文章或单项页面_需发现持续更新入口;非站点根路径_需确认栏目适用性,unverified/unverified/unverified
target_7d34c68e102982f893254e135bbfd47dafcf1b314c885975dbeac4b0d34191b8,target_7d34c68e102982f8,S16-R065,obs_964389aed08fe546cb3a986be7,KZ,KZ,哈萨克斯坦,,境外,哈萨克斯坦,政府部门,政府综合门户或总统府,综合或未明确,B2_政府配套政策,https://government.kz,https://government.kz/,https://government.kz/,unconfigured,,,unresolved,blocked,source_redirect_review_required,,,runtime_unverified,,0,2026-09-09T18:07:30.882873+00:00,unverified,unverified,尚未核实正文取得及再利用范围；不能以登记网址视为正文已完成。,此前发生需要核对的跳转，不能把新地址自动认作同一发布方。,先核对所列候选入口，再完成可恢复分页、中文样文和同生产环境验证。,,,哈萨克斯坦政府门户疑似同发布方_待核实合并,unverified/unverified/unverified
target_069f132717bc2bc3eefc14de0c54e143ac95773640e855055c936ae329199324,target_069f132717bc2bc3,S11-R018,obs_5fa5212aef2bc9da468f917c5a,CN,CN,中国,甘肃省,甘肃省,甘肃省,国家矿山安全监察局--甘肃局,中国中央机构省区分支,矿业与资源；安全与应急,B1_矿业能源法律核心,https://gs.chinamine-safety.gov.cn/web/webIndex.shtml,https://gs.chinamine-safety.gov.cn/web/webIndex.shtml,https://gs.chinamine-safety.gov.cn/web/webIndex.shtml,unconfigured,,,unresolved,retry,source_adapter_required,https://gs.chinamine-safety.gov.cn/web/toChannel.shtml?channelid=3688712732269552&childerid=3688968856372054;https://gs.chinamine-safety.gov.cn/web/webXxgk.shtml?channelid=4102720995492989;https://gs.chinamine-safety.gov.cn/web/webXxgk.shtml?channelid=1241986570474978;https://gs.chinamine-safety.gov.cn/web/webXxgk.shtml?channelid=1242016602317333;https://gs.chinamine-safety.gov.cn/web/webXxgk.shtml?channelid=1242032263979291,html;html;html;html;html,runtime_unverified,,0,2026-09-09T18:07:30.882873+00:00,unverified,unverified,尚未核实正文取得及再利用范围；不能以登记网址视为正文已完成。,入口能识别部分内容，但仍需适配文章身份、日期、正文或分页。,先核对所列候选入口，再完成可恢复分页、中文样文和同生产环境验证。,,,非站点根路径_需确认栏目适用性,unverified/unverified/unverified
target_e44aac669ab0a3899990b1ec05434f7cd15f426142f0bd0c4b428c1ee1b592d5,target_e44aac669ab0a389,S10-R018,obs_1070a06bf2294a2963bfcd202a,CN,CN,中国,贵州省,贵州省,贵州省,国家矿山安全监察局--贵州局,中国中央机构省区分支,矿业与资源；安全与应急,B1_矿业能源法律核心,https://gz.chinamine-safety.gov.cn/index.html,https://gz.chinamine-safety.gov.cn/index.html,https://gz.chinamine-safety.gov.cn/index.html,unconfigured,,,unresolved,retry,source_robots_unavailable,,,runtime_unverified,,0,2026-09-09T18:07:30.882873+00:00,unverified,unverified,尚未核实正文取得及再利用范围；不能以登记网址视为正文已完成。,此前未能完成robots检查，需要恢复检查后再安排采集。,先核对所列候选入口，再完成可恢复分页、中文样文和同生产环境验证。,,,,unverified/unverified/unverified
target_f51cf4266a65f52c1e2b78c78704bbc24f209a7aabd60b01bfaca83da36dbaaf,target_f51cf4266a65f52c,S08-R013,obs_cead3bce55333c24e1c70f8749,CN,CN,中国,福建省,福建省,福建省,福建省国有资产监督管理委员会,中国省区政府部门,综合或未明确,B2_政府配套政策,https://gzw.fujian.gov.cn/zwgk/,https://gzw.fujian.gov.cn/zwgk/,https://gzw.fujian.gov.cn/zwgk/,unconfigured,,,unresolved,retry,source_adapter_required,https://gzw.fujian.gov.cn/zwgk/gzdt/;https://gzw.fujian.gov.cn/zwgk/tzgg/;https://gzw.fujian.gov.cn/zwgk/zcfg/;https://gzw.fujian.gov.cn/zwgk/xxgkzl/;https://gzw.fujian.gov.cn/zcjd/qtzcfgjd/,html;html;html;html;html,runtime_unverified,,0,2026-09-09T18:07:30.882873+00:00,unverified,unverified,尚未核实正文取得及再利用范围；不能以登记网址视为正文已完成。,入口能识别部分内容，但仍需适配文章身份、日期、正文或分页。,先核对所列候选入口，再完成可恢复分页、中文样文和同生产环境验证。,,,非站点根路径_需确认栏目适用性,unverified/unverified/unverified
target_87b7dbd3b0eb1753f379c1c7bbb8acfc2ed7ae6d9d63b258b64924dd9b4ed98b,target_87b7dbd3b0eb1753,S11-R013,obs_cbd8ac85a438e7282c65581ca0,CN,CN,中国,甘肃省,甘肃省,甘肃省,甘肃省国有资产监督管理委员会,中国省区政府部门,综合或未明确,B2_政府配套政策,https://gzw.gansu.gov.cn/,https://gzw.gansu.gov.cn/,https://gzw.gansu.gov.cn/,unconfigured,,,unresolved,retry,source_temporarily_unavailable,,,runtime_unverified,,0,2026-09-09T18:07:30.882873+00:00,unverified,unverified,尚未核实正文取得及再利用范围；不能以登记网址视为正文已完成。,此前来源临时不可用，需重新核实当前响应。,先核对所列候选入口，再完成可恢复分页、中文样文和同生产环境验证。,,,,unverified/unverified/unverified
target_d63748bb909f2da93bb82b2b2366ba147127400aad38a267af9c0b8f8fe454df,target_d63748bb909f2da9,S10-R013,obs_0f2c4b0ecb0c0ea453675b574a,CN,CN,中国,贵州省,贵州省,贵州省,贵州省国有资产监督管理委员会,中国省区政府部门,综合或未明确,B2_政府配套政策,https://gzw.guizhou.gov.cn/,https://gzw.guizhou.gov.cn/,https://gzw.guizhou.gov.cn/,unconfigured,,,unresolved,retry,source_adapter_required,https://gzw.guizhou.gov.cn/xwzx/;https://gzw.guizhou.gov.cn/zwgk/;https://gzw.guizhou.gov.cn/xwzx/tzgg/;https://gzw.guizhou.gov.cn/xwzx/gzdt/;https://gzw.guizhou.gov.cn/zwgk/xxgkml/zcwj/,html;html;html;html;html,runtime_unverified,,0,2026-09-09T18:07:30.882873+00:00,unverified,unverified,尚未核实正文取得及再利用范围；不能以登记网址视为正文已完成。,入口能识别部分内容，但仍需适配文章身份、日期、正文或分页。,先核对所列候选入口，再完成可恢复分页、中文样文和同生产环境验证。,,,,unverified/unverified/unverified
target_a90fac9530685d3238151d28d4e186aa1d4a2b7dcddf099a036da03759721942,target_a90fac9530685d32,S06-R013,obs_d8af948dc98ebf1946a3b3764f,CN,CN,中国,河南省,河南省,河南省,河南省国有资产监督管理委员会,中国省区政府部门,综合或未明确,B2_政府配套政策,https://gzw.henan.gov.cn/,https://gzw.henan.gov.cn/,https://gzw.henan.gov.cn/,unconfigured,,,unresolved,retry,source_adapter_required,https://gzw.henan.gov.cn/xxgk/;https://gzw.henan.gov.cn/ggfw/;https://gzw.henan.gov.cn/sy/tzgg/;https://gzw.henan.gov.cn/sy/zcjd/;https://gzw.henan.gov.cn/sy/xwfb/,html;html;html;html;html,runtime_unverified,,0,2026-09-09T18:07:30.882873+00:00,unverified,unverified,尚未核实正文取得及再利用范围；不能以登记网址视为正文已完成。,入口能识别部分内容，但仍需适配文章身份、日期、正文或分页。,先核对所列候选入口，再完成可恢复分页、中文样文和同生产环境验证。,,,,unverified/unverified/unverified
target_d9a7379ed9f8fae0b1d438fc178e4229b381274cef578ff9e76f57e724c38043,target_d9a7379ed9f8fae0,S02-R013,obs_4e06bc1bc25f3fe6191cfe5396,CN,CN,中国,黑龙江省,黑龙江省,黑龙江省,黑龙江省国有资产监督管理委员会,中国省区政府部门,综合或未明确,B2_政府配套政策,https://gzw.hlj.gov.cn/,https://gzw.hlj.gov.cn/,https://gzw.hlj.gov.cn/,unconfigured,,,unresolved,retry,source_adapter_required,https://gzw.hlj.gov.cn/gzw/c104192/xwdt.shtml;https://gzw.hlj.gov.cn/gzw/zwgk/zwgk.shtml;https://gzw.hlj.gov.cn/gzw/c104266/redirect_firstChannel.shtml;https://gzw.hlj.gov.cn/gzw/c104194/common_list.shtml;https://gzw.hlj.gov.cn/gzw/c104198/common_list.shtml,html;html;html;html;html,runtime_unverified,,0,2026-09-09T18:07:30.882873+00:00,unverified,unverified,尚未核实正文取得及再利用范围；不能以登记网址视为正文已完成。,入口能识别部分内容，但仍需适配文章身份、日期、正文或分页。,先核对所列候选入口，再完成可恢复分页、中文样文和同生产环境验证。,,,,unverified/unverified/unverified
target_fba61731de74273a49d1be068eec172d0e9fc8c432764f41b08100d36dab1123,target_fba61731de74273a,S04-R013,obs_2060948ab55ce70c642e6dd370,CN,CN,中国,内蒙古,内蒙古,内蒙古,内蒙古国有资产监督管理委员会,中国省区政府部门,综合或未明确,B2_政府配套政策,https://gzw.nmg.gov.cn/gbcslm/,https://gzw.nmg.gov.cn/gbcslm/,https://gzw.nmg.gov.cn/gbcslm/,unconfigured,,,unresolved,retry,source_network_failure,,,runtime_unverified,,0,2026-09-09T18:07:30.882873+00:00,unverified,unverified,尚未核实正文取得及再利用范围；不能以登记网址视为正文已完成。,此前网络读取失败，尚未判明入口是否长期不可用。,先核对所列候选入口，再完成可恢复分页、中文样文和同生产环境验证。,,,非站点根路径_需确认栏目适用性,unverified/unverified/unverified
target_800a3d30b606eed8784e021ef8d5d55c0c3c4cc9694ce8798c1b8dff6c883764,target_800a3d30b606eed8,S05-R013,obs_1fbd7baf580199a549d45c6e9f,CN,CN,中国,山西省,山西省,山西省,山西省国有资产监督管理委员会,中国省区政府部门,综合或未明确,B2_政府配套政策,https://gzw.shanxi.gov.cn/,https://gzw.shanxi.gov.cn/,https://gzw.shanxi.gov.cn/,unconfigured,,,unresolved,retry,source_adapter_required,https://gzw.shanxi.gov.cn/xxgk/;https://gzw.shanxi.gov.cn/xxgk/gkzn/;https://gzw.shanxi.gov.cn/xxgk/gkzd/;https://gzw.shanxi.gov.cn/xxgk/gknb/;https://gzw.shanxi.gov.cn/xxgk/fdzdgknr/,html;html;html;html;html,runtime_unverified,,0,2026-09-09T18:07:30.882873+00:00,unverified,unverified,尚未核实正文取得及再利用范围；不能以登记网址视为正文已完成。,入口能识别部分内容，但仍需适配文章身份、日期、正文或分页。,先核对所列候选入口，再完成可恢复分页、中文样文和同生产环境验证。,,,,unverified/unverified/unverified
target_1dc8faa66905bcb514021b7a15109abb73f7996862c0996d9b7d6968d836313d,target_1dc8faa66905bcb5,S13-R013,obs_260ae879b63b7d21d65eff12d2,CN,CN,中国,新疆,新疆,新疆,新疆国有资产监督管理委员会,中国省区政府部门,综合或未明确,B2_政府配套政策,https://gzw.xinjiang.gov.cn/,https://gzw.xinjiang.gov.cn/,https://gzw.xinjiang.gov.cn/,unconfigured,,,unresolved,retry,source_adapter_required,https://gzw.xinjiang.gov.cn/gzw/ywdt/xw.shtml;https://gzw.xinjiang.gov.cn/gzw/zwgk/list_gk.shtml;https://gzw.xinjiang.gov.cn/gzw/zwyw/list_tj.shtml;https://gzw.xinjiang.gov.cn/gzw/gzyw/list_tj.shtml;https://gzw.xinjiang.gov.cn/gzw/gsgg/list_tj.shtml,html;html;html;html;html,runtime_unverified,,0,2026-09-09T18:07:30.882873+00:00,unverified,unverified,尚未核实正文取得及再利用范围；不能以登记网址视为正文已完成。,入口能识别部分内容，但仍需适配文章身份、日期、正文或分页。,先核对所列候选入口，再完成可恢复分页、中文样文和同生产环境验证。,,,,unverified/unverified/unverified
target_02ef24135100b9407f12f939731e1cdaa8f0e988f54c5bd9ea6455b5ce5245d8,target_02ef24135100b940,S15-R013,obs_f6845fcca988dd641bf8bc3686,CN,CN,中国,云南省,云南省,云南省,云南省国有资产监督管理委员会,中国省区政府部门,综合或未明确,B2_政府配套政策,https://gzw.yn.gov.cn/index.htm,https://gzw.yn.gov.cn/index.htm,https://gzw.yn.gov.cn/index.htm,unconfigured,,,unresolved,retry,source_entry_missing,,,runtime_unverified,,0,2026-09-09T18:07:30.882873+00:00,unverified,unverified,尚未核实正文取得及再利用范围；不能以登记网址视为正文已完成。,此前入口不存在，需要寻找同一发布方现行栏目。,先核对所列候选入口，再完成可恢复分页、中文样文和同生产环境验证。,,,,unverified/unverified/unverified
target_48898b83a9d5511f94ddfea058061a898211e2726aa2ff948088870bd982d32a,target_48898b83a9d5511f,S02-R018,obs_75fb2c515d5fbf7a211e0f132a,CN,CN,中国,黑龙江省,黑龙江省,黑龙江省,国家矿山安全监察局--黑龙江局,中国中央机构省区分支,矿业与资源；安全与应急,B1_矿业能源法律核心,https://hlj.chinamine-safety.gov.cn/web/webIndex.shtml?channelid=homepa,https://hlj.chinamine-safety.gov.cn/web/webIndex.shtml?channelid=homepa,https://hlj.chinamine-safety.gov.cn/web/webIndex.shtml?channelid=homepa,unconfigured,,https://hlj.chinamine-safety.gov.cn/web/webIndex.shtml?channelid=homepa,unresolved,adapter_required,,,,runtime_unverified,,0,2026-09-08T18:01:11.734978+00:00,unverified,unverified,本次仅保存真实head标题、日期、原始署名/机构元信息与有限定位证据；没有抽取/保存全文或图片。新闻作品与正式行政文件范围分开，不能从.gov身份或通用版权footer推定全部许可/全部禁止。,黑龙江局原主页及两篇煤矿相关详情原生200；8/19煤矿汛期安全防线稿和7/29地质防治水讲座稿的ArticleTitle/PubDate与可见标题/发布时间一致。部分主页最新区仅javascript href，真实分页与全文范围未核。,可优先复用CN前置meta读取，另加精确infoid查询参数身份和本局CMS列表/分页获取；ContentSource为空就保留空，先限定标题/日期事实，完整正文须另核文类/来源与范围。,,,非站点根路径_需确认栏目适用性,unverified/unverified/unverified
target_e6f20aef1546217a379c6f14e1d5967f68aacc1c74ea88d718405ced2d3e574d,target_e6f20aef1546217a,S06-R018,obs_8843e2b40ff8a418ee5d4db4dd,CN,CN,中国,河南省,河南省,河南省,国家矿山安全监察局--河南局,中国中央机构省区分支,矿业与资源；安全与应急,B1_矿业能源法律核心,https://hn.chinamine-safety.gov.cn/sitesources/hnsafety/page_pc/index.html,https://hn.chinamine-safety.gov.cn/sitesources/hnsafety/page_pc/index.html,https://hn.chinamine-safety.gov.cn/sitesources/hnsafety/page_pc/index.html,unconfigured,,https://hn.chinamine-safety.gov.cn/sitesources/hnsafety/page_pc/index.html,unresolved,access_failed,,,,runtime_unverified,,0,2026-09-08T18:01:43.843801+00:00,unverified,unverified,访问未通过，未核实文章身份、发布时间或处理范围；访问错误不等于版权许可结论。,河南局原入口返回CT2-WAAP的HTTP412“请稍候…”验证页，已停止；不执行其脚本、不获取cookie或更换UA绕过。,保留原URL/目标及实际失败证据，待访问条件有新的可验证依据后再做独立有界核验；本次不重试。,,,非站点根路径_需确认栏目适用性,unverified/unverified/unverified
target_5a5a32c848ec4523d46ed98289f4174f82c8bc44e6cc509262c25032c169f686,target_5a5a32c848ec4523,S06-R006,obs_446bb1a1fcc1b8b819b8bfd946,CN,CN,中国,河南省,河南省,河南省,河南省住房和城乡建设厅,中国省区政府部门,基础设施与产业,B2_政府配套政策,https://hnjs.henan.gov.cn/,https://hnjs.henan.gov.cn/,https://hnjs.henan.gov.cn/,unconfigured,,,unresolved,retry,source_adapter_required,https://hnjs.henan.gov.cn/zwdt/;https://hnjs.henan.gov.cn/xxgk/;https://hnjs.henan.gov.cn/zwdt/sxdt/;https://hnjs.henan.gov.cn/gzfw/phgg/;https://hnjs.henan.gov.cn/xxgk/xxgkml/zcfg/gfxwj/,html;html;html;html;html,runtime_unverified,,0,2026-09-09T18:07:30.882873+00:00,unverified,unverified,尚未核实正文取得及再利用范围；不能以登记网址视为正文已完成。,入口能识别部分内容，但仍需适配文章身份、日期、正文或分页。,先核对所列候选入口，再完成可恢复分页、中文样文和同生产环境验证。,,,,unverified/unverified/unverified
target_5cd0fd93d3d77cca31fa16267255a9430ac7b7d10e7a12fc9b2ddd5686a5e1dd,target_5cd0fd93d3d77cca,S06-R010,obs_2dc32b92aae0205b44f263c9c7,CN,CN,中国,河南省,河南省,河南省,河南省商务厅,中国省区政府部门,财税与经济,B2_政府配套政策,https://hnsswt.henan.gov.cn/,https://hnsswt.henan.gov.cn/,https://hnsswt.henan.gov.cn/,unconfigured,,,unresolved,retry,source_adapter_required,https://hnsswt.henan.gov.cn/zwgk/;https://hnsswt.henan.gov.cn/zwgk/zfxxgk/xxgkzn/;https://hnsswt.henan.gov.cn/zwgk/zfxxgk/xxgknb/;https://hnsswt.henan.gov.cn/zwgk/zfxxgk/xxgkml/;https://hnsswt.henan.gov.cn/zwgk/swyw/,html;html;html;html;html,runtime_unverified,,0,2026-09-09T18:07:30.882873+00:00,unverified,unverified,尚未核实正文取得及再利用范围；不能以登记网址视为正文已完成。,入口能识别部分内容，但仍需适配文章身份、日期、正文或分页。,先核对所列候选入口，再完成可恢复分页、中文样文和同生产环境验证。,,,,unverified/unverified/unverified
target_42dab9e884e71b504e2347944a4fc3690d177ff267e1ac1e5dd312825d561f36,target_42dab9e884e71b50,S07-R005,obs_f22999da73c148576d3a7980c6,CN,CN,中国,安徽省,安徽省,安徽省,安徽省人力资源和社会保障厅,中国省区政府部门,劳动与社会保障,B2_政府配套政策,https://hrss.ah.gov.cn/,https://hrss.ah.gov.cn/,https://hrss.ah.gov.cn/,unconfigured,,,unresolved,retry,source_adapter_required,https://hrss.ah.gov.cn/site/tpl/6782054;https://hrss.ah.gov.cn/index.html;https://hrss.ah.gov.cn/jgzn/index.html;https://hrss.ah.gov.cn/zxzx/index.html;https://hrss.ah.gov.cn/public/column/6595721?type=4&action=list,html;html;html;html;html,runtime_unverified,,0,2026-09-09T18:07:30.882873+00:00,unverified,unverified,尚未核实正文取得及再利用范围；不能以登记网址视为正文已完成。,入口能识别部分内容，但仍需适配文章身份、日期、正文或分页。,先核对所列候选入口，再完成可恢复分页、中文样文和同生产环境验证。,,,,unverified/unverified/unverified
target_52597cea5710d1251319a832350ce2686a1cfa2748c9a26c599fc140a47df05c,target_52597cea5710d125,S06-R005,obs_315ad5b50b578d30da3c639421,CN,CN,中国,河南省,河南省,河南省,河南省人力资源和社会保障厅,中国省区政府部门,劳动与社会保障,B2_政府配套政策,https://hrss.henan.gov.cn/,https://hrss.henan.gov.cn/,https://hrss.henan.gov.cn/,unconfigured,,,unresolved,retry,source_adapter_required,https://hrss.henan.gov.cn/zwdt/zwyw/;https://hrss.henan.gov.cn/zwgk/zwdt/ywdt/;https://hrss.henan.gov.cn/zwgk/zwdt/sxdt/;https://hrss.henan.gov.cn/zwgk/zwdt/gsgg/;https://hrss.henan.gov.cn/2024/05-13/2990238.html,html;html;html;html;html,runtime_unverified,,0,2026-09-09T18:07:30.882873+00:00,unverified,unverified,尚未核实正文取得及再利用范围；不能以登记网址视为正文已完成。,入口能识别部分内容，但仍需适配文章身份、日期、正文或分页。,先核对所列候选入口，再完成可恢复分页、中文样文和同生产环境验证。,,,,unverified/unverified/unverified
target_3edfc435e7f889209efaa02695d7c30d2d392cf848982d4d60af838b1af8b489,target_3edfc435e7f88920,S02-R005,obs_4a0951704977b3bcfc8c84a138,CN,CN,中国,黑龙江省,黑龙江省,黑龙江省,黑龙江省人力资源和社会保障厅,中国省区政府部门,劳动与社会保障,B2_政府配套政策,https://hrss.hlj.gov.cn/,https://hrss.hlj.gov.cn/,https://hrss.hlj.gov.cn/,unconfigured,,,unresolved,blocked,source_redirect_review_required,https://hrss.hlj.gov.cn/reception/uc/user/login;https://hrss.hlj.gov.cn/hrss/index.shtml;https://hrss.hlj.gov.cn/hrss/c111757/redirect_firstChannel.shtml;https://hrss.hlj.gov.cn/hrss/c111734/xwdt.shtml;https://hrss.hlj.gov.cn/hrss/zwgk/zwgk.shtml,html;html;html;html;html,runtime_unverified,,0,2026-09-09T18:07:30.882873+00:00,unverified,unverified,尚未核实正文取得及再利用范围；不能以登记网址视为正文已完成。,此前发生需要核对的跳转，不能把新地址自动认作同一发布方。,先核对所列候选入口，再完成可恢复分页、中文样文和同生产环境验证。,,,,unverified/unverified/unverified
target_5abe3f6c5de4096fcb8be3b9ebfc4422874f6332e6ee189e6a25e832175ed9ac,target_5abe3f6c5de4096f,S15-R005,obs_457d71b3349c0ba6ed6695ec5e,CN,CN,中国,云南省,云南省,云南省,云南省人力资源和社会保障厅,中国省区政府部门,劳动与社会保障,B2_政府配套政策,https://hrss.yn.gov.cn/index.html,https://hrss.yn.gov.cn/index.html,https://hrss.yn.gov.cn/index.html,unconfigured,,,unresolved,retry,source_adapter_required,https://hrss.yn.gov.cn/NewsLsit.aspx?ClassID=362;https://hrss.yn.gov.cn/NewsLsit.aspx?ClassID=558;https://hrss.yn.gov.cn/NewsLsit.aspx?ClassID=458;https://hrss.yn.gov.cn/InfoPublic.aspx?cid=1130&pid=971;https://hrss.yn.gov.cn/ynrsksw/Index.html,html;html;html;html;html,runtime_unverified,,0,2026-09-09T18:07:30.882873+00:00,unverified,unverified,尚未核实正文取得及再利用范围；不能以登记网址视为正文已完成。,入口能识别部分内容，但仍需适配文章身份、日期、正文或分页。,先核对所列候选入口，再完成可恢复分页、中文样文和同生产环境验证。,,,,unverified/unverified/unverified
target_75bb8e63c55628b51af017448353273c6838a13130894fc1491c342b6c04db27,target_75bb8e63c55628b5,S09-R018,obs_0c0314cb4deae92e6b12ea4f8a,CN,CN,中国,湖南省,湖南省,湖南省,国家矿山安全监察局--湖南局,中国中央机构省区分支,矿业与资源；安全与应急,B1_矿业能源法律核心,https://hun.chinamine-safety.gov.cn/,https://hun.chinamine-safety.gov.cn/,https://hun.chinamine-safety.gov.cn/,unconfigured,,https://hun.chinamine-safety.gov.cn/,unresolved,access_failed,,,,runtime_unverified,,0,2026-09-08T18:01:43.843832+00:00,unverified,unverified,访问未通过，未核实文章身份、发布时间或处理范围；访问错误不等于版权许可结论。,湖南局原入口返回CT2-WAAP的HTTP412“请稍候…”验证页，已停止；不执行其脚本、不获取cookie或更换UA绕过。,保留原URL/目标及实际失败证据，待访问条件有新的可验证依据后再做独立有界核验；本次不重试。,,,,unverified/unverified/unverified
target_4aa0472c31738463313c61bdddf97f80d976312000bf31d77aa29cf569c94a58,target_4aa0472c31738463,S16-R009,obs_911d6472016e5d2f1074a17636,,,跨国/未限定,,境外,综合检索,ICSID官网,国际机构争端案例库,综合或未明确,B1_矿业能源法律核心,https://icsid.worldbank.org/cases,https://icsid.worldbank.org/cases,https://icsid.worldbank.org/cases,unconfigured,,,unresolved,retry,source_adapter_required,https://icsid.worldbank.org/news-and-events/news-releases;https://icsid.worldbank.org/news-and-events/speeches-articles;https://icsid.worldbank.org/news-and-events/events;https://icsid.worldbank.org/news-and-events/email-updates;https://icsid.worldbank.org/news,html;html;html;html;html,runtime_unverified,,0,2026-09-09T18:07:30.882873+00:00,unverified,unverified,尚未核实正文取得及再利用范围；不能以登记网址视为正文已完成。,入口能识别部分内容，但仍需适配文章身份、日期、正文或分页。,先核对所列候选入口，再完成可恢复分页、中文样文和同生产环境验证。,,,非站点根路径_需确认栏目适用性,unverified/unverified/unverified
target_aab854e30886773e17f9d682866b88f0bd3f483b5ee4a6ecdc2eb51bf7299b11,target_aab854e30886773e,S16-R035,obs_527290915ae6e3c10e129b47b1,GY,GY,圭亚那,,境外,圭亚那,爱圭亚那新闻,新闻媒体或通讯社,新闻与风险,C_媒体与行业动态,https://inewsguyana.com/,,https://inewsguyana.com/,unconfigured,,https://inewsguyana.com/category/business/feed/,unresolved,scope_review_required,,,,runtime_unverified,,0,2026-09-08T22:05:10.596162+00:00,unverified,unverified,仅保留RSS标题/链接/署名/发布时间、真实head短字段及有限身份上下文，未保存全文或图片。没有找到明确转载许可也没有自造全站禁止；原署名INEWS保留，不能根据author URL用户名发明真人作者或认定第三方原创。,官方展示的Business RSS原生200含10条及明确矿业稿；9/4铝土矿扩张报道详情canonical/og/h1一致，RSS UTC、article published_time及可见-04时间为同一时刻，原署名INEWS。全文许可未证，head描述[…]截断不补尾；不能据RSS可读认定全文或模型准入。,可先按实际RSS字段建立禁用metadata候选并审有限标题/完整短meta事实范围；全文章/图片另核权益。优先RSS保留尾项；HTML head relnext指bluehost旧host，不跟随，页面可见同hostpage2另记未核；别把侧栏9/8日期套给主稿。,,,,unverified/unverified/unverified
target_691a64cc1afb21c8e2cd0f86d717faa17bfcf032905b1b97be77e605dddd166a,target_691a64cc1afb21c8,S03-R018,obs_2e7072701b2df52ce46b4784ae,CN,CN,中国,吉林省,吉林省,吉林省,国家矿山安全监察局--吉林局,中国中央机构省区分支,矿业与资源；安全与应急,B1_矿业能源法律核心,https://jl.chinamine-safety.gov.cn/web/webIndex.shtml?channelid=homepa,https://jl.chinamine-safety.gov.cn/web/webIndex.shtml?channelid=homepa,https://jl.chinamine-safety.gov.cn/web/webIndex.shtml?channelid=homepa,unconfigured,,https://jl.chinamine-safety.gov.cn:443/web/tofindInfoList.shtml?channelid=3689019575813383,unresolved,adapter_required,,,,runtime_unverified,,0,2026-09-08T18:01:11.735072+00:00,unverified,unverified,本波仅新增一次公开声明的匿名只读列表POST，无cookie/token、登录、额外GET、详情或正文请求；没有完整正文抽取及全文许可升级。真实本局公告元信息仍为8/6、纪检室，11/30仅受理截止；同host列表包含本局、上级NMSA/国务院、党务/新闻及招聘，不一概赋予本局原创或全文许可。,吉林公告列表、首条本局详情与真实第二页分页均已原生验证。按实际表单固定同host action及channelid/parentid，仅POST page=2，匿名无cookie/token或额外GET，严格200且ColumnName仍为通知公告、页标2/3。前两页各15条，30个infoid无重复；首末日期由2024-12-05续至2024-12-04，第三页未取。8/6纪检室署名公告及11/30受理截止不变，已有窄适配所需原生输入，尚未统一运行接通。,结束本次入口研究；按已验证的公告page1/page2/detail证据实施窄JL HTML/form profile，固定host、path、method、channelid、parentid和有界整数page，正文参数只含page，不提交无name的parentid input。保存每页全部remaining_urls、seen infoids和window，消费尾部后再推进页码，并校验ColumnName/页标以避免重启永远回第一页；随后做专用parser与真实统一fetch_source_page元信息预览，文类/正文范围、模型资格另审。,,,非站点根路径_需确认栏目适用性,unverified/unverified/unverified
target_9952475ffab0e42366b1ea3a3c2510c7c00d6f7f57aa89603cf5969970de8e63,target_9952475ffab0e423,S03-R017,obs_1ac5b8e558542c9aec66feab08,CN,CN,中国,吉林省,吉林省,吉林省,吉林林业和草原局,中国省区政府部门,土地与生态利用,B2_政府配套政策,https://jllc.jl.gov.cn/wap.html,https://jllc.jl.gov.cn/wap.html,https://jllc.jl.gov.cn/wap.html,unconfigured,,,unresolved,retry,source_adapter_required,https://jllc.jl.gov.cn/xxfb/xydt/;https://jllc.jl.gov.cn/zwgk/;https://jllc.jl.gov.cn/zwgk/zfxxgk/;https://jllc.jl.gov.cn/zwgk/zfxxgk/gkzn/;https://jllc.jl.gov.cn/zwgk/zfxxgk/gkzd/,html;html;html;html;html,runtime_unverified,,0,2026-09-09T18:07:30.882873+00:00,unverified,unverified,尚未核实正文取得及再利用范围；不能以登记网址视为正文已完成。,入口能识别部分内容，但仍需适配文章身份、日期、正文或分页。,先核对所列候选入口，再完成可恢复分页、中文样文和同生产环境验证。,,,非站点根路径_需确认栏目适用性,unverified/unverified/unverified
target_70ecbebc1a922cde9aef16ebadc1cf6dcf8a2f5d729374dfc62de0f26bb5659e,target_70ecbebc1a922cde,S04-R015,obs_250b7951fa2b088353412f0a7c,CN,CN,中国,内蒙古,内蒙古,内蒙古,国家金融监督管理总局--内蒙古监管局,中国中央机构省区分支,综合或未明确,B2_政府配套政策,https://jrj.nmg.gov.cn/,https://jrj.nmg.gov.cn/,https://jrj.nmg.gov.cn/,unconfigured,,,unresolved,retry,source_adapter_required,https://jrj.nmg.gov.cn/xwdt/;https://jrj.nmg.gov.cn/dwgk/;https://jrj.nmg.gov.cn/zwgknew/;https://jrj.nmg.gov.cn/xwdt/szxw/;https://jrj.nmg.gov.cn/xwdt/gzdt/,html;html;html;html;html,runtime_unverified,,0,2026-09-09T18:07:30.882873+00:00,unverified,unverified,尚未核实正文取得及再利用范围；不能以登记网址视为正文已完成。,入口能识别部分内容，但仍需适配文章身份、日期、正文或分页。,先核对所列候选入口，再完成可恢复分页、中文样文和同生产环境验证。,,,名称称中央金融监管分支但网址为jrj.nmg.gov.cn_主体对应关系待核实,unverified/unverified/unverified
target_953f0f7d062ca348fdb908e7d1c1a14a2d7e3966fb0aba7018b698180c11fe44,target_953f0f7d062ca348,S10-R007,obs_afe48499f292f0906dc9ef6281,CN,CN,中国,贵州省,贵州省,贵州省,贵州省交通运输厅,中国省区政府部门,基础设施与产业,B2_政府配套政策,https://jt.guizhou.gov.cn/,https://jt.guizhou.gov.cn/,https://jt.guizhou.gov.cn/,unconfigured,,,unresolved,retry,source_adapter_required,https://jt.guizhou.gov.cn/xwzx1/;https://jt.guizhou.gov.cn/zwgk/;https://jt.guizhou.gov.cn/zwfw/;https://jt.guizhou.gov.cn/xwzx1/qgyw_5948482/;https://jt.guizhou.gov.cn/xwzx1/hydt/,html;html;html;html;html,runtime_unverified,,0,2026-09-09T18:07:30.882873+00:00,unverified,unverified,尚未核实正文取得及再利用范围；不能以登记网址视为正文已完成。,入口能识别部分内容，但仍需适配文章身份、日期、正文或分页。,先核对所列候选入口，再完成可恢复分页、中文样文和同生产环境验证。,,,,unverified/unverified/unverified
target_722c21185eb1e8798a2e8b0233026598096ff953d99273242b6b96dac1c0cc0e,target_722c21185eb1e879,S02-R007,obs_ce5f88b6c2b7caba9dbd2b468f,CN,CN,中国,黑龙江省,黑龙江省,黑龙江省,黑龙江省交通运输厅,中国省区政府部门,基础设施与产业,B2_政府配套政策,https://jt.hlj.gov.cn/,https://jt.hlj.gov.cn/,https://jt.hlj.gov.cn/,unconfigured,,,unresolved,retry,source_adapter_required,https://jt.hlj.gov.cn/jt/c105078/xwdt.shtml;https://jt.hlj.gov.cn/jt/zwgk/zwgk.shtml;https://jt.hlj.gov.cn/jt/c105210/jump2.shtml;https://jt.hlj.gov.cn/jt/c105080/list.shtml;https://jt.hlj.gov.cn/jt/c105088/list.shtml,html;html;html;html;html,runtime_unverified,,0,2026-09-09T18:07:30.882873+00:00,unverified,unverified,尚未核实正文取得及再利用范围；不能以登记网址视为正文已完成。,入口能识别部分内容，但仍需适配文章身份、日期、正文或分页。,先核对所列候选入口，再完成可恢复分页、中文样文和同生产环境验证。,,,,unverified/unverified/unverified
target_9b875ad8930df5d8085f4616d71e0296b24d7d47fc5dda5a0adc0a9a5255aae0,target_9b875ad8930df5d8,S07-R007,obs_d33d4138d433493cf9372f6c02,CN,CN,中国,安徽省,安徽省,安徽省,安徽省交通运输厅,中国省区政府部门,基础设施与产业,B2_政府配套政策,https://jtt.ah.gov.cn/,https://jtt.ah.gov.cn/,https://jtt.ah.gov.cn/,unconfigured,,,unresolved,discovered,source_identity_review_required,https://jtt.ah.gov.cn/xwdt/index.html;https://jtt.ah.gov.cn/public/column/21701?type=2;https://jtt.ah.gov.cn/xwdt/jtxw/index.html;https://jtt.ah.gov.cn/xwdt/zwdt/index.html;https://jtt.ah.gov.cn/xwdt/mtjj/123477081.html,html;html;html;html;html,runtime_unverified,,0,2026-09-09T18:07:30.882873+00:00,unverified,unverified,尚未核实正文取得及再利用范围；不能以登记网址视为正文已完成。,已发现候选页面，但发布方或文章身份尚未核实。,先核对所列候选入口，再完成可恢复分页、中文样文和同生产环境验证。,,,,unverified/unverified/unverified
target_ffb614a2a53d49e3bdc49ab0ce154b2736630d599c4a6b245d103320ca990dbe,target_ffb614a2a53d49e3,S09-R007,obs_ff83cab8bc0b676400fcf2d125,CN,CN,中国,湖南省,湖南省,湖南省,湖南省交通运输厅,中国省区政府部门,基础设施与产业,B2_政府配套政策,https://jtt.hunan.gov.cn/,https://jtt.hunan.gov.cn/,https://jtt.hunan.gov.cn/,unconfigured,,,unresolved,retry,source_network_failure,,,runtime_unverified,,0,2026-09-09T18:07:30.882873+00:00,unverified,unverified,尚未核实正文取得及再利用范围；不能以登记网址视为正文已完成。,此前网络读取失败，尚未判明入口是否长期不可用。,先核对所列候选入口，再完成可恢复分页、中文样文和同生产环境验证。,,,,unverified/unverified/unverified
target_6d4a026044c230530ceff36c6311ce85eab9234795ebe26d3d2bb0cea660f1f8,target_6d4a026044c23053,S14-R006,obs_cf6dfaedf20be33ba3188f1418,CN,CN,中国,西藏,西藏,西藏,西藏交通运输厅,中国省区政府部门,基础设施与产业,B2_政府配套政策,https://jtt.xizang.gov.cn/,https://jtt.xizang.gov.cn/,https://jtt.xizang.gov.cn/,unconfigured,,,unresolved,retry,source_adapter_required,https://jtt.xizang.gov.cn/xwzx/;https://jtt.xizang.gov.cn/xxgk/;https://jtt.xizang.gov.cn/xxgk/tzgg/;https://jtt.xizang.gov.cn/xxgk/tzgg/202609/t20260909_557526.html;https://jtt.xizang.gov.cn/xxgk/tzgg/202609/t20260909_557491.html,html;html;html;html;html,runtime_unverified,,0,2026-09-09T18:07:30.882873+00:00,unverified,unverified,尚未核实正文取得及再利用范围；不能以登记网址视为正文已完成。,入口能识别部分内容，但仍需适配文章身份、日期、正文或分页。,先核对所列候选入口，再完成可恢复分页、中文样文和同生产环境验证。,,,,unverified/unverified/unverified
target_2bda089f55991abde06314a2435aa6368b780ab4059f60c8e49961f6fa7f7503,target_2bda089f55991abd,S11-R007,obs_3d9937d4d0adb3937bdfd41f56,CN,CN,中国,甘肃省,甘肃省,甘肃省,甘肃省交通运输厅,中国省区政府部门,基础设施与产业,B2_政府配套政策,https://jtys.gansu.gov.cn/jtys/c109192/xxgk_list.shtml,https://jtys.gansu.gov.cn/jtys/c109192/xxgk_list.shtml,https://jtys.gansu.gov.cn/jtys/c109192/xxgk_list.shtml,unconfigured,,,unresolved,retry,source_temporarily_unavailable,,,runtime_unverified,,0,2026-09-09T18:07:30.882873+00:00,unverified,unverified,尚未核实正文取得及再利用范围；不能以登记网址视为正文已完成。,此前来源临时不可用，需重新核实当前响应。,先核对所列候选入口，再完成可恢复分页、中文样文和同生产环境验证。,,,非站点根路径_需确认栏目适用性,unverified/unverified/unverified
target_96cc5257753bb30b24b7d9f74d82fc2958b70ffb60d7b813b5b9b44bef8b3930,target_96cc5257753bb30b,S08-R007,obs_a93221725c6b8d9896c63210b1,CN,CN,中国,福建省,福建省,福建省,福建省交通运输厅,中国省区政府部门,基础设施与产业,B2_政府配套政策,https://jtyst.fujian.gov.cn/,https://jtyst.fujian.gov.cn/,https://jtyst.fujian.gov.cn/,unconfigured,,,unresolved,retry,source_adapter_required,https://jtyst.fujian.gov.cn/zwgk/;https://jtyst.fujian.gov.cn/zwgk/ztyw/;https://jtyst.fujian.gov.cn/zwgk/zfxxgkzl/;https://jtyst.fujian.gov.cn/zwgk/zfxxgkzl/zfxxgkzn/;https://jtyst.fujian.gov.cn/zwgk/zfxxgkzl/fdzdgknr/,html;html;html;html;html,runtime_unverified,,0,2026-09-09T18:07:30.882873+00:00,unverified,unverified,尚未核实正文取得及再利用范围；不能以登记网址视为正文已完成。,入口能识别部分内容，但仍需适配文章身份、日期、正文或分页。,先核对所列候选入口，再完成可恢复分页、中文样文和同生产环境验证。,,,,unverified/unverified/unverified
target_53f7b9accf0273e1c38057ed136f003f504a459ba0318ba4d4e4708772bd58b8,target_53f7b9accf0273e1,S06-R007,obs_d13d1454ae1a177bafedf0c4d3,CN,CN,中国,河南省,河南省,河南省,河南省交通运输厅,中国省区政府部门,基础设施与产业,B2_政府配套政策,https://jtyst.henan.gov.cn/,https://jtyst.henan.gov.cn/,https://jtyst.henan.gov.cn/,unconfigured,,,unresolved,retry,source_adapter_required,https://jtyst.henan.gov.cn/xw/;https://jtyst.henan.gov.cn/zc/;https://jtyst.henan.gov.cn/fw/;https://jtyst.henan.gov.cn/xw/gzdt;https://jtyst.henan.gov.cn/xw/sxdt,html;html;html;html;html,runtime_unverified,,0,2026-09-09T18:07:30.882873+00:00,unverified,unverified,尚未核实正文取得及再利用范围；不能以登记网址视为正文已完成。,入口能识别部分内容，但仍需适配文章身份、日期、正文或分页。,先核对所列候选入口，再完成可恢复分页、中文样文和同生产环境验证。,,,,unverified/unverified/unverified
target_b6b85036cb4c25fbb7f892f575d7bdeddb744475a423db51b3e37c7ce8cd8f68,target_b6b85036cb4c25fb,S04-R007,obs_8c8ab6cd6cf5e6471901d72dbc,CN,CN,中国,内蒙古,内蒙古,内蒙古,内蒙古交通运输厅,中国省区政府部门,基础设施与产业,B2_政府配套政策,https://jtyst.nmg.gov.cn/hdjl/tzxx/,https://jtyst.nmg.gov.cn/hdjl/tzxx/,https://jtyst.nmg.gov.cn/hdjl/tzxx/,unconfigured,,,unresolved,retry,source_network_failure,,,runtime_unverified,,0,2026-09-09T18:07:30.882873+00:00,unverified,unverified,尚未核实正文取得及再利用范围；不能以登记网址视为正文已完成。,此前网络读取失败，尚未判明入口是否长期不可用。,先核对所列候选入口，再完成可恢复分页、中文样文和同生产环境验证。,,,非站点根路径_需确认栏目适用性,unverified/unverified/unverified
target_eedb19152b7a6500fbbcc53302e897c5580c92ef6b5a423e0500ae911597c356,target_eedb19152b7a6500,S12-R007,obs_e1de5be667a8731abe63d83f8d,CN,CN,中国,青海省,青海省,青海省,青海省交通运输厅,中国省区政府部门,基础设施与产业,B2_政府配套政策,https://jtyst.qinghai.gov.cn/,https://jtyst.qinghai.gov.cn/,https://jtyst.qinghai.gov.cn/,unconfigured,,,unresolved,retry,source_adapter_required,https://jtyst.qinghai.gov.cn/jtyst/jtxx/gzdt/index.html;https://jtyst.qinghai.gov.cn/jtyst/jtxx/gsgg/index.html;https://jtyst.qinghai.gov.cn/jtyst/jtxx/tpxw/index.html;https://jtyst.qinghai.gov.cn/jtyst/jtxx/ztbxxgk/index.html;https://jtyst.qinghai.gov.cn/jtyst/jtxx/zbgg/index.html,html;html;html;html;html,runtime_unverified,,0,2026-09-09T18:07:30.882873+00:00,unverified,unverified,尚未核实正文取得及再利用范围；不能以登记网址视为正文已完成。,入口能识别部分内容，但仍需适配文章身份、日期、正文或分页。,先核对所列候选入口，再完成可恢复分页、中文样文和同生产环境验证。,,,,unverified/unverified/unverified
target_b1e08a976b6be3104abc18282ebc44c2d01fe18455b91866328b9ec0a63ea7ff,target_b1e08a976b6be310,S05-R007,obs_0693be865e2a9a27fae4afc4e0,CN,CN,中国,山西省,山西省,山西省,山西省交通运输厅,中国省区政府部门,基础设施与产业,B2_政府配套政策,https://jtyst.shanxi.gov.cn/,https://jtyst.shanxi.gov.cn/,https://jtyst.shanxi.gov.cn/,unconfigured,,,unresolved,retry,source_adapter_required,https://jtyst.shanxi.gov.cn/zwgk/;https://jtyst.shanxi.gov.cn/zwgk/gkzd/;https://jtyst.shanxi.gov.cn/zwgk/gkzn/;https://jtyst.shanxi.gov.cn/zwgk/gkml/;https://jtyst.shanxi.gov.cn/zwgk/gknb/,html;html;html;html;html,runtime_unverified,,0,2026-09-09T18:07:30.882873+00:00,unverified,unverified,尚未核实正文取得及再利用范围；不能以登记网址视为正文已完成。,入口能识别部分内容，但仍需适配文章身份、日期、正文或分页。,先核对所列候选入口，再完成可恢复分页、中文样文和同生产环境验证。,,,,unverified/unverified/unverified
target_5b246dffee365446e6114f8686d286184ce3b871de5a1cc0af79c81484098c93,target_5b246dffee365446,S13-R007,obs_69c4698a776fcfd87ebbdb10d2,CN,CN,中国,新疆,新疆,新疆,新疆交通运输厅,中国省区政府部门,基础设施与产业,B2_政府配套政策,https://jtyst.xinjiang.gov.cn/,https://jtyst.xinjiang.gov.cn/,https://jtyst.xinjiang.gov.cn/,unconfigured,,,unresolved,retry,source_adapter_required,https://jtyst.xinjiang.gov.cn/xjjtysj/xwzx/xwzx.shtml;https://jtyst.xinjiang.gov.cn/xjjtysj/zwgk/zwgk.shtml;https://jtyst.xinjiang.gov.cn/xjjtysj/zwgg/202608/3cf3c509ea2b4a55b1067647ce3a392a.shtml;https://jtyst.xinjiang.gov.cn/xjjtysj/zwgg/202608/e79661bd12fe4e788a428a4365156838.shtml;https://jtyst.xinjiang.gov.cn/xjjtysj/zwgg/202608/0b686ddf672c46e2b465e510a0d1a018.shtml,html;html;html;html;html,runtime_unverified,,0,2026-09-09T18:07:30.882873+00:00,unverified,unverified,尚未核实正文取得及再利用范围；不能以登记网址视为正文已完成。,入口能识别部分内容，但仍需适配文章身份、日期、正文或分页。,先核对所列候选入口，再完成可恢复分页、中文样文和同生产环境验证。,,,,unverified/unverified/unverified
target_816294705e600a22d882e97496e568f79c54a932bb2b27a930672847defe1b25,target_816294705e600a22,S15-R007,obs_0633667c131bf88320b588a614,CN,CN,中国,云南省,云南省,云南省,云南省交通运输厅,中国省区政府部门,基础设施与产业,B2_政府配套政策,https://jtyst.yn.gov.cn/,https://jtyst.yn.gov.cn/,https://jtyst.yn.gov.cn/,unconfigured,,,unresolved,retry,source_adapter_required,https://jtyst.yn.gov.cn/ywdt/;https://jtyst.yn.gov.cn/zwgk/zfxxgkznhml/zfxxgkzn/;https://jtyst.yn.gov.cn/zwfw/;https://jtyst.yn.gov.cn/xyxw/;https://jtyst.yn.gov.cn/zwgk/zfxxgknb/,html;html;html;html;html,runtime_unverified,,0,2026-09-09T18:07:30.882873+00:00,unverified,unverified,尚未核实正文取得及再利用范围；不能以登记网址视为正文已完成。,入口能识别部分内容，但仍需适配文章身份、日期、正文或分页。,先核对所列候选入口，再完成可恢复分页、中文样文和同生产环境验证。,,,,unverified/unverified/unverified
target_d69efa80c8860f40603d6bceb080ea27d466b2bbd95932c012e171b16e8bcf71,target_d69efa80c8860f40,S04-R017,obs_0d9ec9666e9bd7b1d6ac99f769,CN,CN,中国,内蒙古,内蒙古,内蒙古,内蒙古林业和草原局,中国省区政府部门,土地与生态利用,B2_政府配套政策,https://lcj.nmg.gov.cn/,https://lcj.nmg.gov.cn/,https://lcj.nmg.gov.cn/,unconfigured,,,unresolved,retry,source_network_failure,,,runtime_unverified,,0,2026-09-09T18:07:30.882873+00:00,unverified,unverified,尚未核实正文取得及再利用范围；不能以登记网址视为正文已完成。,此前网络读取失败，尚未判明入口是否长期不可用。,先核对所列候选入口，再完成可恢复分页、中文样文和同生产环境验证。,,,,unverified/unverified/unverified
target_23b3e2695c049b70ba2a7981ad845e06dbe63324a82da1d664a78fce85d69e70,target_23b3e2695c049b70,S12-R017,obs_cb7e84bbfaff044d4bfce876a9,CN,CN,中国,青海省,青海省,青海省,青海林业和草原局,中国省区政府部门,土地与生态利用,B2_政府配套政策,https://lcj.qinghai.gov.cn/,https://lcj.qinghai.gov.cn/,https://lcj.qinghai.gov.cn/,unconfigured,,,unresolved,retry,source_adapter_required,https://lcj.qinghai.gov.cn/html/1383/;https://lcj.qinghai.gov.cn/html/22/;https://lcj.qinghai.gov.cn/html/4/;https://lcj.qinghai.gov.cn/html/312/;https://lcj.qinghai.gov.cn/html/17/,html;html;html;html;html,runtime_unverified,,0,2026-09-09T18:07:30.882873+00:00,unverified,unverified,尚未核实正文取得及再利用范围；不能以登记网址视为正文已完成。,入口能识别部分内容，但仍需适配文章身份、日期、正文或分页。,先核对所列候选入口，再完成可恢复分页、中文样文和同生产环境验证。,,,,unverified/unverified/unverified
target_4f66e06cc42bd9eba5f61fcfd8134690d70290cc86b177bf346e23ddc13ee806,target_4f66e06cc42bd9eb,S05-R017,obs_1e6ea589e19557b46bc7f294c7,CN,CN,中国,山西省,山西省,山西省,山西林业和草原局,中国省区政府部门,土地与生态利用,B2_政府配套政策,https://lcj.shanxi.gov.cn/zxyw/tzgg/,https://lcj.shanxi.gov.cn/zxyw/tzgg/,https://lcj.shanxi.gov.cn/zxyw/tzgg/,unconfigured,,,unresolved,retry,source_adapter_required,https://lcj.shanxi.gov.cn/zfxxgk_2022/;https://lcj.shanxi.gov.cn/zwfw/;https://lcj.shanxi.gov.cn/zxyw/xydt/;https://lcj.shanxi.gov.cn/zxyw/xxkb/;https://lcj.shanxi.gov.cn/zxyw/tpxw/,html;html;html;html;html,runtime_unverified,,0,2026-09-09T18:07:30.882873+00:00,unverified,unverified,尚未核实正文取得及再利用范围；不能以登记网址视为正文已完成。,入口能识别部分内容，但仍需适配文章身份、日期、正文或分页。,先核对所列候选入口，再完成可恢复分页、中文样文和同生产环境验证。,,,非站点根路径_需确认栏目适用性,unverified/unverified/unverified
target_4ae3705b5372fd2c47595d00d24fa32041fcb954affce168f2ee74af063d3e4d,target_4ae3705b5372fd2c,S13-R017,obs_6f4049a301e130cc45ef10ec5e,CN,CN,中国,新疆,新疆,新疆,新疆林业和草原局,中国省区政府部门,土地与生态利用,B2_政府配套政策,https://lcj.xinjiang.gov.cn/,https://lcj.xinjiang.gov.cn/,https://lcj.xinjiang.gov.cn/,unconfigured,,,unresolved,retry,source_adapter_required,https://lcj.xinjiang.gov.cn/lcj/ywdt/xw.shtml;https://lcj.xinjiang.gov.cn/lcj/zwgk/xxgk.shtml;https://lcj.xinjiang.gov.cn/lcj/lcdt/list_tj.shtml;https://lcj.xinjiang.gov.cn/lcj/mtbd/202608/6a70522a2cf74a3fa924a6669bdf2ae4.shtml;https://lcj.xinjiang.gov.cn/lcj/gggs/list_tj.shtml,html;html;html;html;html,runtime_unverified,,0,2026-09-09T18:07:30.882873+00:00,unverified,unverified,尚未核实正文取得及再利用范围；不能以登记网址视为正文已完成。,入口能识别部分内容，但仍需适配文章身份、日期、正文或分页。,先核对所列候选入口，再完成可恢复分页、中文样文和同生产环境验证。,,,,unverified/unverified/unverified
target_4d72e0065f45cafa9a36be3326e3dd138166fc77c59f23b0aad72cd16cec5bc1,target_4d72e0065f45cafa,S15-R017,obs_449d697488f79071f3680dbd85,CN,CN,中国,云南省,云南省,云南省,云南林业和草原局,中国省区政府部门,土地与生态利用,B2_政府配套政策,https://lcj.yn.gov.cn/,https://lcj.yn.gov.cn/,https://lcj.yn.gov.cn/,unconfigured,,,unresolved,retry,source_adapter_required,https://lcj.yn.gov.cn/html/zhengwugongkai/;https://lcj.yn.gov.cn/html/toout/;https://lcj.yn.gov.cn/html/2026/mainnews_0824/77180.html;https://lcj.yn.gov.cn/html/mainnews/;https://lcj.yn.gov.cn/html/zuixindongtai/,html;html;html;html;html,runtime_unverified,,0,2026-09-09T18:07:30.882873+00:00,unverified,unverified,尚未核实正文取得及再利用范围；不能以登记网址视为正文已完成。,入口能识别部分内容，但仍需适配文章身份、日期、正文或分页。,先核对所列候选入口，再完成可恢复分页、中文样文和同生产环境验证。,,,,unverified/unverified/unverified
target_3b36e52c6319e88155bdb965af38b2fbf0b0d76231f7ca4c564a54779ba82896,target_3b36e52c6319e881,S07-R017,obs_092eb152b1831e81e6f6140bfd,CN,CN,中国,安徽省,安徽省,安徽省,安徽林业局,中国省区政府部门,土地与生态利用,B2_政府配套政策,https://lyj.ah.gov.cn/index.html,https://lyj.ah.gov.cn/index.html,https://lyj.ah.gov.cn/index.html,unconfigured,,,unresolved,discovered,source_identity_review_required,https://lyj.ah.gov.cn/xwzx/index.html;https://lyj.ah.gov.cn/public/column/9913203?type=2;https://lyj.ah.gov.cn/bsfw/index.html;https://lyj.ah.gov.cn/zwxmt/index.html;https://lyj.ah.gov.cn/xwzx/gsgg/index.html,html;html;html;html;html,runtime_unverified,,0,2026-09-09T18:07:30.882873+00:00,unverified,unverified,尚未核实正文取得及再利用范围；不能以登记网址视为正文已完成。,已发现候选页面，但发布方或文章身份尚未核实。,先核对所列候选入口，再完成可恢复分页、中文样文和同生产环境验证。,,,,unverified/unverified/unverified
target_fa0da82eac464a6c8e17593761e89261c96921db19029107f93d85487313e888,target_fa0da82eac464a6c,S08-R017,obs_ac6051e0be75a551940683ab5a,CN,CN,中国,福建省,福建省,福建省,福建林业局,中国省区政府部门,土地与生态利用,B2_政府配套政策,https://lyj.fujian.gov.cn/,https://lyj.fujian.gov.cn/,https://lyj.fujian.gov.cn/,unconfigured,,,unresolved,retry,source_adapter_required,https://lyj.fujian.gov.cn/zfxxgk/zfxxgkzn/;https://lyj.fujian.gov.cn/zwgk/zcjd/;https://lyj.fujian.gov.cn/zwgk/zcfg/;https://lyj.fujian.gov.cn/zwgk/gsgg/;https://lyj.fujian.gov.cn/zwgk/zcjd/zcwd/,html;html;html;html;html,runtime_unverified,,0,2026-09-09T18:07:30.882873+00:00,unverified,unverified,尚未核实正文取得及再利用范围；不能以登记网址视为正文已完成。,入口能识别部分内容，但仍需适配文章身份、日期、正文或分页。,先核对所列候选入口，再完成可恢复分页、中文样文和同生产环境验证。,,,,unverified/unverified/unverified
target_3909875b5ba7ebf3786728adb520ca7877acab088b97ac456169852edbf47ac0,target_3909875b5ba7ebf3,S10-R017,obs_0e32da9b84d205a5671e29b099,CN,CN,中国,贵州省,贵州省,贵州省,贵州林业局,中国省区政府部门,土地与生态利用,B2_政府配套政策,https://lyj.guizhou.gov.cn/,https://lyj.guizhou.gov.cn/,https://lyj.guizhou.gov.cn/,unconfigured,,,unresolved,retry,source_adapter_required,https://lyj.guizhou.gov.cn/zwgk/;https://lyj.guizhou.gov.cn/zxfw/;https://lyj.guizhou.gov.cn/xwzx/sjdt/;https://lyj.guizhou.gov.cn/xwzx/szdt/;https://lyj.guizhou.gov.cn/xwzx/tzgg/,html;html;html;html;html,runtime_unverified,,0,2026-09-09T18:07:30.882873+00:00,unverified,unverified,尚未核实正文取得及再利用范围；不能以登记网址视为正文已完成。,入口能识别部分内容，但仍需适配文章身份、日期、正文或分页。,先核对所列候选入口，再完成可恢复分页、中文样文和同生产环境验证。,,,,unverified/unverified/unverified
target_6641ed67390b0074473170a67ae6feb0a9d8d58b396df91429dc90eedd51aaa2,target_6641ed67390b0074,S06-R017,obs_a5d264fbd4324d71b80bdf2888,CN,CN,中国,河南省,河南省,河南省,河南林业和草原局,中国省区政府部门,土地与生态利用,B2_政府配套政策,https://lyj.henan.gov.cn/,https://lyj.henan.gov.cn/,https://lyj.henan.gov.cn/,unconfigured,,,unresolved,retry,source_adapter_required,https://lyj.henan.gov.cn/xxgk/;https://lyj.henan.gov.cn/xxgk/zfxxgkml/gggs/;https://lyj.henan.gov.cn/lyzx/;https://lyj.henan.gov.cn/xxgk/zfxxgkzn/;https://lyj.henan.gov.cn/xxgk/zfxxgkml/ldjj/,html;html;html;html;html,runtime_unverified,,0,2026-09-09T18:07:30.882873+00:00,unverified,unverified,尚未核实正文取得及再利用范围；不能以登记网址视为正文已完成。,入口能识别部分内容，但仍需适配文章身份、日期、正文或分页。,先核对所列候选入口，再完成可恢复分页、中文样文和同生产环境验证。,,,,unverified/unverified/unverified
target_c7d87dfb582a9c2da54ab565094fe3bcd4b0302ab9ea2c2ff80f44d67cb1d36b,target_c7d87dfb582a9c2d,S09-R017,obs_8ea875472579edc42e9b89604f,CN,CN,中国,湖南省,湖南省,湖南省,湖南林业局,中国省区政府部门,土地与生态利用,B2_政府配套政策,https://lyj.hunan.gov.cn/lyj/xxgk_71167/jgzn/zsjg/index.html,https://lyj.hunan.gov.cn/lyj/xxgk_71167/jgzn/zsjg/index.html,https://lyj.hunan.gov.cn/lyj/xxgk_71167/jgzn/zsjg/index.html,unconfigured,,,unresolved,retry,source_network_failure,,,runtime_unverified,,0,2026-09-09T18:07:30.882873+00:00,unverified,unverified,尚未核实正文取得及再利用范围；不能以登记网址视为正文已完成。,此前网络读取失败，尚未判明入口是否长期不可用。,先核对所列候选入口，再完成可恢复分页、中文样文和同生产环境验证。,,,非站点根路径_需确认栏目适用性,unverified/unverified/unverified
target_9f518f884cd4cd2c7aa6afe87432af64aee93f1a3a085452b20b89f63cec5f8c,target_9f518f884cd4cd2c,S16-R043,obs_83505141f33f0d6abff5660794,CD,CD,刚果金,,境外,刚果金,刚果金矿业部,海外政府部门或监管机构候选,矿业与资源,B1_矿业能源法律核心,https://mines.gouv.cd/fr/,https://mines.gouv.cd/fr/,https://mines.gouv.cd/fr/,unconfigured,,https://mines.gouv.cd/fr/,unresolved,access_failed,,,,runtime_unverified,,0,2026-09-08T22:05:11.912667+00:00,unverified,unverified,没有文章、日期或版权范围证据；不作正文或模型许可判断。,矿业部robots404可见，但原/fr/入口原生连接超时；没有接纳入口或文章内容，立即停止，未猜域名、端口或接口。,保留此轮timeout证据；只有后续获准且出现真实官方迁址/入口声明时再核，不关闭TLS或反复重试，不宣称网站永久失效。,,,非站点根路径_需确认栏目适用性,unverified/unverified/unverified
target_2db3533e1e7e806b9b6c9662636da974eac58b2af26363dd84b9e500fc9b3fb5,target_2db3533e1e7e806b,S10-R008,obs_7b428596c602589ffa9e52ff60,CN,CN,中国,贵州省,贵州省,贵州省,贵州省水利厅,中国省区政府部门,水资源,B2_政府配套政策,https://mwr.guizhou.gov.cn/,https://mwr.guizhou.gov.cn/,https://mwr.guizhou.gov.cn/,unconfigured,,,unresolved,discovered,source_adapter_required,https://mwr.guizhou.gov.cn/ztjj/rdzt/srsshzzzldstzl/index.html,html,runtime_unverified,,0,2026-09-09T18:07:30.882873+00:00,unverified,unverified,尚未核实正文取得及再利用范围；不能以登记网址视为正文已完成。,入口能识别部分内容，但仍需适配文章身份、日期、正文或分页。,先核对所列候选入口，再完成可恢复分页、中文样文和同生产环境验证。,,,,unverified/unverified/unverified
target_23101b5dca0e3f1ff6718e0753efb0dcd6ab1c2014c479facb64dd57292c114a,target_23101b5dca0e3f1f,S16-R034,obs_4308d734d913338b09f4d0f5fa,GY,GY,圭亚那,,境外,圭亚那,圭亚那新闻,新闻媒体或通讯社,新闻与风险,C_媒体与行业动态,https://newsfeedgy.com/,https://newsfeedgy.com/,https://newsfeedgy.com/,unconfigured,,,unresolved,discovered,source_identity_review_required,https://newsfeedgy.com/;https://newsfeedgy.com/feed/;https://newsfeedgy.com/comments/feed/;https://newsfeedgy.com/2026/09/09/mahaica-robbery-shooting-shop-owner-shot-suspects-crash-during-escape-and-held-under-guard/;https://newsfeedgy.com/2026/09/09/candlelight-vigil-held-outside-edghills-home-joint-opposition-demand-accountability/,html;rss;rss;html;html,runtime_unverified,,0,2026-09-09T18:07:30.882873+00:00,unverified,unverified,尚未核实正文取得及再利用范围；不能以登记网址视为正文已完成。,已发现候选页面，但发布方或文章身份尚未核实。,先核对所列候选入口，再完成可恢复分页、中文样文和同生产环境验证。,,,,unverified/unverified/unverified
target_3eeae7497e33a628559ef57523ca853fe8265bedab429ce81fa9f991b3e47ef5,target_3eeae7497e33a628,S16-R036,obs_7f44aaf994a57a5a24a61f16e7,GY,GY,圭亚那,,境外,圭亚那,圭亚那新闻直播间,新闻媒体或通讯社,新闻与风险,C_媒体与行业动态,https://newsroom.gy/,,https://newsroom.gy/,unconfigured,,https://newsroom.gy/,unresolved,scope_review_required,,,,runtime_unverified,,0,2026-09-07T06:40:20.923299+00:00,unverified,unverified,仅有界metadata测试/待定；不从一般版权或缺少许可自动推出法律上的全面禁止。,robots存在通用Allow/Disallow及其他bot阻止文字的适用冲突；条款另有书面许可要求，未进行原生文章预览。,先明确gmpi-ingestion适用robots规则与处理范围，再做原生资格检查。,,,,unverified/unverified/unverified
target_9a8c301a4113bf0541bccab8943838b329b2c383b907b61c5bb2b606446c3786,target_9a8c301a4113bf05,S16-R032,obs_6d1205606835f2c823e19acfa8,GY,GY,圭亚那,,境外,圭亚那,圭亚那新闻源【权威】,新闻媒体或通讯社,新闻与风险,C_媒体与行业动态,https://newssourcegy.com/,https://newssourcegy.com/,https://newssourcegy.com/,unconfigured,,https://newssourcegy.com/news/,unresolved,scope_review_required,,,,runtime_unverified,,0,2026-09-07T06:40:20.923299+00:00,unverified,unverified,仅有界metadata测试/待定；不从一般版权或缺少许可自动推出法律上的全面禁止。,robots和条款可读；条款限私人非商业临时查看等，尚未建立本产品公开导读/外部处理的适用依据。,复核具体使用范围或取得所需依据；在此之前不继续文章采集准入。,,,,unverified/unverified/unverified
target_81e5f5d8cd1feeac127eaf34d8a0f4b49ba0c3018515f41b2c6879a0d1f7033a,target_81e5f5d8cd1feeac,S04-R009,obs_668a4622a35ae8c294dfacba7b,CN,CN,中国,内蒙古,内蒙古,内蒙古,内蒙古农牧厅,中国省区政府部门,综合或未明确,B2_政府配套政策,https://nmt.nmg.gov.cn/,https://nmt.nmg.gov.cn/,https://nmt.nmg.gov.cn/,unconfigured,,,unresolved,retry,source_network_failure,,,runtime_unverified,,0,2026-09-09T18:07:30.882873+00:00,unverified,unverified,尚未核实正文取得及再利用范围；不能以登记网址视为正文已完成。,此前网络读取失败，尚未判明入口是否长期不可用。,先核对所列候选入口，再完成可恢复分页、中文样文和同生产环境验证。,,,,unverified/unverified/unverified
target_f5fa2be5da5d1ee4971b814aeb93fddb05a7afd3daf9322f76de2c2c098ef5f2,target_f5fa2be5da5d1ee4,S05-R018,obs_8523751be57e76e0d2a2d7776b,CN,CN,中国,山西省,山西省,山西省,山西省能源局,中国省区政府部门,能源,B1_矿业能源法律核心,https://nyj.shanxi.gov.cn/,https://nyj.shanxi.gov.cn/,https://nyj.shanxi.gov.cn/,unconfigured,,https://nyj.shanxi.gov.cn/zfxxgk/fdzdgknr/gg/,unresolved,adapter_required,,,,runtime_unverified,,0,2026-09-08T21:38:10.674255+00:00,unverified,unverified,本波只保存可见标题/日期/署名有限定位依据，未完整正文抽取。自有煤炭规划公告可逐文类审正文；公众意见期限为公告日起10工作日，不虚构截止日。,能源局政府信息公开容器实际iframe已原生读取，内层有18条通知链接及index_N/8页129条声明；4/27煤炭工业规划环评二次公示真实h3/时间/来源可读，来源煤炭开发处、正文署名能源局4/27，URL4/28不替代刊发。,复用TRS列表进度，但详情无ArticleTitle/PubDate/ContentSource head，需窄可见h3/time/source读取和完整正文边界。footer如需转载注明来源是自有文本范围候选，不继承转载/图片权益；下一页index_1已声明但未核。,,,,unverified/unverified/unverified
target_0d3f5f32ff8dac62f8f124493517966e3fe5d4db8f013aedb0e3b46bd55751f2,target_0d3f5f32ff8dac62,S07-R009,obs_b848cf689f631b88a0d8a8c988,CN,CN,中国,安徽省,安徽省,安徽省,安徽省农业农村厅,中国省区政府部门,土地与生态利用,B2_政府配套政策,https://nync.ah.gov.cn/index.html,https://nync.ah.gov.cn/index.html,https://nync.ah.gov.cn/index.html,unconfigured,,,unresolved,discovered,source_identity_review_required,https://nync.ah.gov.cn/public/column/7021?type=4&action=list&nav=3;https://nync.ah.gov.cn/snzx/zwxxi/58352741.html;https://nync.ah.gov.cn/snzx/zyzz/58301881.html;https://nync.ah.gov.cn/snzx/zyzz/58213681.html;https://nync.ah.gov.cn/snzx/zyzz/58211351.html,html;html;html;html;html,runtime_unverified,,0,2026-09-09T18:07:30.882873+00:00,unverified,unverified,尚未核实正文取得及再利用范围；不能以登记网址视为正文已完成。,已发现候选页面，但发布方或文章身份尚未核实。,先核对所列候选入口，再完成可恢复分页、中文样文和同生产环境验证。,,,,unverified/unverified/unverified
target_bbe265ef4644730753eaf6b2d77e0e471abba0a43257abbe327369579cac96af,target_bbe265ef46447307,S11-R009,obs_e9af5f0928430e0c5d09c3b372,CN,CN,中国,甘肃省,甘肃省,甘肃省,甘肃省农业农村厅,中国省区政府部门,土地与生态利用,B2_政府配套政策,https://nync.gansu.gov.cn/,https://nync.gansu.gov.cn/,https://nync.gansu.gov.cn/,unconfigured,,,unresolved,retry,source_temporarily_unavailable,,,runtime_unverified,,0,2026-09-09T18:07:30.882873+00:00,unverified,unverified,尚未核实正文取得及再利用范围；不能以登记网址视为正文已完成。,此前来源临时不可用，需重新核实当前响应。,先核对所列候选入口，再完成可恢复分页、中文样文和同生产环境验证。,,,,unverified/unverified/unverified
target_6ba9b39b6cf9c23633a1260c90f9f1a879cc348e90d1dd4246f3e064fba9414a,target_6ba9b39b6cf9c236,S15-R009,obs_42fa368b9cac4c2c90bd1db2af,CN,CN,中国,云南省,云南省,云南省,云南省农业农村厅,中国省区政府部门,土地与生态利用,B2_政府配套政策,https://nync.yn.gov.cn/,https://nync.yn.gov.cn/,https://nync.yn.gov.cn/,unconfigured,,,unresolved,discovered,source_identity_review_required,https://nync.yn.gov.cn/html/2026/shouyetoubuxinwen_0715/1427521.html;https://nync.yn.gov.cn/html/zhengwugongkai/zhengfuxinxigongkaizhinanmulu/;https://nync.yn.gov.cn/html/zhengwugongkai/zhengcewenjian-new/zuixinwenjian/;https://nync.yn.gov.cn/html/zhengwugongkai/jieduhuiying/zhengcejiedu-new/;https://nync.yn.gov.cn/html/zhengwugongkai/zhengfuxinxigongkaineirong/gongshigonggao/,html;html;html;html;html,runtime_unverified,,0,2026-09-09T18:07:30.882873+00:00,unverified,unverified,尚未核实正文取得及再利用范围；不能以登记网址视为正文已完成。,已发现候选页面，但发布方或文章身份尚未核实。,先核对所列候选入口，再完成可恢复分页、中文样文和同生产环境验证。,,,,unverified/unverified/unverified
target_8509610ab05f38c779c20d27c32f6d4a561a83accd09b35309918c8e6e481215,target_8509610ab05f38c7,S08-R009,obs_a8b5c9eb6401a96150b8af7573,CN,CN,中国,福建省,福建省,福建省,福建省农业农村厅,中国省区政府部门,土地与生态利用,B2_政府配套政策,https://nynct.fujian.gov.cn/,https://nynct.fujian.gov.cn/,https://nynct.fujian.gov.cn/,unconfigured,,,unresolved,discovered,source_identity_review_required,https://nynct.fujian.gov.cn/xxgk/;https://nynct.fujian.gov.cn/xxgk/tzgg/202609/t20260903_7208361.htm;https://nynct.fujian.gov.cn/xxgk/tzgg/202608/t20260803_7195481.htm;https://nynct.fujian.gov.cn/xxgk/zfxxgk/fdzdgknr/nyyw/nyzc/202608/t20260805_7196137.htm;https://nynct.fujian.gov.cn/xxgk/zfxxgk/fdzdgknr/nyyw/nyzc/202606/t20260609_7161057.htm,html;html;html;html;html,runtime_unverified,,0,2026-09-09T18:07:30.882873+00:00,unverified,unverified,尚未核实正文取得及再利用范围；不能以登记网址视为正文已完成。,已发现候选页面，但发布方或文章身份尚未核实。,先核对所列候选入口，再完成可恢复分页、中文样文和同生产环境验证。,,,,unverified/unverified/unverified
target_38035b962fbbc5f1dbd394b0cbad7cadc89963852f2a5935d8478385dc53a253,target_38035b962fbbc5f1,S10-R009,obs_6cda2959a5e9d800ed4b08140f,CN,CN,中国,贵州省,贵州省,贵州省,贵州省农业农村厅,中国省区政府部门,土地与生态利用,B2_政府配套政策,https://nynct.guizhou.gov.cn/,https://nynct.guizhou.gov.cn/,https://nynct.guizhou.gov.cn/,unconfigured,,,unresolved,retry,source_adapter_required,https://nynct.guizhou.gov.cn/xwzx/;https://nynct.guizhou.gov.cn/zwgk/;https://nynct.guizhou.gov.cn/xwzx/tpyw/;https://nynct.guizhou.gov.cn/syqt/nyzcyggdy/;https://nynct.guizhou.gov.cn/zwgk/ysqgk/,html;html;html;html;html,runtime_unverified,,0,2026-09-09T18:07:30.882873+00:00,unverified,unverified,尚未核实正文取得及再利用范围；不能以登记网址视为正文已完成。,入口能识别部分内容，但仍需适配文章身份、日期、正文或分页。,先核对所列候选入口，再完成可恢复分页、中文样文和同生产环境验证。,,,,unverified/unverified/unverified
target_37c3a281836855615859f4732aadd3d316116f3bd11011b3732b65013e808420,target_37c3a28183685561,S06-R009,obs_39ae7c252a051794f98626d119,CN,CN,中国,河南省,河南省,河南省,河南省农业农村厅,中国省区政府部门,土地与生态利用,B2_政府配套政策,https://nynct.henan.gov.cn/,https://nynct.henan.gov.cn/,https://nynct.henan.gov.cn/,unconfigured,,,unresolved,discovered,source_adapter_required,https://nynct.henan.gov.cn/gzdt/tjdt;https://nynct.henan.gov.cn/zwgk/bmlmfwsxqd,html;html,runtime_unverified,,0,2026-09-09T18:07:30.882873+00:00,unverified,unverified,尚未核实正文取得及再利用范围；不能以登记网址视为正文已完成。,入口能识别部分内容，但仍需适配文章身份、日期、正文或分页。,先核对所列候选入口，再完成可恢复分页、中文样文和同生产环境验证。,,,,unverified/unverified/unverified
target_3a07338f7dbd624e46d24ca4ac36e4da71149935973ae1eeb3c8be55de3544b7,target_3a07338f7dbd624e,S02-R009,obs_74c4af4ff990491048c6069dea,CN,CN,中国,黑龙江省,黑龙江省,黑龙江省,黑龙江省农业农村厅,中国省区政府部门,土地与生态利用,B2_政府配套政策,https://nynct.hlj.gov.cn/,https://nynct.hlj.gov.cn/,https://nynct.hlj.gov.cn/,unconfigured,,,unresolved,retry,source_adapter_required,https://nynct.hlj.gov.cn/nynct/c115377/xwdt.shtml;https://nynct.hlj.gov.cn/nynct/zwgk/zwgk.shtml;https://nynct.hlj.gov.cn/nynct/c115477/redirect_firstChannel.shtml;https://nynct.hlj.gov.cn/nynct/c115383/public_list.shtml;https://nynct.hlj.gov.cn/nynct/c115379/public_list.shtml,html;html;html;html;html,runtime_unverified,,0,2026-09-09T18:07:30.882873+00:00,unverified,unverified,尚未核实正文取得及再利用范围；不能以登记网址视为正文已完成。,入口能识别部分内容，但仍需适配文章身份、日期、正文或分页。,先核对所列候选入口，再完成可恢复分页、中文样文和同生产环境验证。,,,,unverified/unverified/unverified
target_ce2519abd8c41b69fd9b59acf3ad57a4b0a9e26e5da2d2eb2a85991c8e91324e,target_ce2519abd8c41b69,S05-R009,obs_e4afb43d18b273c59a302e18f1,CN,CN,中国,山西省,山西省,山西省,山西省农业农村厅,中国省区政府部门,土地与生态利用,B2_政府配套政策,https://nynct.shanxi.gov.cn/xxgk/tzgg/,https://nynct.shanxi.gov.cn/xxgk/tzgg/,https://nynct.shanxi.gov.cn/xxgk/tzgg/,unconfigured,,,unresolved,retry,source_adapter_required,https://nynct.shanxi.gov.cn/sndt/;https://nynct.shanxi.gov.cn/sxnytzwgk/sxsnynctxxgk/nynct/gkzn/;https://nynct.shanxi.gov.cn/sxnytzwgk/sxsnynctxxgk/nynct/gkzd/;https://nynct.shanxi.gov.cn/sxnytzwgk/sxsnynctxxgk/nynct/gknr/auto1235/auto1237/;https://nynct.shanxi.gov.cn/sxnytzwgk/sxsnynctxxgk/nynct/gknb/,html;html;html;html;html,runtime_unverified,,0,2026-09-09T18:07:30.882873+00:00,unverified,unverified,尚未核实正文取得及再利用范围；不能以登记网址视为正文已完成。,入口能识别部分内容，但仍需适配文章身份、日期、正文或分页。,先核对所列候选入口，再完成可恢复分页、中文样文和同生产环境验证。,,,非站点根路径_需确认栏目适用性,unverified/unverified/unverified
target_c0855df92c00120ac649db58ed10917997d1a2da313645020046ad9854cde223,target_c0855df92c00120a,S13-R009,obs_12abd2c142f34aaed458dd3cbd,CN,CN,中国,新疆,新疆,新疆,新疆农业农村厅,中国省区政府部门,土地与生态利用,B2_政府配套政策,https://nynct.xinjiang.gov.cn/,https://nynct.xinjiang.gov.cn/,https://nynct.xinjiang.gov.cn/,unconfigured,,,unresolved,retry,source_adapter_required,https://nynct.xinjiang.gov.cn/xjnynct/c113555/xwzx.shtml;https://nynct.xinjiang.gov.cn/xjnynct/c113556/zwgk.shtml;https://nynct.xinjiang.gov.cn/xjnynct/c113576/list.shtml;https://nynct.xinjiang.gov.cn/xjnynct/c113605/zwgk_list.shtml;https://nynct.xinjiang.gov.cn/xjnynct/c113596/zwgk_list.shtml,html;html;html;html;html,runtime_unverified,,0,2026-09-09T18:07:30.882873+00:00,unverified,unverified,尚未核实正文取得及再利用范围；不能以登记网址视为正文已完成。,入口能识别部分内容，但仍需适配文章身份、日期、正文或分页。,先核对所列候选入口，再完成可恢复分页、中文样文和同生产环境验证。,,,,unverified/unverified/unverified
target_76d8f6b68db26babbd7cfaf8e3d6a4608bd9c83531369432d494061edfbd137b,target_76d8f6b68db26bab,S16-R066,obs_3a6007319fd077ec5fc6ac3b80,RS,RS,塞尔维亚,,境外,塞尔维亚,塞尔维亚法律信息系统,立法法规或官方公报候选,法律与规制,B1_矿业能源法律核心,https://pravno-informacioni-sistem.rs/,https://pravno-informacioni-sistem.rs/,https://pravno-informacioni-sistem.rs/,unconfigured,,https://pravno-informacioni-sistem.rs/,unresolved,adapter_required,,,,runtime_unverified,,0,2026-09-07T22:02:20.350037+00:00,unverified,unverified,具体材料范围和模型准入尚未完成核验。,原站HTTP200仅取得法律信息客户端应用壳；文书入口/日期/分页和实际运营权威尚未核清。,从实际公开声明中定位文书接口及主体依据，再核对范围和原生适配；不执行未审查脚本或猜API。,,,,unverified/unverified/unverified
target_2bebdc91d196fca8e284097c924f5262b64dffdcc8d22b1ee109735e345570f7,target_2bebdc91d196fca8,S16-R060,obs_805b53fb03d1bb5c57508ce13e,KZ,KZ,哈萨克斯坦,,境外,哈萨克斯坦,政府网站,政府综合门户或总统府,综合或未明确,B2_政府配套政策,https://primeminister.kz,https://primeminister.kz/,https://primeminister.kz/,configured,src_086e20147f436218b126114e,https://primeminister.kz/ru/news,html,adapter_required,,,,enabled,active,94,2026-09-13T14:42:09.294620Z,unverified,unverified,CC BY 4.0：官方文字新闻完整文本可引源再利用和翻译，署明发布方/原文/许可证并标明翻译；排除图片、媒体、附件和明确第三方署名作品。,持续供稿、全部库存中文阅读和可提供全文的正文完成仍需验证。,验证真实新稿与历史库存的自动中文处理和公开，补齐允许范围内的正文。,,,哈萨克斯坦政府门户疑似同发布方_待核实合并,unverified/unverified/unverified
target_969bba395c67950554c7fe4e053eead17a5cc3c69d01583b6c4ab5aca6e4dc2b,target_969bba395c679505,S12-R018,obs_2f7cc8881be28ae34cd9ea0973,CN,CN,中国,青海省,青海省,青海省,国家矿山安全监察局--青海局,中国中央机构省区分支,矿业与资源；安全与应急,B1_矿业能源法律核心,https://qh.chinamine-safety.gov.cn/,https://qh.chinamine-safety.gov.cn/,https://qh.chinamine-safety.gov.cn/,unconfigured,,,unresolved,retry,source_temporarily_unavailable,,,runtime_unverified,,0,2026-09-09T18:07:30.882873+00:00,unverified,unverified,尚未核实正文取得及再利用范围；不能以登记网址视为正文已完成。,此前来源临时不可用，需重新核实当前响应。,先核对所列候选入口，再完成可恢复分页、中文样文和同生产环境验证。,,,,unverified/unverified/unverified
target_7900aa72968b5e463d84ec7d3cee76a3c9064326206a4f202a719d8b817c6a27,target_7900aa72968b5e46,S08-R005,obs_6efee638bf2a0e01b6bac34661,CN,CN,中国,福建省,福建省,福建省,福建省人力资源和社会保障厅,中国省区政府部门,劳动与社会保障,B2_政府配套政策,https://rst.fujian.gov.cn/,https://rst.fujian.gov.cn/,https://rst.fujian.gov.cn/,unconfigured,,,unresolved,retry,source_adapter_required,https://rst.fujian.gov.cn/zw/;https://rst.fujian.gov.cn/zw/xw/zyxw/202605/t20260522_7151139.htm;https://rst.fujian.gov.cn/wz/zxft/wqhg/202506/t20250605_6922028.htm;https://rst.fujian.gov.cn/zw/gsgg/;https://rst.fujian.gov.cn/zw/zfxxgk/zfxxgkml/zyywgz/zynljs/202609/t20260908_7210212.htm,html;html;html;html;html,runtime_unverified,,0,2026-09-09T18:07:30.882873+00:00,unverified,unverified,尚未核实正文取得及再利用范围；不能以登记网址视为正文已完成。,入口能识别部分内容，但仍需适配文章身份、日期、正文或分页。,先核对所列候选入口，再完成可恢复分页、中文样文和同生产环境验证。,,,,unverified/unverified/unverified
target_4ecbc44520938363332a9fc1a24bda5061f3b13de694fcd506ea3b81df500f51,target_4ecbc44520938363,S11-R005,obs_6431d7fe9b07b03fa414608628,CN,CN,中国,甘肃省,甘肃省,甘肃省,甘肃省人力资源和社会保障厅,中国省区政府部门,劳动与社会保障,B2_政府配套政策,https://rst.gansu.gov.cn/,https://rst.gansu.gov.cn/,https://rst.gansu.gov.cn/,unconfigured,,,unresolved,retry,source_temporarily_unavailable,,,runtime_unverified,,0,2026-09-09T18:07:30.882873+00:00,unverified,unverified,尚未核实正文取得及再利用范围；不能以登记网址视为正文已完成。,此前来源临时不可用，需重新核实当前响应。,先核对所列候选入口，再完成可恢复分页、中文样文和同生产环境验证。,,,,unverified/unverified/unverified
target_1ffd5fa751aeac6aac22a4106bace6bbf9a2e3b5ea92e184aa50c5cc5a2e1c7d,target_1ffd5fa751aeac6a,S10-R005,obs_bfcd29095968a55889c043e151,CN,CN,中国,贵州省,贵州省,贵州省,贵州省人力资源和社会保障厅,中国省区政府部门,劳动与社会保障,B2_政府配套政策,https://rst.guizhou.gov.cn/,https://rst.guizhou.gov.cn/,https://rst.guizhou.gov.cn/,unconfigured,,,unresolved,retry,source_adapter_required,https://rst.guizhou.gov.cn/xwzx/;https://rst.guizhou.gov.cn/zwgk/;https://rst.guizhou.gov.cn/zwfw/;https://rst.guizhou.gov.cn/sjfb/;https://rst.guizhou.gov.cn/xwzx/gggs/,html;html;html;html;html,runtime_unverified,,0,2026-09-09T18:07:30.882873+00:00,unverified,unverified,尚未核实正文取得及再利用范围；不能以登记网址视为正文已完成。,入口能识别部分内容，但仍需适配文章身份、日期、正文或分页。,先核对所列候选入口，再完成可恢复分页、中文样文和同生产环境验证。,,,,unverified/unverified/unverified
target_d3945ce835c91a586d81d281a678c41642008652230d0678faece87aa38ca17f,target_d3945ce835c91a58,S09-R005,obs_2f3b5b1b774259745954c87508,CN,CN,中国,湖南省,湖南省,湖南省,湖南省人力资源和社会保障厅,中国省区政府部门,劳动与社会保障,B2_政府配套政策,https://rst.hunan.gov.cn/,https://rst.hunan.gov.cn/,https://rst.hunan.gov.cn/,unconfigured,,,unresolved,retry,source_network_failure,,,runtime_unverified,,0,2026-09-09T18:07:30.882873+00:00,unverified,unverified,尚未核实正文取得及再利用范围；不能以登记网址视为正文已完成。,此前网络读取失败，尚未判明入口是否长期不可用。,先核对所列候选入口，再完成可恢复分页、中文样文和同生产环境验证。,,,,unverified/unverified/unverified
target_2514a14978b9e277fc742243888dd3847d3a3d0a8cf3fb05f02873830b3fc2e5,target_2514a14978b9e277,S04-R005,obs_84b734effef94c1b20480a86fd,CN,CN,中国,内蒙古,内蒙古,内蒙古,内蒙古人力资源和社会保障厅,中国省区政府部门,劳动与社会保障,B2_政府配套政策,https://rst.nmg.gov.cn/hdjl/xzzx/,https://rst.nmg.gov.cn/hdjl/xzzx/,https://rst.nmg.gov.cn/hdjl/xzzx/,unconfigured,,,unresolved,retry,source_robots_unavailable,,,runtime_unverified,,0,2026-09-09T18:07:30.882873+00:00,unverified,unverified,尚未核实正文取得及再利用范围；不能以登记网址视为正文已完成。,此前未能完成robots检查，需要恢复检查后再安排采集。,先核对所列候选入口，再完成可恢复分页、中文样文和同生产环境验证。,,,非站点根路径_需确认栏目适用性,unverified/unverified/unverified
target_b581bdbcfb2c8bdfe4fe0211427b235c18b0ba915a42b32947ccfb04f1dae301,target_b581bdbcfb2c8bdf,S12-R005,obs_b4fb5ddcf42ca06b362138c260,CN,CN,中国,青海省,青海省,青海省,青海省人力资源和社会保障厅,中国省区政府部门,劳动与社会保障,B2_政府配套政策,https://rst.qinghai.gov.cn/zxzx.html,https://rst.qinghai.gov.cn/zxzx.html,https://rst.qinghai.gov.cn/zxzx.html,unconfigured,,,unresolved,retry,source_adapter_required,https://rst.qinghai.gov.cn/zfxxgk.html;https://rst.qinghai.gov.cn/zcfg.html;https://rst.qinghai.gov.cn/zxzx/rdzx/query/202603251759223157rd.html;https://rst.qinghai.gov.cn/zxzx/rdzx/query/202603031631552535rd.html;https://rst.qinghai.gov.cn/zxzx/rdzx/query/202608171749314700rd.html,html;html;html;html;html,runtime_unverified,,0,2026-09-09T18:07:30.882873+00:00,unverified,unverified,尚未核实正文取得及再利用范围；不能以登记网址视为正文已完成。,入口能识别部分内容，但仍需适配文章身份、日期、正文或分页。,先核对所列候选入口，再完成可恢复分页、中文样文和同生产环境验证。,,,非站点根路径_需确认栏目适用性,unverified/unverified/unverified
target_8eb1bed78a3538a4bdc1a8645dab7d61bc4ab2d1aac8db4074d316828fc7b93b,target_8eb1bed78a3538a4,S05-R005,obs_ca11cf89a04fb4d271650ccb97,CN,CN,中国,山西省,山西省,山西省,山西省人力资源和社会保障厅,中国省区政府部门,劳动与社会保障,B2_政府配套政策,https://rst.shanxi.gov.cn/,https://rst.shanxi.gov.cn/,https://rst.shanxi.gov.cn/,unconfigured,,,unresolved,retry,source_adapter_required,https://rst.shanxi.gov.cn/zwyw/gzdt/;https://rst.shanxi.gov.cn/zwyw/gzdt/gndt/;https://rst.shanxi.gov.cn/zwyw/tzgg/;https://rst.shanxi.gov.cn/zwyw/gzdt/tpxw/;https://rst.shanxi.gov.cn/zwyw/gzdt/jcdt/,html;html;html;html;html,runtime_unverified,,0,2026-09-09T18:07:30.882873+00:00,unverified,unverified,尚未核实正文取得及再利用范围；不能以登记网址视为正文已完成。,入口能识别部分内容，但仍需适配文章身份、日期、正文或分页。,先核对所列候选入口，再完成可恢复分页、中文样文和同生产环境验证。,,,,unverified/unverified/unverified
target_733d8104a7f8f41ee4653232da7f554bb261a058e6fb94de1a609d51a3f51e88,target_733d8104a7f8f41e,S13-R005,obs_f61cc567ebb06d48c300db50ea,CN,CN,中国,新疆,新疆,新疆,新疆人力资源和社会保障厅,中国省区政府部门,劳动与社会保障,B2_政府配套政策,https://rst.xinjiang.gov.cn/,https://rst.xinjiang.gov.cn/,https://rst.xinjiang.gov.cn/,configured,src_e522bfba4f60be20de1a2acc,https://rst.xinjiang.gov.cn/xjrst/c112677/zfxxgk_gknrz.shtml,html,discovered,source_identity_review_required,https://rst.xinjiang.gov.cn/xjrst/c112677/202609/bf05674f4ba447af97b13d376854910f.shtml;https://rst.xinjiang.gov.cn/xjrst/c112746/202609/83ffeaee78154a9dbe7d47b88b512888.shtml;https://rst.xinjiang.gov.cn/xjrst/c112719/202609/3e8949ed795e4b21acc8f05bebde2d0e.shtml;https://rst.xinjiang.gov.cn/xjrst/c112485/list.shtml;https://rst.xinjiang.gov.cn/xjrst/dzdt/list.shtml,html;html;html;html;html,runtime_unverified,active,0,2026-09-13T14:42:09.294620Z,unverified,unverified,仅逐文核实的本机关正式行政文件网页内文；题文身份、独立机关署名（包括已经核实的机关简称）及落款日期成立后依著作权法第五条处理。新闻、第三方作品、图片和未读取附件不在范围。,持续供稿、全部库存中文阅读和可提供全文的正文完成仍需验证。,验证真实新稿与历史库存的自动中文处理和公开，补齐允许范围内的正文。,,,,unverified/unverified/unverified
target_84c4d1c7e8e47eb10fd6a35b609a28779e9c8a966f7e64bf635a7b0db29af02a,target_84c4d1c7e8e47eb1,S11-R014,obs_ba8254b9ee7aa1b06cc02c816b,CN,CN,中国,甘肃省,甘肃省,甘肃省,甘肃省市场监督管理局,中国省区政府部门,综合或未明确,B2_政府配套政策,https://scjg.gansu.gov.cn/,https://scjg.gansu.gov.cn/,https://scjg.gansu.gov.cn/,unconfigured,,,unresolved,retry,source_temporarily_unavailable,,,runtime_unverified,,0,2026-09-09T18:07:30.882873+00:00,unverified,unverified,尚未核实正文取得及再利用范围；不能以登记网址视为正文已完成。,此前来源临时不可用，需重新核实当前响应。,先核对所列候选入口，再完成可恢复分页、中文样文和同生产环境验证。,,,,unverified/unverified/unverified
target_7725710392349e8bf3bddd9767387b6f06b34e086b6b5e85ca32bc8b8ee66cc7,target_7725710392349e8b,S06-R014,obs_7e941a90b4f24a3382a04ded89,CN,CN,中国,河南省,河南省,河南省,河南省市场监督管理局,中国省区政府部门,综合或未明确,B2_政府配套政策,https://scjg.henan.gov.cn/,https://scjg.henan.gov.cn/,https://scjg.henan.gov.cn/,unconfigured,,,unresolved,retry,source_adapter_required,https://scjg.henan.gov.cn/zw/;https://scjg.henan.gov.cn/xw/zjyw/;https://scjg.henan.gov.cn/xw/sj/;https://scjg.henan.gov.cn/zw/zfxxgk/xxgkml/zcwj/;https://scjg.henan.gov.cn/zw/zfxxgk/xxgkml/zcjd/,html;html;html;html;html,runtime_unverified,,0,2026-09-09T18:07:30.882873+00:00,unverified,unverified,尚未核实正文取得及再利用范围；不能以登记网址视为正文已完成。,入口能识别部分内容，但仍需适配文章身份、日期、正文或分页。,先核对所列候选入口，再完成可恢复分页、中文样文和同生产环境验证。,,,,unverified/unverified/unverified
target_83d47e7da1e5be250fda0b5b46c9078c4a2b3824880c6b290285074a8c64ba5f,target_83d47e7da1e5be25,S08-R014,obs_a4a3fc1d5833a4d7244a66f36b,CN,CN,中国,福建省,福建省,福建省,福建省市场监督管理局,中国省区政府部门,综合或未明确,B2_政府配套政策,https://scjgj.fujian.gov.cn/,https://scjgj.fujian.gov.cn/,https://scjgj.fujian.gov.cn/,unconfigured,,,unresolved,retry,source_adapter_required,https://scjgj.fujian.gov.cn/zw/;https://scjgj.fujian.gov.cn/zfxxgkzl/;https://scjgj.fujian.gov.cn/zw/tzgg/;https://scjgj.fujian.gov.cn/zw/zcfg/;https://scjgj.fujian.gov.cn/zw/ssjygk/,html;html;html;html;html,runtime_unverified,,0,2026-09-09T18:07:30.882873+00:00,unverified,unverified,尚未核实正文取得及再利用范围；不能以登记网址视为正文已完成。,入口能识别部分内容，但仍需适配文章身份、日期、正文或分页。,先核对所列候选入口，再完成可恢复分页、中文样文和同生产环境验证。,,,,unverified/unverified/unverified
target_0821d609d7e5d6a2e9ee7d87d539d87238f48b01791b46c1b73df7e2f2feebea,target_0821d609d7e5d6a2,S05-R014,obs_a3275a25337b5f77ba77ebebeb,CN,CN,中国,山西省,山西省,山西省,山西省市场监督管理局,中国省区政府部门,综合或未明确,B2_政府配套政策,https://scjgj.shanxi.gov.cn/,https://scjgj.shanxi.gov.cn/,https://scjgj.shanxi.gov.cn/,unconfigured,,,unresolved,retry,source_adapter_required,https://scjgj.shanxi.gov.cn/xwzx/;https://scjgj.shanxi.gov.cn/zwgk/;https://scjgj.shanxi.gov.cn/xwzx/dtyw/;https://scjgj.shanxi.gov.cn/zwgk/jgfl/zcjd/;https://scjgj.shanxi.gov.cn/zwgk/jgfl/wjtz/,html;html;html;html;html,runtime_unverified,,0,2026-09-09T18:07:30.882873+00:00,unverified,unverified,尚未核实正文取得及再利用范围；不能以登记网址视为正文已完成。,入口能识别部分内容，但仍需适配文章身份、日期、正文或分页。,先核对所列候选入口，再完成可恢复分页、中文样文和同生产环境验证。,,,,unverified/unverified/unverified
target_7f14b96161dc0cff98d60c11abd02c484d0b111f9e1865f7cb5611cee02b2482,target_7f14b96161dc0cff,S13-R014,obs_a45a842c59a79db8d921dfd922,CN,CN,中国,新疆,新疆,新疆,新疆市场监督管理局,中国省区政府部门,综合或未明确,B2_政府配套政策,https://scjgj.xinjiang.gov.cn/,https://scjgj.xinjiang.gov.cn/,https://scjgj.xinjiang.gov.cn/,unconfigured,,,unresolved,retry,source_adapter_required,https://scjgj.xinjiang.gov.cn/xjaic/xjxw/xw.shtml;https://scjgj.xinjiang.gov.cn/xjaic/myzfxxgkzn/zfxxgk_xxgkzd.shtml;https://scjgj.xinjiang.gov.cn/xjaic/tpxw/common_list1578453299909.shtml;https://scjgj.xinjiang.gov.cn/xjaic/myzfxxgkzd/zfxxgk_gknrz.shtml;https://scjgj.xinjiang.gov.cn/xjaic/myysqgk/zfxxgk_xxgkzd.shtml,html;html;html;html;html,runtime_unverified,,0,2026-09-09T18:07:30.882873+00:00,unverified,unverified,尚未核实正文取得及再利用范围；不能以登记网址视为正文已完成。,入口能识别部分内容，但仍需适配文章身份、日期、正文或分页。,先核对所列候选入口，再完成可恢复分页、中文样文和同生产环境验证。,,,,unverified/unverified/unverified
target_971a7e0374bcfdbaed274a61cc18d7648898272e44cdaabb724366a5e76ae253,target_971a7e0374bcfdba,S07-R008,obs_b4739a7b1f3ea32e6ac024dccf,CN,CN,中国,安徽省,安徽省,安徽省,安徽省水利厅,中国省区政府部门,水资源,B2_政府配套政策,https://slt.ah.gov.cn/,https://slt.ah.gov.cn/,https://slt.ah.gov.cn/,unconfigured,,,unresolved,retry,source_adapter_required,https://slt.ah.gov.cn/xwzx/index.html;https://slt.ah.gov.cn/xwzx/tzgg/index.html;https://slt.ah.gov.cn/xwzx/tpxw/index.html;https://slt.ah.gov.cn/xwzx/gzdt/index.html;https://slt.ah.gov.cn/public/column/21731?type=2,html;html;html;html;html,runtime_unverified,,0,2026-09-09T18:07:30.882873+00:00,unverified,unverified,尚未核实正文取得及再利用范围；不能以登记网址视为正文已完成。,入口能识别部分内容，但仍需适配文章身份、日期、正文或分页。,先核对所列候选入口，再完成可恢复分页、中文样文和同生产环境验证。,,,,unverified/unverified/unverified
target_5693dd6d397cdab5ef967870a18f5fb02d9cb006c39c2e9bc2838acdcc9b4409,target_5693dd6d397cdab5,S08-R008,obs_701f70b682e74d6be20d6186ff,CN,CN,中国,福建省,福建省,福建省,福建省水利厅,中国省区政府部门,水资源,B2_政府配套政策,https://slt.fj.gov.cn/wzsy/,https://slt.fj.gov.cn/wzsy/,https://slt.fj.gov.cn/wzsy/,unconfigured,,,unresolved,discovered,source_identity_review_required,https://slt.fj.gov.cn/wzsy/tzgg/;https://slt.fj.gov.cn/wzsy/tzgg/202609/t20260908_7210270.htm;https://slt.fj.gov.cn/wzsy/tzgg/202609/t20260908_7210264.htm;https://slt.fj.gov.cn/wzsy/tzgg/202609/t20260908_7210261.htm;https://slt.fj.gov.cn/xxgk/zfxxgk/xxgkml/ghjh_31117/ndjh/202602/t20260224_7099948.htm,html;html;html;html;html,runtime_unverified,,0,2026-09-09T18:07:30.882873+00:00,unverified,unverified,尚未核实正文取得及再利用范围；不能以登记网址视为正文已完成。,已发现候选页面，但发布方或文章身份尚未核实。,先核对所列候选入口，再完成可恢复分页、中文样文和同生产环境验证。,,,非站点根路径_需确认栏目适用性,unverified/unverified/unverified
target_84788e15fef19d986eff8974f33bd2dcc3aa512ba955e67ba5eea026333c050c,target_84788e15fef19d98,S11-R008,obs_6ca6e0012827fb64c97367cffb,CN,CN,中国,甘肃省,甘肃省,甘肃省,甘肃省水利厅,中国省区政府部门,水资源,B2_政府配套政策,https://slt.gansu.gov.cn/,https://slt.gansu.gov.cn/,https://slt.gansu.gov.cn/,unconfigured,,,unresolved,retry,source_temporarily_unavailable,,,runtime_unverified,,0,2026-09-09T18:07:30.882873+00:00,unverified,unverified,尚未核实正文取得及再利用范围；不能以登记网址视为正文已完成。,此前来源临时不可用，需重新核实当前响应。,先核对所列候选入口，再完成可恢复分页、中文样文和同生产环境验证。,,,,unverified/unverified/unverified
target_5593478b6b3e8f633d2322f56d7889c931a6024020ee799804501e35cb87f117,target_5593478b6b3e8f63,S06-R008,obs_3f5000353d000aed3fe57005d4,CN,CN,中国,河南省,河南省,河南省,河南省水利厅,中国省区政府部门,水资源,B2_政府配套政策,https://slt.henan.gov.cn/,https://slt.henan.gov.cn/,https://slt.henan.gov.cn/,unconfigured,,,unresolved,retry,source_adapter_required,https://slt.henan.gov.cn/sldt/;https://slt.henan.gov.cn/zwgk/zfxxgk/;https://slt.henan.gov.cn/sldt/slyw;https://slt.henan.gov.cn/sldt/ggl/;https://slt.henan.gov.cn/zwgk/slfg,html;html;html;html;html,runtime_unverified,,0,2026-09-09T18:07:30.882873+00:00,unverified,unverified,尚未核实正文取得及再利用范围；不能以登记网址视为正文已完成。,入口能识别部分内容，但仍需适配文章身份、日期、正文或分页。,先核对所列候选入口，再完成可恢复分页、中文样文和同生产环境验证。,,,,unverified/unverified/unverified
target_e42e30bd4bd9573f753bfd1a5731cefe1097c748e1664abf42353426a4667761,target_e42e30bd4bd9573f,S09-R008,obs_ddb2faebe503bf423df032e42d,CN,CN,中国,湖南省,湖南省,湖南省,湖南省水利厅,中国省区政府部门,水资源,B2_政府配套政策,https://slt.hunan.gov.cn/,https://slt.hunan.gov.cn/,https://slt.hunan.gov.cn/,unconfigured,,,unresolved,retry,source_network_failure,,,runtime_unverified,,0,2026-09-09T18:07:30.882873+00:00,unverified,unverified,尚未核实正文取得及再利用范围；不能以登记网址视为正文已完成。,此前网络读取失败，尚未判明入口是否长期不可用。,先核对所列候选入口，再完成可恢复分页、中文样文和同生产环境验证。,,,,unverified/unverified/unverified
target_1f01495df98e2c3b9a5d8687d2da284791b9544ec32f46b60837d610808dcfa3,target_1f01495df98e2c3b,S04-R008,obs_973d89573246724b2a0bed1027,CN,CN,中国,内蒙古,内蒙古,内蒙古,内蒙古水利厅,中国省区政府部门,水资源,B2_政府配套政策,https://slt.nmg.gov.cn/,https://slt.nmg.gov.cn/,https://slt.nmg.gov.cn/,unconfigured,,,unresolved,retry,source_network_failure,,,runtime_unverified,,0,2026-09-09T18:07:30.882873+00:00,unverified,unverified,尚未核实正文取得及再利用范围；不能以登记网址视为正文已完成。,此前网络读取失败，尚未判明入口是否长期不可用。,先核对所列候选入口，再完成可恢复分页、中文样文和同生产环境验证。,,,,unverified/unverified/unverified
target_d281a1912f91867d3179cda6a292914a910aa8e65f4a38683a74ebf6444366b8,target_d281a1912f91867d,S12-R008,obs_31a538599805dbe00e9b488756,CN,CN,中国,青海省,青海省,青海省,青海省水利厅,中国省区政府部门,水资源,B2_政府配套政策,https://slt.qinghai.gov.cn/articles/information/list?cid=11,https://slt.qinghai.gov.cn/articles/information/list?cid=11,https://slt.qinghai.gov.cn/articles/information/list?cid=11,unconfigured,,,unresolved,discovered,source_adapter_required,,,runtime_unverified,,0,2026-09-09T18:07:30.882873+00:00,unverified,unverified,尚未核实正文取得及再利用范围；不能以登记网址视为正文已完成。,入口能识别部分内容，但仍需适配文章身份、日期、正文或分页。,先核对所列候选入口，再完成可恢复分页、中文样文和同生产环境验证。,,,非站点根路径_需确认栏目适用性,unverified/unverified/unverified
target_a3e92813f1a23894d883330e1b1ad428f9af6277dee476eaaf68ed90050b54af,target_a3e92813f1a23894,S05-R008,obs_5a360bb8a685d35920f54680a1,CN,CN,中国,山西省,山西省,山西省,山西省水利厅,中国省区政府部门,水资源,B2_政府配套政策,https://slt.shanxi.gov.cn/,https://slt.shanxi.gov.cn/,https://slt.shanxi.gov.cn/,unconfigured,,,unresolved,retry,source_adapter_required,https://slt.shanxi.gov.cn/sldt/;https://slt.shanxi.gov.cn/zwgk/;https://slt.shanxi.gov.cn/zwfw/;https://slt.shanxi.gov.cn/sldt/sxdt/;https://slt.shanxi.gov.cn/sldt/xyxw/,html;html;html;html;html,runtime_unverified,,0,2026-09-09T18:07:30.882873+00:00,unverified,unverified,尚未核实正文取得及再利用范围；不能以登记网址视为正文已完成。,入口能识别部分内容，但仍需适配文章身份、日期、正文或分页。,先核对所列候选入口，再完成可恢复分页、中文样文和同生产环境验证。,,,,unverified/unverified/unverified
target_a76bb4be7aee796bd0828cafdb4284bb625f9334eefc0adae900d6c596f2b26f,target_a76bb4be7aee796b,S13-R008,obs_9e8b27c0fbbfe80fbe01398275,CN,CN,中国,新疆,新疆,新疆,新疆水利厅,中国省区政府部门,水资源,B2_政府配套政策,https://slt.xinjiang.gov.cn/,https://slt.xinjiang.gov.cn/,https://slt.xinjiang.gov.cn/,unconfigured,,,unresolved,retry,source_adapter_required,https://slt.xinjiang.gov.cn/xjslt/c114422/zwdt.shtml;https://slt.xinjiang.gov.cn/xjslt/c114459/zwgk.shtml;https://slt.xinjiang.gov.cn/xjslt/c114493/202608/bd0b217dac064062afea0997a38f725d.shtml;https://slt.xinjiang.gov.cn/xjslt/c114493/202608/b0efe6cd65154a29891ee7bc77b325cf.shtml;https://slt.xinjiang.gov.cn/xjslt/c114554/202607/8754e02e6595423aa597c21f5f080a3a.shtml,html;html;html;html;html,runtime_unverified,,0,2026-09-09T18:07:30.882873+00:00,unverified,unverified,尚未核实正文取得及再利用范围；不能以登记网址视为正文已完成。,入口能识别部分内容，但仍需适配文章身份、日期、正文或分页。,先核对所列候选入口，再完成可恢复分页、中文样文和同生产环境验证。,,,,unverified/unverified/unverified
target_3fce9462ad5e5961d6ca04ee09609f6762fcc84a1c0fb8cfb429896b4059436b,target_3fce9462ad5e5961,S02-R010,obs_59e8be343eae81ada912afaf3d,CN,CN,中国,黑龙江省,黑龙江省,黑龙江省,黑龙江省商务厅,中国省区政府部门,财税与经济,B2_政府配套政策,https://sswt.hlj.gov.cn/,https://sswt.hlj.gov.cn/,https://sswt.hlj.gov.cn/,unconfigured,,,unresolved,retry,source_adapter_required,https://sswt.hlj.gov.cn/sswt/c103655/xwdt.shtml;https://sswt.hlj.gov.cn/sswt/zwgk/zwgk.shtml;https://sswt.hlj.gov.cn/sswt/c103707/redirect_firstChannel.shtml;https://sswt.hlj.gov.cn/sswt/c103656/202608/c00_31967155.shtml;https://sswt.hlj.gov.cn/sswt/c103657/list.shtml,html;html;html;html;html,runtime_unverified,,0,2026-09-09T18:07:30.882873+00:00,unverified,unverified,尚未核实正文取得及再利用范围；不能以登记网址视为正文已完成。,入口能识别部分内容，但仍需适配文章身份、日期、正文或分页。,先核对所列候选入口，再完成可恢复分页、中文样文和同生产环境验证。,,,,unverified/unverified/unverified
target_117bff9560cd098982c0000aa868e9dd7c520a7d6a68d54e6a9067182e16b038,target_117bff9560cd0989,S11-R004,obs_353d03938887f69616610092dd,CN,CN,中国,甘肃省,甘肃省,甘肃省,甘肃省生态环境厅,中国省区政府部门,环境,B2_政府配套政策,https://sthj.gansu.gov.cn/,https://sthj.gansu.gov.cn/,https://sthj.gansu.gov.cn/,unconfigured,,,unresolved,retry,source_temporarily_unavailable,,,runtime_unverified,,0,2026-09-09T18:07:30.882873+00:00,unverified,unverified,尚未核实正文取得及再利用范围；不能以登记网址视为正文已完成。,此前来源临时不可用，需重新核实当前响应。,先核对所列候选入口，再完成可恢复分页、中文样文和同生产环境验证。,,,,unverified/unverified/unverified
target_586d4c548f07ce00b0a2e08090040060ebbab89b1c3ae17b295429ea7d274369,target_586d4c548f07ce00,S10-R004,obs_3323f6a0a6e506a48fc7b4fa75,CN,CN,中国,贵州省,贵州省,贵州省,贵州省生态环境厅,中国省区政府部门,环境,B2_政府配套政策,https://sthj.guizhou.gov.cn/,https://sthj.guizhou.gov.cn/,https://sthj.guizhou.gov.cn/,unconfigured,,,unresolved,retry,source_adapter_required,https://sthj.guizhou.gov.cn/xwzx/;https://sthj.guizhou.gov.cn/zwgk/;https://sthj.guizhou.gov.cn/zwfw/;https://sthj.guizhou.gov.cn/xwzx/tzgg/;https://sthj.guizhou.gov.cn/xwzx/stdt/,html;html;html;html;html,runtime_unverified,,0,2026-09-09T18:07:30.882873+00:00,unverified,unverified,尚未核实正文取得及再利用范围；不能以登记网址视为正文已完成。,入口能识别部分内容，但仍需适配文章身份、日期、正文或分页。,先核对所列候选入口，再完成可恢复分页、中文样文和同生产环境验证。,,,,unverified/unverified/unverified
target_5815e17b7346dbeb8ed00933f17cc0af704601c77d2ed1986eef05102791c173,target_5815e17b7346dbeb,S07-R004,obs_4017567a9e1a999d7432dd4fb9,CN,CN,中国,安徽省,安徽省,安徽省,安徽省生态环境厅,中国省区政府部门,环境,B2_政府配套政策,https://sthjt.ah.gov.cn/,https://sthjt.ah.gov.cn/,https://sthjt.ah.gov.cn/,unconfigured,,,unresolved,discovered,source_identity_review_required,https://sthjt.ah.gov.cn/public/column/21691?type=2;https://sthjt.ah.gov.cn/zxfw/index.html;https://sthjt.ah.gov.cn/hbzx/gzdt/stdt/123459481.html;https://sthjt.ah.gov.cn/hbzx/gzdt/stdt/123389071.html;https://sthjt.ah.gov.cn/hbzx/gzdt/stdt/index.html,html;html;html;html;html,runtime_unverified,,0,2026-09-09T18:07:30.882873+00:00,unverified,unverified,尚未核实正文取得及再利用范围；不能以登记网址视为正文已完成。,已发现候选页面，但发布方或文章身份尚未核实。,先核对所列候选入口，再完成可恢复分页、中文样文和同生产环境验证。,,,,unverified/unverified/unverified
target_dadbc7ee34a65653fe2d115147e53312e1f9b94efafb91310c318d5d8cb064f6,target_dadbc7ee34a65653,S08-R004,obs_0b54cd6003ae28d3711853331f,CN,CN,中国,福建省,福建省,福建省,福建省生态环境厅,中国省区政府部门,环境,B2_政府配套政策,https://sthjt.fujian.gov.cn/,https://sthjt.fujian.gov.cn/,https://sthjt.fujian.gov.cn/,unconfigured,,,unresolved,retry,source_adapter_required,https://sthjt.fujian.gov.cn/zwgk/;https://sthjt.fujian.gov.cn/zwgk/gsgg/;https://sthjt.fujian.gov.cn/zwgk/flfg/;https://sthjt.fujian.gov.cn/zwgk/wjjd/;https://sthjt.fujian.gov.cn/zwgk/zfxxgkzl/zfxxgkzn/,html;html;html;html;html,runtime_unverified,,0,2026-09-09T18:07:30.882873+00:00,unverified,unverified,尚未核实正文取得及再利用范围；不能以登记网址视为正文已完成。,入口能识别部分内容，但仍需适配文章身份、日期、正文或分页。,先核对所列候选入口，再完成可恢复分页、中文样文和同生产环境验证。,,,,unverified/unverified/unverified
target_1321b74328c9549437762e61c5982f3790310fd44404d94c45725a03fe857faa,target_1321b74328c95494,S06-R004,obs_516fb717c854045bcc8373076a,CN,CN,中国,河南省,河南省,河南省,河南省生态环境厅,中国省区政府部门,环境,B2_政府配套政策,https://sthjt.henan.gov.cn/,https://sthjt.henan.gov.cn/,https://sthjt.henan.gov.cn/,unconfigured,,,unresolved,retry,source_adapter_required,https://sthjt.henan.gov.cn/xxzy/dtxw/;https://sthjt.henan.gov.cn/xxzy/dtxw/stdt/;https://sthjt.henan.gov.cn/xxzy/dtxw/sxdt/;https://sthjt.henan.gov.cn/xxzy/tzgg/;https://sthjt.henan.gov.cn/xxgk/zfxxgk/xxgkzn/,html;html;html;html;html,runtime_unverified,,0,2026-09-09T18:07:30.882873+00:00,unverified,unverified,尚未核实正文取得及再利用范围；不能以登记网址视为正文已完成。,入口能识别部分内容，但仍需适配文章身份、日期、正文或分页。,先核对所列候选入口，再完成可恢复分页、中文样文和同生产环境验证。,,,,unverified/unverified/unverified
target_9ee04f91d64dbf346e880f5ecc8782c3e05a0f0ec179f79848c72c81648810e0,target_9ee04f91d64dbf34,S09-R004,obs_ae5807700be0ecc95cb3c8db7c,CN,CN,中国,湖南省,湖南省,湖南省,湖南省生态环境厅,中国省区政府部门,环境,B2_政府配套政策,https://sthjt.hunan.gov.cn/,https://sthjt.hunan.gov.cn/,https://sthjt.hunan.gov.cn/,unconfigured,,,unresolved,retry,source_network_failure,,,runtime_unverified,,0,2026-09-09T18:07:30.882873+00:00,unverified,unverified,尚未核实正文取得及再利用范围；不能以登记网址视为正文已完成。,此前网络读取失败，尚未判明入口是否长期不可用。,先核对所列候选入口，再完成可恢复分页、中文样文和同生产环境验证。,,,,unverified/unverified/unverified
target_dd94bc9c95a9e538b779f4e08c1e34924be8ada59d1d59be265f293f5dcb0476,target_dd94bc9c95a9e538,S03-R004,obs_ffe195495e605c05a92679f0ab,CN,CN,中国,吉林省,吉林省,吉林省,吉林省生态环境厅,中国省区政府部门,环境,B2_政府配套政策,https://sthjt.jl.gov.cn/,https://sthjt.jl.gov.cn/,https://sthjt.jl.gov.cn/,unconfigured,,,unresolved,retry,source_adapter_required,https://sthjt.jl.gov.cn/zcjd/;https://sthjt.jl.gov.cn/ywdt/;https://sthjt.jl.gov.cn/ywdt/tzgg/;https://sthjt.jl.gov.cn/ywdt/ssdt/;https://sthjt.jl.gov.cn/ywdt/gkgs/,html;html;html;html;html,runtime_unverified,,0,2026-09-09T18:07:30.882873+00:00,unverified,unverified,尚未核实正文取得及再利用范围；不能以登记网址视为正文已完成。,入口能识别部分内容，但仍需适配文章身份、日期、正文或分页。,先核对所列候选入口，再完成可恢复分页、中文样文和同生产环境验证。,,,,unverified/unverified/unverified
target_45b4c68380bd43b2ece9c602fa42d5089272d726b206fd0d5d003610c6abbfa1,target_45b4c68380bd43b2,S04-R004,obs_facfd2f7c26635f5b417e968b9,CN,CN,中国,内蒙古,内蒙古,内蒙古,内蒙古生态环境厅,中国省区政府部门,环境,B2_政府配套政策,https://sthjt.nmg.gov.cn/,https://sthjt.nmg.gov.cn/,https://sthjt.nmg.gov.cn/,unconfigured,,,unresolved,retry,source_robots_unavailable,,,runtime_unverified,,0,2026-09-09T18:07:30.882873+00:00,unverified,unverified,尚未核实正文取得及再利用范围；不能以登记网址视为正文已完成。,此前未能完成robots检查，需要恢复检查后再安排采集。,先核对所列候选入口，再完成可恢复分页、中文样文和同生产环境验证。,,,,unverified/unverified/unverified
target_b3e7801bf3bf86c948741c586cdf954efcff825f1fcae71ee19bb3f277471585,target_b3e7801bf3bf86c9,S12-R004,obs_b6d118c63ef5a8e9d3b5e98c3b,CN,CN,中国,青海省,青海省,青海省,青海省生态环境厅,中国省区政府部门,环境,B2_政府配套政策,https://sthjt.qinghai.gov.cn/gzfw/ywxtrk/,https://sthjt.qinghai.gov.cn/gzfw/ywxtrk/,https://sthjt.qinghai.gov.cn/gzfw/ywxtrk/,unconfigured,,,unresolved,retry,source_adapter_required,https://sthjt.qinghai.gov.cn/;https://sthjt.qinghai.gov.cn/zwgk/;https://sthjt.qinghai.gov.cn/xwzx/gsgg/;https://sthjt.qinghai.gov.cn/xwzx/xydt/;https://sthjt.qinghai.gov.cn/xwzx/gsgg/202609/t20260904_133046.html,html;html;html;html;html,runtime_unverified,,0,2026-09-09T18:07:30.882873+00:00,unverified,unverified,尚未核实正文取得及再利用范围；不能以登记网址视为正文已完成。,入口能识别部分内容，但仍需适配文章身份、日期、正文或分页。,先核对所列候选入口，再完成可恢复分页、中文样文和同生产环境验证。,,,非站点根路径_需确认栏目适用性,unverified/unverified/unverified
target_c54f2346091d43815caaeb25f52c499ae003ea538aa5df68dcc7d91df4bb56b4,target_c54f2346091d4381,S05-R004,obs_caaff931e8c31bcf8aaaf36661,CN,CN,中国,山西省,山西省,山西省,山西省生态环境厅,中国省区政府部门,环境,B2_政府配套政策,https://sthjt.shanxi.gov.cn/,https://sthjt.shanxi.gov.cn/,https://sthjt.shanxi.gov.cn/,unconfigured,,,unresolved,retry,source_adapter_required,https://sthjt.shanxi.gov.cn/zfxxgk/;https://sthjt.shanxi.gov.cn/zfxxgk/xxgkgd/;https://sthjt.shanxi.gov.cn/zfxxgk/xxgkzn/;https://sthjt.shanxi.gov.cn/zfxxgk/zdgkjbml/;https://sthjt.shanxi.gov.cn/zfxxgk/xxgknb/,html;html;html;html;html,runtime_unverified,,0,2026-09-09T18:07:30.882873+00:00,unverified,unverified,尚未核实正文取得及再利用范围；不能以登记网址视为正文已完成。,入口能识别部分内容，但仍需适配文章身份、日期、正文或分页。,先核对所列候选入口，再完成可恢复分页、中文样文和同生产环境验证。,,,,unverified/unverified/unverified
target_cb63fc40a7c3839e877d5582d41d7e89408b2fac8ee0b2d70a79a13a7b00be57,target_cb63fc40a7c3839e,S13-R004,obs_db4438cfa9b3d5e542320c6224,CN,CN,中国,新疆,新疆,新疆,新疆生态环境厅,中国省区政府部门,环境,B2_政府配套政策,https://sthjt.xinjiang.gov.cn/,https://sthjt.xinjiang.gov.cn/,https://sthjt.xinjiang.gov.cn/,unconfigured,,,unresolved,retry,source_adapter_required,https://sthjt.xinjiang.gov.cn/xjepd/xxgk/xxgk.shtml;https://sthjt.xinjiang.gov.cn/xjepd/kjcwcysjs/common_list.shtml;https://sthjt.xinjiang.gov.cn/xjepd/xwzxtndt/common_list.shtml;https://sthjt.xinjiang.gov.cn/xjepd/xwzxtpxw/tw_list.shtml;https://sthjt.xinjiang.gov.cn/xjepd/fgbzc/jump.shtml,html;html;html;html;html,runtime_unverified,,0,2026-09-09T18:07:30.882873+00:00,unverified,unverified,尚未核实正文取得及再利用范围；不能以登记网址视为正文已完成。,入口能识别部分内容，但仍需适配文章身份、日期、正文或分页。,先核对所列候选入口，再完成可恢复分页、中文样文和同生产环境验证。,,,,unverified/unverified/unverified
target_fbddb500aee7c352f9542d6bad176a63c88c13261cc4d5a9559aa85f66b39b29,target_fbddb500aee7c352,S15-R004,obs_89c926a664f84a5c70ecd75bbc,CN,CN,中国,云南省,云南省,云南省,云南省生态环境厅,中国省区政府部门,环境,B2_政府配套政策,https://sthjt.yn.gov.cn/,https://sthjt.yn.gov.cn/,https://sthjt.yn.gov.cn/,unconfigured,,,unresolved,retry,source_adapter_required,https://sthjt.yn.gov.cn/xxywzsdt/;https://sthjt.yn.gov.cn/xxgk/index.aspx;https://sthjt.yn.gov.cn/apply.aspx;https://sthjt.yn.gov.cn/xxgk/xxgkzn.aspx;https://sthjt.yn.gov.cn/xxgk/xxgknb.aspx,html;html;html;html;html,runtime_unverified,,0,2026-09-09T18:07:30.882873+00:00,unverified,unverified,尚未核实正文取得及再利用范围；不能以登记网址视为正文已完成。,入口能识别部分内容，但仍需适配文章身份、日期、正文或分页。,先核对所列候选入口，再完成可恢复分页、中文样文和同生产环境验证。,,,,unverified/unverified/unverified
target_3a7579452d3c8c29c0ef55de4c611e3b5173e058eff7a554471c2c3e1c258705,target_3a7579452d3c8c29,S08-R010,obs_67396c60f760caedb2067e0f0d,CN,CN,中国,福建省,福建省,福建省,福建省商务厅,中国省区政府部门,财税与经济,B2_政府配套政策,https://swt.fujian.gov.cn/,https://swt.fujian.gov.cn/,https://swt.fujian.gov.cn/,unconfigured,,,unresolved,discovered,source_identity_review_required,https://swt.fujian.gov.cn/xxgk/;https://swt.fujian.gov.cn/xxgk/czzj/zbcg/202608/t20260825_7203757.htm;https://swt.fujian.gov.cn/xxgk/czzj/zbcg/202608/t20260821_7202185.htm;https://swt.fujian.gov.cn/xxgk/czzj/zbcg/202608/t20260821_7202176.htm;https://swt.fujian.gov.cn/xxgk/flfg/dwmyx/202608/t20260827_7205335.htm,html;html;html;html;html,runtime_unverified,,0,2026-09-09T18:07:30.882873+00:00,unverified,unverified,尚未核实正文取得及再利用范围；不能以登记网址视为正文已完成。,已发现候选页面，但发布方或文章身份尚未核实。,先核对所列候选入口，再完成可恢复分页、中文样文和同生产环境验证。,,,,unverified/unverified/unverified
target_5105743a70fa122d7244a1e9467d445e74c54a81cd2c0c0e28b15994eab520ca,target_5105743a70fa122d,S11-R010,obs_f3d7476b6eccd9aee6fea7b02a,CN,CN,中国,甘肃省,甘肃省,甘肃省,甘肃省商务厅,中国省区政府部门,财税与经济,B2_政府配套政策,https://swt.gansu.gov.cn/,https://swt.gansu.gov.cn/,https://swt.gansu.gov.cn/,unconfigured,,,unresolved,retry,source_temporarily_unavailable,,,runtime_unverified,,0,2026-09-09T18:07:30.882873+00:00,unverified,unverified,尚未核实正文取得及再利用范围；不能以登记网址视为正文已完成。,此前来源临时不可用，需重新核实当前响应。,先核对所列候选入口，再完成可恢复分页、中文样文和同生产环境验证。,,,,unverified/unverified/unverified
target_5e615405704ccbb77e773c74017f758a43ae99e53c8c39795ebb66f8fe49a926,target_5e615405704ccbb7,S10-R010,obs_c0fb3e362e0cc31e727ae627b6,CN,CN,中国,贵州省,贵州省,贵州省,贵州省商务厅,中国省区政府部门,财税与经济,B2_政府配套政策,https://swt.guizhou.gov.cn/,https://swt.guizhou.gov.cn/,https://swt.guizhou.gov.cn/,unconfigured,,,unresolved,retry,source_adapter_required,https://swt.guizhou.gov.cn/xwzx/;https://swt.guizhou.gov.cn/zwgk/;https://swt.guizhou.gov.cn/zwfw/;https://swt.guizhou.gov.cn/xwzx/swdt/;https://swt.guizhou.gov.cn/xwzx/tzgg/,html;html;html;html;html,runtime_unverified,,0,2026-09-09T18:07:30.882873+00:00,unverified,unverified,尚未核实正文取得及再利用范围；不能以登记网址视为正文已完成。,入口能识别部分内容，但仍需适配文章身份、日期、正文或分页。,先核对所列候选入口，再完成可恢复分页、中文样文和同生产环境验证。,,,,unverified/unverified/unverified
target_d03e52bb48c6a3d024120b0d5b8438e47faaf4e8763ed8f599131118b637d3d2,target_d03e52bb48c6a3d0,S09-R010,obs_83e2fffd675035cd5fd304bb1e,CN,CN,中国,湖南省,湖南省,湖南省,湖南省商务厅,中国省区政府部门,财税与经济,B2_政府配套政策,https://swt.hunan.gov.cn/,https://swt.hunan.gov.cn/,https://swt.hunan.gov.cn/,unconfigured,,,unresolved,retry,source_network_failure,,,runtime_unverified,,0,2026-09-09T18:07:30.882873+00:00,unverified,unverified,尚未核实正文取得及再利用范围；不能以登记网址视为正文已完成。,此前网络读取失败，尚未判明入口是否长期不可用。,先核对所列候选入口，再完成可恢复分页、中文样文和同生产环境验证。,,,,unverified/unverified/unverified
target_cd63bb4af3f26216600b1d5e95669d92b6c455f7a72f2e51cfe5a87a3330e28a,target_cd63bb4af3f26216,S04-R010,obs_29d8fbe58b8b5793050fe9ac69,CN,CN,中国,内蒙古,内蒙古,内蒙古,内蒙古商务厅,中国省区政府部门,财税与经济,B2_政府配套政策,https://swt.nmg.gov.cn/,https://swt.nmg.gov.cn/,https://swt.nmg.gov.cn/,unconfigured,,,unresolved,retry,source_robots_unavailable,,,runtime_unverified,,0,2026-09-09T18:07:30.882873+00:00,unverified,unverified,尚未核实正文取得及再利用范围；不能以登记网址视为正文已完成。,此前未能完成robots检查，需要恢复检查后再安排采集。,先核对所列候选入口，再完成可恢复分页、中文样文和同生产环境验证。,,,,unverified/unverified/unverified
target_1b4c320866a60b401b640f27d638d550be1a78d02e30dc5d0a0e26dd843a4907,target_1b4c320866a60b40,S05-R010,obs_841c725346df4e8d7354a280cf,CN,CN,中国,山西省,山西省,山西省,山西省商务厅,中国省区政府部门,财税与经济,B2_政府配套政策,https://swt.shanxi.gov.cn/,https://swt.shanxi.gov.cn/,https://swt.shanxi.gov.cn/,unconfigured,,,unresolved,retry,source_adapter_required,https://swt.shanxi.gov.cn/xxgkzlm/;https://swt.shanxi.gov.cn/zxzx/gzdt_69837/;https://swt.shanxi.gov.cn/zxzx/gzdt_69837/202608/t20260821_10204968.shtml;https://swt.shanxi.gov.cn/zxzx/gzdt_69837/202608/t20260820_10203633.shtml;https://swt.shanxi.gov.cn/zxzx/gzdt_69837/202608/t20260820_10203280.shtml,html;html;html;html;html,runtime_unverified,,0,2026-09-09T18:07:30.882873+00:00,unverified,unverified,尚未核实正文取得及再利用范围；不能以登记网址视为正文已完成。,入口能识别部分内容，但仍需适配文章身份、日期、正文或分页。,先核对所列候选入口，再完成可恢复分页、中文样文和同生产环境验证。,,,,unverified/unverified/unverified
target_4ef275169cc26ce035608a00eacd0925a84830506f13558b54f7e9263e263ec6,target_4ef275169cc26ce0,S13-R010,obs_ac6edc3804b877d66f2e827e48,CN,CN,中国,新疆,新疆,新疆,新疆商务厅,中国省区政府部门,财税与经济,B2_政府配套政策,https://swt.xinjiang.gov.cn/,https://swt.xinjiang.gov.cn/,https://swt.xinjiang.gov.cn/,unconfigured,,,unresolved,discovered,source_identity_review_required,https://swt.xinjiang.gov.cn/xjswt/c114330/202608/e213db42960748bd9df207f01307a7e6.shtml;https://swt.xinjiang.gov.cn/xjswt/c114330/202608/05b1841b42964f2694c1bfd04ce69e0f.shtml;https://swt.xinjiang.gov.cn/xjswt/c114321/zwdt.shtml;https://swt.xinjiang.gov.cn/xjswt/c114322/zwgk.shtml;https://swt.xinjiang.gov.cn/xjswt/c114326/202601/e880988e51d64073a436490e80deb8ab.shtml,html;html;html;html;html,runtime_unverified,,0,2026-09-09T18:07:30.882873+00:00,unverified,unverified,尚未核实正文取得及再利用范围；不能以登记网址视为正文已完成。,已发现候选页面，但发布方或文章身份尚未核实。,先核对所列候选入口，再完成可恢复分页、中文样文和同生产环境验证。,,,,unverified/unverified/unverified
target_a7020dacb61f4723eea39978ecf1d986f8e0732d108daed671ef0d2eed503929,target_a7020dacb61f4723,S14-R009,obs_3487671053dc88508052bb1ec9,CN,CN,中国,西藏,西藏,西藏,西藏商务厅,中国省区政府部门,财税与经济,B2_政府配套政策,https://swt.xizang.gov.cn/,https://swt.xizang.gov.cn/,https://swt.xizang.gov.cn/,unconfigured,,,unresolved,retry,source_adapter_required,https://swt.xizang.gov.cn/xwzx/gwyxw/;https://swt.xizang.gov.cn/xwzx/xzxw/;https://swt.xizang.gov.cn/xwzx/gsgg/;https://swt.xizang.gov.cn/xwzx/swyw/202608/t20260827_555441.html;https://swt.xizang.gov.cn/xxgk/zfxxgkzn/,html;html;html;html;html,runtime_unverified,,0,2026-09-09T18:07:30.882873+00:00,unverified,unverified,尚未核实正文取得及再利用范围；不能以登记网址视为正文已完成。,入口能识别部分内容，但仍需适配文章身份、日期、正文或分页。,先核对所列候选入口，再完成可恢复分页、中文样文和同生产环境验证。,,,,unverified/unverified/unverified
target_3c9690a3dce460836f081b0dbf0e68e7bc0fdb5de0f54b3cc4ee741a36117427,target_3c9690a3dce46083,S15-R010,obs_66d9b86619e34e01d54286b450,CN,CN,中国,云南省,云南省,云南省,云南省商务厅,中国省区政府部门,财税与经济,B2_政府配套政策,https://swt.yn.gov.cn/index.html,https://swt.yn.gov.cn/index.html,https://swt.yn.gov.cn/index.html,unconfigured,,,unresolved,retry,source_robots_unavailable,,,runtime_unverified,,0,2026-09-09T18:07:30.882873+00:00,unverified,unverified,尚未核实正文取得及再利用范围；不能以登记网址视为正文已完成。,此前未能完成robots检查，需要恢复检查后再安排采集。,先核对所列候选入口，再完成可恢复分页、中文样文和同生产环境验证。,,,,unverified/unverified/unverified
target_25447a222d8d930c19acf01182cfc6be78fae8248f940653cacb9264624a94ae,target_25447a222d8d930c,S15-R008,obs_ca88c41deba3e6758f9014b7f4,CN,CN,中国,云南省,云南省,云南省,云南省水利厅,中国省区政府部门,水资源,B2_政府配套政策,https://wcb.yn.gov.cn/,https://wcb.yn.gov.cn/,https://wcb.yn.gov.cn/,unconfigured,,,unresolved,retry,source_adapter_required,https://wcb.yn.gov.cn/zfxxgk/zfxxgkzn/;https://wcb.yn.gov.cn/tzgg_0/;https://wcb.yn.gov.cn/tzgg_0/zxtz/;https://wcb.yn.gov.cn/tzgg_0/zxgg/;https://wcb.yn.gov.cn/tzgg_0/zxtz/202609/t20260907_4190617.html,html;html;html;html;html,runtime_unverified,,0,2026-09-09T18:07:30.882873+00:00,unverified,unverified,尚未核实正文取得及再利用范围；不能以登记网址视为正文已完成。,入口能识别部分内容，但仍需适配文章身份、日期、正文或分页。,先核对所列候选入口，再完成可恢复分页、中文样文和同生产环境验证。,,,,unverified/unverified/unverified
target_75b8dc2466a679e1bc71f0eb3a678b1df2eff1327a8bda0404d17eab7d4d1ae2,target_75b8dc2466a679e1,S07-R011,obs_9a7650f04c7827f52844d8b0a7,CN,CN,中国,安徽省,安徽省,安徽省,安徽省卫生健康委员会,中国省区政府部门,综合或未明确,B2_政府配套政策,https://wjw.ah.gov.cn/index.html,https://wjw.ah.gov.cn/index.html,https://wjw.ah.gov.cn/index.html,unconfigured,,,unresolved,discovered,source_identity_review_required,https://wjw.ah.gov.cn/xwzx/index.html;https://wjw.ah.gov.cn/public/column/7001?type=2;https://wjw.ah.gov.cn/xwzx/gggs/index.html;https://wjw.ah.gov.cn/xwzx/gggs/58329061.html;https://wjw.ah.gov.cn/xwzx/gggs/58309501.html,html;html;html;html;html,runtime_unverified,,0,2026-09-09T18:07:30.882873+00:00,unverified,unverified,尚未核实正文取得及再利用范围；不能以登记网址视为正文已完成。,已发现候选页面，但发布方或文章身份尚未核实。,先核对所列候选入口，再完成可恢复分页、中文样文和同生产环境验证。,,,,unverified/unverified/unverified
target_6cde65fcb021b64410f7ab3272880461d49cd8a851c662f7bdf9fa327e2f4fbf,target_6cde65fcb021b644,S08-R011,obs_c76d89703277f688cccfee569f,CN,CN,中国,福建省,福建省,福建省,福建省卫生健康委员会,中国省区政府部门,综合或未明确,B2_政府配套政策,https://wjw.fj.gov.cn/ztzl/jkjy/,https://wjw.fj.gov.cn/ztzl/jkjy/,https://wjw.fj.gov.cn/ztzl/jkjy/,unconfigured,,,unresolved,discovered,source_identity_review_required,https://wjw.fj.gov.cn/xxgk/gzdt/wsjsyw/202604/t20260429_7132774.htm;https://wjw.fj.gov.cn/xxgk/gzdt/wsjsyw/202512/t20251219_7048301.htm;https://wjw.fj.gov.cn/xxgk/gzdt/wsjsyw/202511/t20251104_7029992.htm;https://wjw.fj.gov.cn/xxgk/gzdt/mtbd/202503/t20250328_6788518.htm;https://wjw.fj.gov.cn/xxgk/,html;html;html;html;html,runtime_unverified,,0,2026-09-09T18:07:30.882873+00:00,unverified,unverified,尚未核实正文取得及再利用范围；不能以登记网址视为正文已完成。,已发现候选页面，但发布方或文章身份尚未核实。,先核对所列候选入口，再完成可恢复分页、中文样文和同生产环境验证。,,,非站点根路径_需确认栏目适用性,unverified/unverified/unverified
target_7805cc8150ab5b2ad16921227913f1d7edc6a05ee157a66d274a75c28c9f6df8,target_7805cc8150ab5b2a,S10-R011,obs_1ae4296d4cb2f0b8da19558a08,CN,CN,中国,贵州省,贵州省,贵州省,贵州省卫生健康委员会,中国省区政府部门,综合或未明确,B2_政府配套政策,https://wjw.guizhou.gov.cn/,https://wjw.guizhou.gov.cn/,https://wjw.guizhou.gov.cn/,unconfigured,,,unresolved,retry,source_adapter_required,https://wjw.guizhou.gov.cn/xwzx/;https://wjw.guizhou.gov.cn/zwgk/;https://wjw.guizhou.gov.cn/zwfw/;https://wjw.guizhou.gov.cn/xwzx/ttxw/202609/t20260901_90805615.html;https://wjw.guizhou.gov.cn/xwzx/zwyw/,html;html;html;html;html,runtime_unverified,,0,2026-09-09T18:07:30.882873+00:00,unverified,unverified,尚未核实正文取得及再利用范围；不能以登记网址视为正文已完成。,入口能识别部分内容，但仍需适配文章身份、日期、正文或分页。,先核对所列候选入口，再完成可恢复分页、中文样文和同生产环境验证。,,,,unverified/unverified/unverified
target_d47a85069d3d9066511727949c31d26fa0038653bd14137d44aac46199fb448e,target_d47a85069d3d9066,S09-R011,obs_efd7dc98c2da22313fe0249473,CN,CN,中国,湖南省,湖南省,湖南省,湖南省卫生健康委员会,中国省区政府部门,综合或未明确,B2_政府配套政策,https://wjw.hunan.gov.cn/,https://wjw.hunan.gov.cn/,https://wjw.hunan.gov.cn/,unconfigured,,,unresolved,retry,source_network_failure,,,runtime_unverified,,0,2026-09-09T18:07:30.882873+00:00,unverified,unverified,尚未核实正文取得及再利用范围；不能以登记网址视为正文已完成。,此前网络读取失败，尚未判明入口是否长期不可用。,先核对所列候选入口，再完成可恢复分页、中文样文和同生产环境验证。,,,,unverified/unverified/unverified
target_1504d1f80456a2b1d7ce164dbbb6186d50df7fab718413c9533c704eb3d17652,target_1504d1f80456a2b1,S04-R011,obs_69a7037d801821ec73d41e97fb,CN,CN,中国,内蒙古,内蒙古,内蒙古,内蒙古卫生健康委员会,中国省区政府部门,综合或未明确,B2_政府配套政策,https://wjw.nmg.gov.cn/,https://wjw.nmg.gov.cn/,https://wjw.nmg.gov.cn/,unconfigured,,,unresolved,retry,source_robots_unavailable,,,runtime_unverified,,0,2026-09-09T18:07:30.882873+00:00,unverified,unverified,尚未核实正文取得及再利用范围；不能以登记网址视为正文已完成。,此前未能完成robots检查，需要恢复检查后再安排采集。,先核对所列候选入口，再完成可恢复分页、中文样文和同生产环境验证。,,,,unverified/unverified/unverified
target_33a5c8a3844e9432e056f47c89ff3a57aa24db73ba2856e86f7db785ed27380a,target_33a5c8a3844e9432,S05-R011,obs_7730f4143636aa82029d3934f6,CN,CN,中国,山西省,山西省,山西省,山西省卫生健康委员会,中国省区政府部门,综合或未明确,B2_政府配套政策,https://wjw.shanxi.gov.cn/,https://wjw.shanxi.gov.cn/,https://wjw.shanxi.gov.cn/,unconfigured,,,unresolved,retry,source_adapter_required,https://wjw.shanxi.gov.cn/zyzn/fgc/;https://wjw.shanxi.gov.cn/zyzn/ywzcyspaqjcc/;https://wjw.shanxi.gov.cn/xwzx/;https://wjw.shanxi.gov.cn/xwzx/wzdt/;https://wjw.shanxi.gov.cn/xwzx/sxdt/,html;html;html;html;html,runtime_unverified,,0,2026-09-09T18:07:30.882873+00:00,unverified,unverified,尚未核实正文取得及再利用范围；不能以登记网址视为正文已完成。,入口能识别部分内容，但仍需适配文章身份、日期、正文或分页。,先核对所列候选入口，再完成可恢复分页、中文样文和同生产环境验证。,,,,unverified/unverified/unverified
target_24ddaa1533a3fac2b0af865c5ac0aaf105f595f203666a9a4c6515d12c60e555,target_24ddaa1533a3fac2,S13-R011,obs_90d648e3283c85324e8e0dc1ab,CN,CN,中国,新疆,新疆,新疆,新疆卫生健康委员会,中国省区政府部门,综合或未明确,B2_政府配套政策,https://wjw.xinjiang.gov.cn/hfpc/index.shtml,https://wjw.xinjiang.gov.cn/hfpc/index.shtml,https://wjw.xinjiang.gov.cn/hfpc/index.shtml,unconfigured,,,unresolved,retry,source_adapter_required,https://wjw.xinjiang.gov.cn/hfpc/xwzx/xwzx.shtml;https://wjw.xinjiang.gov.cn/hfpc/zwgk/zwgk.shtml;https://wjw.xinjiang.gov.cn/hfpc/xwxc1/202609/d837da7622344a5899312210ed0393e7.shtml;https://wjw.xinjiang.gov.cn/hfpc/zfxxgk/jump.shtml;https://wjw.xinjiang.gov.cn/hfpc/zhgl5/202608/652e7e9a16b44d02bef59376235901c3.shtml,html;html;html;html;html,runtime_unverified,,0,2026-09-09T18:07:30.882873+00:00,unverified,unverified,尚未核实正文取得及再利用范围；不能以登记网址视为正文已完成。,入口能识别部分内容，但仍需适配文章身份、日期、正文或分页。,先核对所列候选入口，再完成可恢复分页、中文样文和同生产环境验证。,,,非站点根路径_需确认栏目适用性,unverified/unverified/unverified
target_c03fb04c38d92ad2f66043e0ba3bd7f2939d11a6e7d1044db68d4abda3dd7d62,target_c03fb04c38d92ad2,S11-R011,obs_aea33eeb3c73d1578603b1b68c,CN,CN,中国,甘肃省,甘肃省,甘肃省,甘肃省卫生健康委员会,中国省区政府部门,综合或未明确,B2_政府配套政策,https://wsjk.gansu.gov.cn/,https://wsjk.gansu.gov.cn/,https://wsjk.gansu.gov.cn/,unconfigured,,,unresolved,retry,source_temporarily_unavailable,,,runtime_unverified,,0,2026-09-09T18:07:30.882873+00:00,unverified,unverified,尚未核实正文取得及再利用范围；不能以登记网址视为正文已完成。,此前来源临时不可用，需重新核实当前响应。,先核对所列候选入口，再完成可恢复分页、中文样文和同生产环境验证。,,,,unverified/unverified/unverified
target_dc86e4f5a7b9b6a73732ee1b801cda4112a22cea2393bf9b9f7315b923c8d3ef,target_dc86e4f5a7b9b6a7,S06-R011,obs_bf2eff0e81e3f6e5f2df748df2,CN,CN,中国,河南省,河南省,河南省,河南省卫生健康委员会,中国省区政府部门,综合或未明确,B2_政府配套政策,https://wsjkw.henan.gov.cn/,https://wsjkw.henan.gov.cn/,https://wsjkw.henan.gov.cn/,unconfigured,,,unresolved,retry,source_adapter_required,https://wsjkw.henan.gov.cn/ywdt/;https://wsjkw.henan.gov.cn/zwdt/zxfb/;https://wsjkw.henan.gov.cn/zfxxgk/wj/,html;html;html,runtime_unverified,,0,2026-09-09T18:07:30.882873+00:00,unverified,unverified,尚未核实正文取得及再利用范围；不能以登记网址视为正文已完成。,入口能识别部分内容，但仍需适配文章身份、日期、正文或分页。,先核对所列候选入口，再完成可恢复分页、中文样文和同生产环境验证。,,,,unverified/unverified/unverified
target_590cf6a3576be19216cad6a3ebbcd837c8fd01cc4fcb4add8c49d01b5e408053,target_590cf6a3576be192,S12-R011,obs_8474961e5089fc9476ad14e3dd,CN,CN,中国,青海省,青海省,青海省,青海省卫生健康委员会,中国省区政府部门,综合或未明确,B2_政府配套政策,https://wsjkw.qinghai.gov.cn/,https://wsjkw.qinghai.gov.cn/,https://wsjkw.qinghai.gov.cn/,unconfigured,,,unresolved,retry,source_temporarily_unavailable,,,runtime_unverified,,0,2026-09-09T18:07:30.882873+00:00,unverified,unverified,尚未核实正文取得及再利用范围；不能以登记网址视为正文已完成。,此前来源临时不可用，需重新核实当前响应。,先核对所列候选入口，再完成可恢复分页、中文样文和同生产环境验证。,,,,unverified/unverified/unverified
target_4136c732c4008087b910e22eeb3100eaf360ba8d29c31b20b5253ec2dd6cd37b,target_4136c732c4008087,S16-R005,obs_912304994d9d268c5627921fe9,,,跨国/未限定,,境外,主流媒体,法新社,新闻媒体或通讯社,法律与规制；新闻与风险,C_媒体与行业动态,https://www.afp.com/en,https://www.afp.com/en,https://www.afp.com/en,unconfigured,,,unresolved,retry,source_network_failure,,,runtime_unverified,,0,2026-09-09T18:07:30.882873+00:00,unverified,unverified,尚未核实正文取得及再利用范围；不能以登记网址视为正文已完成。,此前网络读取失败，尚未判明入口是否长期不可用。,先核对所列候选入口，再完成可恢复分页、中文样文和同生产环境验证。,,,非站点根路径_需确认栏目适用性,unverified/unverified/unverified
target_9d01cbedc4e6342ac4393e0f6ef20259c35a9d0fa392ba36efe42529e6f9d514,target_9d01cbedc4e6342a,S16-R027,obs_fae2c7b55be59ee79fa59fed2b,CO,CO,哥伦比亚,,境外,哥伦比亚,哥伦比亚国家矿业局,海外政府部门或监管机构候选,矿业与资源,B1_矿业能源法律核心,https://www.anm.gov.co/index.php/,https://www.anm.gov.co/index.php/,https://www.anm.gov.co/index.php/,unconfigured,,,unresolved,access_failed,,,,runtime_unverified,,0,2026-09-07T23:51:02.741161+00:00,unverified,unverified,未取得可核文章材料，模型和公开处理范围均未核实。,哥伦比亚国家矿业局robots和原入口的原生请求均超时；没有取得当前文章、栏目、日期或处理条件。,原表ANM矿业主管入口保留；本机原生客户端robots和原入口均超时，官方新闻路径、采集格式、条款及矿业样例尚未取得。先核可达性，不能用猜测RSS/API替代。,,,非站点根路径_需确认栏目适用性,unverified/unverified/unverified
target_84a2a78f2a8cd84056e3ad837a393f60f10274e824acfe99024e9966886e2a9e,target_84a2a78f2a8cd840,S16-R017,obs_5cbb746c7e74060a989c515d14,AU,AU,澳大利亚,,境外,澳大利亚,议会事务部,议会机构候选,法律与规制,B2_政府配套政策,https://www.aph.gov.au/About_Parliament/Parliamentary_Departments/Department_of_Parliamentary_Services,https://www.aph.gov.au/About_Parliament/Parliamentary_Departments/Department_of_Parliamentary_Services,https://www.aph.gov.au/About_Parliament/Parliamentary_Departments/Department_of_Parliamentary_Services,unconfigured,,,unresolved,access_failed,,,,runtime_unverified,,0,2026-09-08T17:16:43.758666+00:00,unverified,unverified,访问失败，身份、文章日期及处理范围尚未核验；不据失败或缺少限制推定许可。,robots首次请求返回HTTP403 WAF Block Page，立即停止；未换UA/域名/协议或挑战绕过。,保留原始行与网址；待访问条件有新依据后再独立有界核查身份、robots、条款和样本。此失败不表示该网站永久不可用。,,,非站点根路径_需确认栏目适用性,unverified/unverified/unverified
target_5bbd9cc1a846ffc16c8f3ad424810780d82adad87dc604f9ffd495a846e1f6ec,target_5bbd9cc1a846ffc1,S16-R023,obs_79753b28712a5bb11e68e82c47,AR,AR,阿根廷,,境外,阿根廷,阿根廷政府网站,政府综合门户或总统府,综合或未明确,B2_政府配套政策,https://www.argentina.gob.ar/,https://www.argentina.gob.ar/,https://www.argentina.gob.ar/,unconfigured,,,unresolved,retry,source_network_failure,,,runtime_unverified,,0,2026-09-09T18:07:30.882873+00:00,unverified,unverified,尚未核实正文取得及再利用范围；不能以登记网址视为正文已完成。,此前网络读取失败，尚未判明入口是否长期不可用。,先核对所列候选入口，再完成可恢复分页、中文样文和同生产环境验证。,,,,unverified/unverified/unverified
target_176e12f44aaa5428a4a6ead6bdd649764d8affd80f2c21e93c4fc54ecef245f6,target_176e12f44aaa5428,S16-R019,obs_465724aa4af02110c0465cf2b0,AR,AR,阿根廷,,境外,阿根廷,总统府,政府综合门户或总统府,综合或未明确,B2_政府配套政策,https://www.argentina.gob.ar/presidencia,https://www.argentina.gob.ar/presidencia,https://www.argentina.gob.ar/presidencia,unconfigured,,,unresolved,discovered,source_identity_review_required,https://www.argentina.gob.ar/presidencia,html,runtime_unverified,,0,2026-09-09T18:07:30.882873+00:00,unverified,unverified,尚未核实正文取得及再利用范围；不能以登记网址视为正文已完成。,已发现候选页面，但发布方或文章身份尚未核实。,先核对所列候选入口，再完成可恢复分页、中文样文和同生产环境验证。,,,非站点根路径_需确认栏目适用性,unverified/unverified/unverified
target_70118293db6b6270417de2a47f2e6570ba24c8e15399c479486ffa18d5a00473,target_70118293db6b6270,S16-R020,obs_129a251fd33280ae7f8bd1090a,AR,AR,阿根廷,,境外,阿根廷,阿根廷总统府法律和技术国秘处,海外政府部门或监管机构候选,法律与规制,B2_政府配套政策,https://www.argentina.gob.ar/presidencia/secretaria-legal-y-tecnica,https://www.argentina.gob.ar/presidencia/secretaria-legal-y-tecnica,https://www.argentina.gob.ar/presidencia/secretaria-legal-y-tecnica,unconfigured,,,unresolved,retry,source_network_failure,,,runtime_unverified,,0,2026-09-09T18:07:30.882873+00:00,unverified,unverified,尚未核实正文取得及再利用范围；不能以登记网址视为正文已完成。,此前网络读取失败，尚未判明入口是否长期不可用。,先核对所列候选入口，再完成可恢复分页、中文样文和同生产环境验证。,,,非站点根路径_需确认栏目适用性,unverified/unverified/unverified
target_09393185b1c6ff0c5292ab5b16b3b122992cf0399142375d532f9b46f0bacf86,target_09393185b1c6ff0c,S16-R022,obs_a873bfd3ddc179d3812a8c53c9,AR,AR,阿根廷,,境外,阿根廷,新闻国秘处,海外政府部门或监管机构候选,新闻与风险,B2_政府配套政策,https://www.argentina.gob.ar/secretaria-de-prensa,https://www.argentina.gob.ar/secretaria-de-prensa,https://www.argentina.gob.ar/secretaria-de-prensa,unconfigured,,,unresolved,retry,source_network_failure,,,runtime_unverified,,0,2026-09-09T18:07:30.882873+00:00,unverified,unverified,尚未核实正文取得及再利用范围；不能以登记网址视为正文已完成。,此前网络读取失败，尚未判明入口是否长期不可用。,先核对所列候选入口，再完成可恢复分页、中文样文和同生产环境验证。,,,非站点根路径_需确认栏目适用性,unverified/unverified/unverified
target_e5ea29908be0c913f6ae9f3eaae503c0a1bc6c90a0463e203b31f30962658382,target_e5ea29908be0c913,S16-R006,obs_ca776c82c088b7b21fd3cb0bb7,,,跨国/未限定,,境外,主流媒体,BBC,新闻媒体或通讯社,新闻与风险,C_媒体与行业动态,https://www.bbc.com/news/world-latin-america-19997673,https://www.bbc.com/news/world-latin-america-19997673,https://www.bbc.com/news/world-latin-america-19997673,unconfigured,,,unresolved,retry,source_timeout,,,runtime_unverified,,0,2026-09-09T18:07:30.882873+00:00,unverified,unverified,尚未核实正文取得及再利用范围；不能以登记网址视为正文已完成。,此前读取超时，需要核对页面大小、动态加载和合适的访问频率。,先核对所列候选入口，再完成可恢复分页、中文样文和同生产环境验证。,,,具体文章或单项页面_需发现持续更新入口;非站点根路径_需确认栏目适用性,unverified/unverified/unverified
target_adcfa4af28d5458367c861a7bb3d9e75749b9ec38750d85db8afaad5018141da,target_adcfa4af28d54583,S16-R003,obs_f014f37bb1d90baa9c72cf54b1,,,跨国/未限定,,境外,主流媒体,彭博社官网,新闻媒体或通讯社,新闻与风险,C_媒体与行业动态,https://www.bloombergmedia.com/,https://www.bloombergmedia.com/,https://www.bloombergmedia.com/,unconfigured,,,unresolved,retry,source_adapter_required,https://www.bloombergmedia.com/press/;https://www.bloombergmedia.com/press/finalists-announced-for-2025-bloomberg-green-docs-competition/;https://www.bloombergmedia.com/press/bloomberg-media-studios-wins-at-the-marketing-society-gcc-2025-awards/;https://www.bloombergmedia.com/press/bloomberg-investigates-wins-outstanding-short-documentary-at-46th-annual-news-documentary-emmy-awards/;https://www.bloombergmedia.com/press/bloomberg-media-unveils-second-corporate-reputation-pulse-study-at-cannes-lions-2025/,html;html;html;html;html,runtime_unverified,,0,2026-09-09T18:07:30.882873+00:00,unverified,unverified,尚未核实正文取得及再利用范围；不能以登记网址视为正文已完成。,入口能识别部分内容，但仍需适配文章身份、日期、正文或分页。,先核对所列候选入口，再完成可恢复分页、中文样文和同生产环境验证。,,,媒体品牌商务站_新闻入口待核实,unverified/unverified/unverified
target_f03c32584b5951f69ac9c8a18dc2576f6beb8ff1304422d2364240152376f49e,target_f03c32584b5951f6,S16-R018,obs_c5d3a1f44f5ebaf953f3d22708,AR,AR,阿根廷,,境外,阿根廷,阿根廷共和国总统府公报,立法法规或官方公报候选,法律与规制；新闻与风险,B1_矿业能源法律核心,https://www.boletinoficial.gob.ar/seccion/primera,https://www.boletinoficial.gob.ar/seccion/primera,https://www.boletinoficial.gob.ar/seccion/primera,unconfigured,,,unresolved,discovered,source_adapter_required,,,runtime_unverified,,0,2026-09-09T18:07:30.882873+00:00,unverified,unverified,尚未核实正文取得及再利用范围；不能以登记网址视为正文已完成。,入口能识别部分内容，但仍需适配文章身份、日期、正文或分页。,先核对所列候选入口，再完成可恢复分页、中文样文和同生产环境验证。,,,非站点根路径_需确认栏目适用性,unverified/unverified/unverified
target_15a38b0e03f51d052ad3f98d46eb67bd604ab2fb111a4582bc3300858694759c,target_15a38b0e03f51d05,S01-R018,obs_358b7c82bf72507337f455674a,CN,CN,中国,,部委,部委,国家矿山安全监察局,中国中央政府部门,矿业与资源；安全与应急,B1_矿业能源法律核心,https://www.chinamine-safety.gov.cn/,https://www.chinamine-safety.gov.cn/,https://www.chinamine-safety.gov.cn/,configured,src_f1c1bea14c45f8f76fe50d09ff,https://www.chinamine-safety.gov.cn/zfxxgk/fdzdgknr/tzgg/,html,native_acquisition_passed,,,,enabled,active,2,2026-09-13T14:42:09.294620Z,unverified,unverified,仅公开标题、发布日期、原始署名及发布方短meta信息中的事实导读，注明来源和原文链接；不含原创正文、图片、地图或附件的再利用许可,持续供稿、全部库存中文阅读和可提供全文的正文完成仍需验证。,验证真实新稿与历史库存的自动中文处理和公开，补齐允许范围内的正文。,,,,unverified/unverified/unverified
target_ec970c9637724d8b156170f72e462d936ae7e7360788365619ff098e873a8840,target_ec970c9637724d8b,S16-R053,obs_4f43c3914163ebe4e7ea836632,MN,MN,蒙古,,境外,蒙古,蒙古国家通讯社,新闻媒体或通讯社,新闻与风险,C_媒体与行业动态,https://www.cn.montsame.mn/cn/more/101,https://www.cn.montsame.mn/cn/more/101,https://www.cn.montsame.mn/cn/more/101,unconfigured,,https://www.montsame.mn/cn/more/103,unresolved,adapter_required,,,,runtime_unverified,,0,2026-09-07T22:18:20.503913+00:00,unverified,unverified,只保存已核实标题、日期、链接及限定短元数据；模型/公开处理范围未授予，正文图片不在范围内。,原中文子域DNS失败；官网导航核实现中文经济入口/cn/more/103，原101是“关于蒙古国”。真实贵金属稿已取得，但现统一解析0项/1拒绝，真实第二页一次超时。,为已核当前频道及专用日期节点做有限适配，保留原始网址；实际验证?page=N及剩余条目后，再审查材料范围和真实AI资格。,,,非站点根路径_需确认栏目适用性,unverified/unverified/unverified
target_cf596aa938f5cddb736de62746b5e28cf54431b373d8ff05aedd744955fe49f7,target_cf596aa938f5cddb,S16-R015,obs_a4945a8e8267e91fd9f03cb15d,AU,AU,澳大利亚,,境外,澳大利亚,气候变化、能源、环境和水资源部,海外政府部门或监管机构候选,能源；环境；水资源,B1_矿业能源法律核心,https://www.dcceew.gov.au,https://www.dcceew.gov.au/,https://www.dcceew.gov.au/,unconfigured,,,unresolved,access_failed,,,,runtime_unverified,,0,2026-09-08T17:16:43.758666+00:00,unverified,unverified,访问失败，身份、文章日期及处理范围尚未核验；不据失败或缺少限制推定许可。,robots首次严格HTTPS请求超时，未取得HTTP响应，停止该源本次检查；没有重试或改TLS。,保留原始行与网址；待访问条件有新依据后再独立有界核查身份、robots、条款和样本。此失败不表示该网站永久不可用。,,,,unverified/unverified/unverified
target_39a4cf3620a742aa2900258658c100c7cd937eb54a9dc364467995b84d9842cf,target_39a4cf3620a742aa,S16-R024,obs_3f8b9a61b9bec352e31eb6e757,SR,SR,苏里南,,境外,苏里南,苏里南国民议会法律汇总,立法法规或官方公报候选,法律与规制,B1_矿业能源法律核心,https://www.dna.sr/wetgeving/surinaamse-wetten/wetten-na-2005/nieuw-burgerlijk-wetboek/aanpassingswet/,https://www.dna.sr/wetgeving/surinaamse-wetten/wetten-na-2005/nieuw-burgerlijk-wetboek/aanpassingswet/,https://www.dna.sr/wetgeving/surinaamse-wetten/wetten-na-2005/nieuw-burgerlijk-wetboek/aanpassingswet/,unconfigured,,https://www.dna.sr/wetgeving/surinaamse-wetten/wetten-na-2005/nieuw-burgerlijk-wetboek/aanpassingswet/,unresolved,adapter_required,,,,runtime_unverified,,0,2026-09-08T07:44:51.001370+00:00,unverified,unverified,允许引源使用部分网站内容的条款已读，不把照片或全文纳入，不自动推定AI/TDM或所有文类许可。,DNA原法律单项原生200，标题AANPASSINGSWET；未取得刊发日期。版权条款允许注明来源或链接后使用部分内容，照片使用需另行书面许可；当前不是近期矿业样例。,从实际官方法律导航核实持续更新列表、文书标识与刊发日期/日期缺失表达；按条款限定标题及完整短元信息并署名回链，单独核外部处理范围，之后再做统一原生预览。,,,具体文章或单项页面_需发现持续更新入口;非站点根路径_需确认栏目适用性,unverified/unverified/unverified
target_8d3cf6e6aa49fe857ada5f0a54d374938a564196c7ce9cb9667ca8de61581834,target_8d3cf6e6aa49fe85,S01-R017,obs_0874ec297b71e06fa7bc9d6645,CN,CN,中国,,部委,部委,国家林业和草原局,中国中央政府部门,土地与生态利用,B2_政府配套政策,https://www.forestry.gov.cn/,https://www.forestry.gov.cn/,https://www.forestry.gov.cn/,unconfigured,,https://www.forestry.gov.cn/lcdt.jhtml,unresolved,adapter_required,,,,runtime_unverified,,0,2026-09-07T23:53:20.759684+00:00,unverified,unverified,目前只核到标题、列表日期和链接；许可办事入口不是新闻，联合发文需保留双方机关。,国家林草局官网与林草动态列表可读，并发现真实第二页链接；列表日期混排，尚未读取第二页或矿业/用地政策详情。,按实际下一页链接核实翻页及相关政策详情，保存剩余链接；不能套用普通index_N页码或见第一条旧稿便停止。,,,,unverified/unverified/unverified
target_21ae06f2bb0079795abc1697e5e55a0d3f3a48770e3a66887b7eab0ce966b094,target_21ae06f2bb007979,S16-R054;S16-R062,obs_56c162147b7f0533efebf10780;obs_e70f256b505d8c3ddafe3d3d8e,MN,MN;KZ,蒙古;哈萨克斯坦,;,境外;境外,蒙古;哈萨克斯坦,蒙古财务协调委员会网站;哈萨克斯坦国会网站,海外政府部门或监管机构候选;议会机构候选,财税与经济;综合或未明确,B2_政府配套政策;A_基础信息修正,https://www.frc.mn/#/home;https://www.frc.mn/#/home,https://www.frc.mn/;https://www.frc.mn/,https://www.frc.mn/#/home,unconfigured,,https://www.frc.mn/,unresolved,adapter_required,,,,runtime_unverified,,0,2026-09-07T21:53:49.042792+00:00,unverified,unverified,只保存已核实标题、日期、链接及限定短元数据；模型/公开处理范围未授予，正文图片不在范围内。,原表所指FRC实际为蒙古金融监管委员会；原生取得SPA壳，没有可用新闻日期、文章或分页/API合同。,保留原始MN/KZ两行与同一target_id；只按已核MN机构身份继续寻找实际公开新闻入口，不创建或计入KZ来源。,true,S16-R062 原表标为哈萨克斯坦国会网站，但网址与 S16-R054（蒙古财务协调委员会网站）相同；两条记录分别保留，KZ 记录为无效或错配候选，不计入哈萨克斯坦,SPA片段路由_不能当普通锚点删除;国家机构与网址冲突_MN域名与蒙古R54完全相同_不得算KZ议会;显示网址与超链接目标不一致_只用显示网址分类,unverified/unverified/unverified
target_f8a481886b4f20b241e5ff8f0358fbe32cf704144a7622d7ac42a27166e1c201,target_f8a481886b4f20b2,S16-R057,obs_6c100289bcee75f659dc1f877c,KG,KG,吉尔吉斯斯坦,,境外,吉尔吉斯斯坦,自然资源、生态和技术监督部地质局,海外政府部门或监管机构候选,矿业与资源；环境,B1_矿业能源法律核心,https://www.geology.kg/,https://www.geology.kg/,https://www.geology.kg/,unconfigured,,https://www.geology.kg/,unresolved,access_failed,,,,runtime_unverified,,0,2026-09-07T21:53:51.003669+00:00,unverified,unverified,只保存已核实标题、日期、链接及限定短元数据；模型/公开处理范围未授予，正文图片不在范围内。,KG地质局原www.geology.kg返回HTTP403错误页面，未解析为文章，也未换协议或客户端绕过。,保留原目标和具体失败证据；在访问条件或底层原因有新证据时做有界复核，再发现真实公开入口，不循环重试。,,,,unverified/unverified/unverified
target_f0f35ea8aae890dc5283e9bbd4a2a2de526bd4e6cad5516704260f99544fb5a1,target_f0f35ea8aae890dc,S16-R055,obs_8c8a4bcbcb9af84c9764b3de9f,KG,KG,吉尔吉斯斯坦,,境外,吉尔吉斯斯坦,政府官网,政府综合门户或总统府,综合或未明确,B2_政府配套政策,https://www.gov.kg/ky,https://www.gov.kg/ky,https://www.gov.kg/ky,unconfigured,,https://www.gov.kg/ky,unresolved,access_failed,,,,runtime_unverified,,0,2026-09-07T21:53:52.404188+00:00,unverified,unverified,只保存已核实标题、日期、链接及限定短元数据；模型/公开处理范围未授予，正文图片不在范围内。,KG政府原/ky入口原生失败，底层为SSLCertVerificationError；当前正文身份、日期和分页未取得。,保留原目标和具体失败证据；在访问条件或底层原因有新证据时做有界复核，再发现真实公开入口，不循环重试。,,,非站点根路径_需确认栏目适用性,unverified/unverified/unverified
target_88952b2e57b37d4ae9bc0da42e261edfae6ba86681ac62788341c94582e95ccf,target_88952b2e57b37d4a,S16-R061,obs_d6c650dd7a541b98bcc62265d1,KZ,KZ,哈萨克斯坦,,境外,哈萨克斯坦,能源部,海外政府部门或监管机构候选,能源,B1_矿业能源法律核心,https://www.gov.kz/memleket/entities/energo?lang=ru,https://www.gov.kz/memleket/entities/energo?lang=ru,https://www.gov.kz/memleket/entities/energo?lang=ru,unconfigured,,https://www.gov.kz/memleket/entities/energo?lang=ru,unresolved,adapter_required,,,,runtime_unverified,,0,2026-09-08T22:06:26.160031+00:00,unverified,unverified,只有平台壳/robots与原表映射；无文章、正文权益、最新发布时间或模型准入证明。,能源部原URL原生200仅836字节GOV.KZ应用壳，无可见部委正文、文章链接或日期；唯一声明/static/js/main.13c81363.js被已封存robots的*/static/规则禁止，未请求或猜API。特定脚本路径受限不等于整个来源/全文一律禁止。,复用已封存gov.kz规则/平台结构，等待实际官方公开HTML/RSS/API入口证据；不走被robots禁止的static脚本，不把平台generic title当能源部身份/新闻已验证。,,,非站点根路径_需确认栏目适用性,unverified/unverified/unverified
target_eedc0288254395a151a1026b806c9b3c48f9ed3f6a8f437351318a4999dec096,target_eedc0288254395a1,S16-R063,obs_257fd91f6e48a17f5081de697e,KZ,KZ,哈萨克斯坦,,境外,哈萨克斯坦,工业与建设部,海外政府部门或监管机构候选,基础设施与产业,B2_政府配套政策,https://www.gov.kz/memleket/entities/mps/press/news/details/1029489?lang=ru,https://www.gov.kz/memleket/entities/mps/press/news/details/1029489?lang=ru,https://www.gov.kz/memleket/entities/mps/press/news/details/1029489?lang=ru,unconfigured,,,unresolved,adapter_required,,,,runtime_unverified,,0,2026-09-08T12:20:07.342585+00:00,unverified,unverified,当前原始HTML允许读取不代表其JS依赖、文章材料或外部处理都获许可。不能因门户名或URL机构代码直接认定文章身份与可采事实。,原工业与建设部具体新闻URL原生200，但仅836字节GOV.KZ应用壳，没有取得该文章标题/日期/内容。壳声明的/static/js脚本命中robots明确禁止的*/static/范围，未请求。,仅寻找由政府明确公开且robots允许的文书/API文档或数据入口；没有这样的证据就保持未解决，不抓禁止的静态脚本、不执行网页程序绕过限制、不猜接口。,,,具体文章或单项页面_需发现持续更新入口;非站点根路径_需确认栏目适用性,unverified/unverified/unverified
target_82d1393dccd8dd1ded34c5dab61dcb174206c10010c57d84f86cda912e89f658,target_82d1393dccd8dd1d,S16-R025,obs_4c44cb4b8aad3d2ad3253400de,SR,SR,苏里南,,境外,苏里南,苏里南政府网址,政府综合门户或总统府,综合或未明确,B2_政府配套政策,https://www.gov.sr/,https://www.gov.sr/,https://www.gov.sr/,unconfigured,,https://gov.sr/,unresolved,adapter_required,,,,runtime_unverified,,0,2026-09-08T07:45:38.045465+00:00,unverified,unverified,当前只有真实RSS标题/链接/带offset日期与一篇历史矿业稿的head元信息；未审定外部模型/公开再利用范围。,原www.gov.sr首页原生200，canonical及导航指向gov.sr和已读取RSS。RSS10条，最近72小时3条均为教育、机场或旅游培训题材；未证近期矿业供给。共享feed标en-US但实测条目为荷兰语。,遵守robots的60秒间隔，限定已声明RSS/真实栏目并验证分页及短metadata完整性；配置语言应按实文荷兰语审定，完成统一fetch_source_page、范围和真实AI资格后再启用。,,,,unverified/unverified/unverified
target_a82712d2a15d2df1ef5b47582150beca19c60c4c9ddaa1386dcb97bd1d4bb8dc,target_a82712d2a15d2df1,S16-R041,obs_9898aced41d71efb8531716aa7,ZA,ZA,南非,,境外,南非,南非政府部门网站网址,政府综合门户或总统府,综合或未明确,B2_政府配套政策,https://www.gov.za/about-government/contact-directory/national-government/ministers,https://www.gov.za/about-government/contact-directory/national-government/ministers,https://www.gov.za/about-government/contact-directory/national-government/ministers,configured,src_0fd5459d36b249ef3b81b9b4,https://www.gov.za/news/media-statements,html,discovered,source_identity_review_required,https://www.gov.za/taxonomy/term/1575/feed;https://www.gov.za/news;https://www.gov.za/news-latest;https://www.gov.za/news/cabinet-statements;https://www.gov.za/news/media-statements,rss;html;html;html;html,runtime_unverified,active,0,2026-09-13T14:42:09.294620Z,unverified,unverified,仅标题、可见声明发布日期与发布方头部摘要用于中文短导读；非商业信息使用条件保留，不授予不受限正文转载,持续供稿、全部库存中文阅读和可提供全文的正文完成仍需验证。,验证真实新稿与历史库存的自动中文处理和公开，补齐允许范围内的正文。,,,非站点根路径_需确认栏目适用性,unverified/unverified/unverified
target_0e13db3f5a50146bf6065e99cea71c1677027c73e273ee9ef91bfd62e6afe136,target_0e13db3f5a50146b,S16-R033,obs_1c2ffffb94d21113861219af1f,GY,GY,圭亚那,,境外,圭亚那,圭亚那标准报,新闻媒体或通讯社,新闻与风险,C_媒体与行业动态,https://www.guyanastandard.com/,https://www.guyanastandard.com/,https://www.guyanastandard.com/,unconfigured,,https://www.guyanastandard.com/,unresolved,scope_review_required,,,,runtime_unverified,,0,2026-09-07T06:40:20.923299+00:00,unverified,unverified,仅有界metadata测试/待定；不从一般版权或缺少许可自动推出法律上的全面禁止。,统一metadata-only预览仅部分通过：1项成功、1项超时、1项因时限未发起；成功样例不是矿业新闻，权利范围与日期偏移差异仍待核。,解决处理范围与时间证据差异，完成有界分页/矿业样例资格；不能把一个非矿业样例计为供给。,,,,unverified/unverified/unverified
target_62799bbdfd73c16ba30c4f410ec1e714dd5be7383b176b969c8895e9e4dc8ef5,target_62799bbdfd73c16b,S16-R016,obs_1483d1c50b962a18dc8f9ae9b5,AU,AU,澳大利亚,,境外,澳大利亚,工业、科学和资源部【mining】,海外政府部门或监管机构候选,矿业与资源；基础设施与产业,B1_矿业能源法律核心,https://www.industry.gov.au/news,https://www.industry.gov.au/news,https://www.industry.gov.au/news,unconfigured,,,unresolved,access_failed,,,,runtime_unverified,,0,2026-09-08T17:16:43.758683+00:00,unverified,unverified,访问失败，身份、文章日期及处理范围尚未核验；不据失败或缺少限制推定许可。,robots首次严格HTTPS请求超时，未取得HTTP响应，停止该源本次检查；没有重试或改TLS。,保留原始行与网址；待访问条件有新依据后再独立有界核查身份、robots、条款和样本。此失败不表示该网站永久不可用。,,,非站点根路径_需确认栏目适用性,unverified/unverified/unverified
target_a0ea95f1ec4d285d840112717e5612b9b445c51e39eab032e8068fde99f21410,target_a0ea95f1ec4d285d,S16-R064,obs_3cac52c013012b2fa8571bc37c,KZ,KZ,哈萨克斯坦,,境外,哈萨克斯坦,Kazinform 通讯社,新闻媒体或通讯社,新闻与风险,C_媒体与行业动态,https://www.inform.kz/,https://www.inform.kz/,https://www.inform.kz/,configured,src_c5eb6452f6b19e164c6dfaf3,https://www.inform.kz/tag/metallurgiya,html,native_acquisition_passed,,,,enabled,active,1,2026-09-13T14:42:09.294620Z,unverified,unverified,仅独立改写本社短meta所载事实；首段保留Kazinform署名和原文链接；排除禁止使用、外国伙伴和专题稿，不转载正文或图片,持续供稿、全部库存中文阅读和可提供全文的正文完成仍需验证。,验证真实新稿与历史库存的自动中文处理和公开，补齐允许范围内的正文。,,,,unverified/unverified/unverified
target_27d54b8addf36f265abcbb263d8055e834ea067d42e9c39b2b0f024f9c3d8b2b,target_27d54b8addf36f26,S16-R014,obs_3a5aebe4c91a3681ca21b9839a,AU,AU,澳大利亚,,境外,澳大利亚,澳大利亚立法信息网,立法法规或官方公报候选,法律与规制,B1_矿业能源法律核心,https://www.legislation.gov.au/,https://www.legislation.gov.au/,https://www.legislation.gov.au/,configured,src_c78a0aa468633a6e0eda835a56,https://api.prod.legislation.gov.au/v1/Titles?%24filter=contains%28name%2C%27Mining%27%29,au_legislation,adapter_required,,,,enabled,active,3,2026-09-13T14:42:09.294620Z,unverified,unverified,CC BY 4.0：仅官方登记文书完整文字；保留来源、许可、下载日期及规定的改编声明。排除国徽、图片、明确第三方版权材料及外部附件，按实际登记版本获取正文。,持续供稿、全部库存中文阅读和可提供全文的正文完成仍需验证。,验证真实新稿与历史库存的自动中文处理和公开，补齐允许范围内的正文。,,,,unverified/unverified/unverified
target_2543aa882ce0005db94adee7a16979e762df938a869ebe79115a46ae150424b4,target_2543aa882ce0005d,S16-R010,obs_334453aafb0457f4987d19e237,,,跨国/未限定,,境外,综合检索,世界法规指引,法律目录或聚合检索,法律与规制,D_许可及主体专项核实,https://www.lexadin.nl/wlg/legis/nofr/legis.php,https://www.lexadin.nl/wlg/legis/nofr/legis.php,https://www.lexadin.nl/wlg/legis/nofr/legis.php,unconfigured,,,unresolved,discovered,source_adapter_required,,,runtime_unverified,,0,2026-09-09T18:07:30.882873+00:00,unverified,unverified,尚未核实正文取得及再利用范围；不能以登记网址视为正文已完成。,入口能识别部分内容，但仍需适配文章身份、日期、正文或分页。,先核对所列候选入口，再完成可恢复分页、中文样文和同生产环境验证。,,,非站点根路径_需确认栏目适用性,unverified/unverified/unverified
target_e6fdd37acb5ef3d9904e57307875f14f788c8a7fbcd4067482012f5072142fc5,target_e6fdd37acb5ef3d9,S01-R004,obs_8913053bf031589a6877b21539,CN,CN,中国,,部委,部委,生态环境部,中国中央政府部门,环境,B2_政府配套政策,https://www.mee.gov.cn/,https://www.mee.gov.cn/,https://www.mee.gov.cn/,configured,src_5c2b4d3a366a1dac4bfac8bb,https://www.mee.gov.cn/ywdt/hjywnews/,html,adapter_required,,,,enabled,active,0,2026-09-13T14:42:09.294620Z,unverified,unverified,仅公开标题、发布日期、原始署名及发布方短meta信息中的事实导读，注明来源和原文链接；不含原创正文、图片或附件的再利用许可,持续供稿、全部库存中文阅读和可提供全文的正文完成仍需验证。,验证真实新稿与历史库存的自动中文处理和公开，补齐允许范围内的正文。,,,,unverified/unverified/unverified
target_4d3487a3394428c384772487b515cafcde8338c405c164d1312efe687687147b,target_4d3487a3394428c3,S01-R012,obs_282688f85e260aec836123c492,CN,CN,中国,,部委,部委,应急管理部,中国中央政府部门,安全与应急,B2_政府配套政策,https://www.mem.gov.cn/index.shtml,https://www.mem.gov.cn/index.shtml,https://www.mem.gov.cn/index.shtml,configured,src_cff1cb143155676318aa25a1,https://www.mem.gov.cn/gk/tzgg/,html,adapter_required,,,,enabled,active,12,2026-09-13T14:42:09.294620Z,unverified,unverified,本机关正式部令及经元信息/正文交叉核实的行政通知中文正文依著作权法第五条处理，署名回链。通知须MEM发文单位/规范应急文号及正文同号、署名、成文日一致；其他文类仅既有事实元数据，不含图片、附件或转载作品。,持续供稿、全部库存中文阅读和可提供全文的正文完成仍需验证。,验证真实新稿与历史库存的自动中文处理和公开，补齐允许范围内的正文。,,,,unverified/unverified/unverified
target_68ca508b83b780759c35556abd92758da9cb38d051e8d0b3a5b40807844636d2,target_68ca508b83b78075,S16-R031,obs_02c4b9cc85b002833cd6270414,CO,CO,哥伦比亚,,境外,哥伦比亚,环境部,海外政府部门或监管机构候选,环境,B2_政府配套政策,www.minambiente.gov.co,,https://www.minambiente.gov.co/,unconfigured,,https://www.minambiente.gov.co/sala-de-prensa/,unresolved,adapter_required,,,,runtime_unverified,,0,2026-09-07T23:52:18.340514+00:00,unverified,unverified,已观察真实标题、OG描述及独立发表/修改时间；条款涉及机构与第三方知识产权，未审模型和公开复用范围。,哥伦比亚环境部机构、新闻详情和条款页面可读，已分开文章发表与修改时点；但采样是鳄鱼保护，新闻索引无静态条目，矿业样例、分页及有限处理范围尚未核实。,政府域名、机构自述、真实新闻详情标题/OG摘要/独立发表与修改时点可读。官方新闻页无静态文章列表，存在筛选与页面声明AJAX；未调用该动作或猜测RSS。采样为鳄鱼保护并非矿业。需核新闻分页读取与有限事实导读scope，再取得矿业样例；不可因主页200直接启用。,,,原显示网址缺协议_协议补全来源见normalization_notes,unverified/unverified/unverified
target_fad21c81be5d35732ec1749c31a0b9fe8b04c7dff30d54d475aa55509842e1ab,target_fad21c81be5d3573,S16-R002,obs_bc2d83d0782abd54033affa24e,,,跨国/未限定,,境外,主流媒体,miming.com,新闻媒体或通讯社,矿业与资源,C_媒体与行业动态,https://www.mining.com/earthquake-forces-temporary-shutdown-of-ivanhoe-mines-kakula-mine/,https://www.mining.com/earthquake-forces-temporary-shutdown-of-ivanhoe-mines-kakula-mine/,https://www.mining.com/earthquake-forces-temporary-shutdown-of-ivanhoe-mines-kakula-mine/,unconfigured,,https://www.mining.com/mining-dot-com-rss-feeds/,unresolved,access_failed,,,,runtime_unverified,,0,2026-09-07T08:57:08.715404+00:00,unverified,unverified,已有索引中的RSS使用说明仅为有限线索，未扩大为全文/第三方权利。,MINING.COM官方RSS说明入口原生HTTP403；没有核到可用feed href，已停止尝试。,仅在访问条件改善后从官网重新发现实际feed，或推进同类可用候选；保留本原表目标。,,,具体文章或单项页面_需发现持续更新入口;原机构miming.com与mining.com拼写不一致;非站点根路径_需确认栏目适用性,unverified/unverified/unverified
target_2c4cdc3d7f2546a110d515b404393d99f018dfc0e2e3f99168da6f00a1d3b03b,target_2c4cdc3d7f2546a1,S01-R002,obs_706c9eb780b04d42ae607adf67,CN,CN,中国,,部委,部委,自然资源部,中国中央政府部门,矿业与资源,B1_矿业能源法律核心,https://www.mnr.gov.cn/,https://www.mnr.gov.cn/,https://www.mnr.gov.cn/,configured,src_d82d04c690211f356903a0e817,https://www.mnr.gov.cn/dt/kc/,html,native_acquisition_passed,,,,enabled,active,13,2026-09-13T14:42:09.294620Z,unverified,unverified,仅公开标题、发布日期、原始署名及发布方短meta信息中的事实导读，注明来源和原文链接；不含原创正文、图片、地图或附件的再利用许可,持续供稿、全部库存中文阅读和可提供全文的正文完成仍需验证。,验证真实新稿与历史库存的自动中文处理和公开，补齐允许范围内的正文。,,,,unverified/unverified/unverified
target_f4fbd2ed0ef62e36b3e04b694d411da222a8a6f62fe61a38affc927a72e12bfb,target_f4fbd2ed0ef62e36,S01-R009,obs_fc59ccaac6cea1c165554a6ad7,CN,CN,中国,,部委,部委,农业农村部,中国中央政府部门,土地与生态利用,B2_政府配套政策,https://www.moa.gov.cn/,https://www.moa.gov.cn/,https://www.moa.gov.cn/,unconfigured,,,unresolved,blocked,source_robots_denied,,,runtime_unverified,,0,2026-09-09T18:07:30.882873+00:00,unverified,unverified,尚未核实正文取得及再利用范围；不能以登记网址视为正文已完成。,此前robots限制该访问路径，需要核对可用订阅、接口或其他公开入口。,先核对所列候选入口，再完成可恢复分页、中文样文和同生产环境验证。,,,,unverified/unverified/unverified
target_a0bc8fd10052fbab27495b936cdc95bc2dda7fea0a5901162ecbfbcb53f48e0c,target_a0bc8fd10052fbab,S01-R003,obs_4f88479dd55d966809f5d21d3b,CN,CN,中国,,部委,部委,财政部,中国中央政府部门,财税与经济,B2_政府配套政策,https://www.mof.gov.cn/index.htm,https://www.mof.gov.cn/index.htm,https://www.mof.gov.cn/index.htm,configured,src_cfefda8137c1e857c99cb0bf,https://szs.mof.gov.cn/zhengcefabu/,html,native_acquisition_passed,,,,runtime_unverified,none,0,2026-09-13T05:33:28.572603+00:00,sample_passed_not_inventory_complete,unverified,仅逐稿核实原机关署名的行政文书网页内联正文；链接附件、标准文件、图片和新闻解读不在正文范围内,原生实际条目、两页翻页及行政正文样本已通过本机专用适配；候选配置默认未启用，仍需同生产环境预览、30天回填和持续公开核验。,部署适配后在现有来源资格核验流程逐源启用；新稿优先、历史低优先，逐项观察中文正文和实际产出。,,,,unverified/unverified/unverified
target_47153a324bfd0a555a4f3870afffd37a0862a6b41c9dbc014629d888a5610eb3,target_47153a324bfd0a55,S01-R010,obs_32ad9f735c3e1b9ad56b541455,CN,CN,中国,,部委,部委,商务部,中国中央政府部门,财税与经济,B2_政府配套政策,https://www.mofcom.gov.cn/index.html,https://www.mofcom.gov.cn/index.html,https://www.mofcom.gov.cn/index.html,configured,src_1e67782324faf3b974a17fb2,https://www.mofcom.gov.cn/zwgk/zcfb/index.html,html,native_acquisition_passed,,,,runtime_unverified,none,0,2026-09-13T05:33:28.572603+00:00,sample_passed_not_inventory_complete,unverified,仅逐稿核实原机关署名的行政文书网页内联正文；链接附件、标准文件、图片和新闻解读不在正文范围内,原生实际条目、两页翻页及行政正文样本已通过本机专用适配；候选配置默认未启用，仍需同生产环境预览、30天回填和持续公开核验。,部署适配后在现有来源资格核验流程逐源启用；新稿优先、历史低优先，逐项观察中文正文和实际产出。,,,,unverified/unverified/unverified
target_9077fbcdcdb05a86b5e7181e4b16c0b2afe9fe4e55a501714d77ad5f8fbc4d49,target_9077fbcdcdb05a86,S01-R005,obs_3c0246fc4afd0630687e83c852,CN,CN,中国,,部委,部委,人力资源和社会保障部,中国中央政府部门,劳动与社会保障,B2_政府配套政策,https://www.mohrss.gov.cn/index.html,https://www.mohrss.gov.cn/index.html,https://www.mohrss.gov.cn/index.html,unconfigured,,,unresolved,adapter_required,source_access_verification_required,,,runtime_unverified,,0,2026-09-13T04:39:52.258149+00:00,unverified,unverified,尚未核实正文取得及再利用范围；不能以登记网址视为正文已完成。,官网原生返回JS访问验证壳，没有实际条目；尚未验证可用的常规浏览器读取与分页。,继续寻找原发布方公开、可稳定读取的政策和职业健康入口；当前目标仍未完成，不用其他已配置来源代替。,,,,unverified/unverified/unverified
target_370609fef4f7f4256772068827256ad1e76ebb39e908711356a4016828cb5133,target_370609fef4f7f425,S01-R006,obs_9f1371593d0e1b2e8f3104bfc7,CN,CN,中国,,部委,部委,住房和城乡建设部,中国中央政府部门,基础设施与产业,B2_政府配套政策,https://www.mohurd.gov.cn/?medium=01,https://www.mohurd.gov.cn/?medium=01,https://www.mohurd.gov.cn/?medium=01,configured,src_c25b2b903b7ef04073e1bd83,https://www.mohurd.gov.cn/zhengcefabu/index.html,html,native_acquisition_passed,,https://www.mohurd.gov.cn/xinwen/jsyw/art/2025/art_09d559f5409e45aeaa9e874af395d2d5.html;https://www.mohurd.gov.cn/xinwen/jsyw/art/2024/art_303_780414.html;https://www.mohurd.gov.cn/xinwen/jsyw/art/2024/art_303_778076.html;https://www.mohurd.gov.cn/xinwen/jsyw/art/2025/art_1cfb5540249447f1bb0a4f604be26649.html;https://www.mohurd.gov.cn/xinwen/jsyw/art/2026/art_41a4475aa5b0477aa829bb8144104792.html,html;html;html;html;html,runtime_unverified,none,0,2026-09-13T05:33:28.572603+00:00,sample_passed_not_inventory_complete,unverified,仅逐稿核实原机关署名的行政文书网页内联正文；链接附件、标准文件、图片和新闻解读不在正文范围内,原生实际条目、两页翻页及行政正文样本已通过本机专用适配；候选配置默认未启用，仍需同生产环境预览、30天回填和持续公开核验。,部署适配后在现有来源资格核验流程逐源启用；新稿优先、历史低优先，逐项观察中文正文和实际产出。,,,,unverified/unverified/unverified
target_b96bc6afe29eed879e687c15082519b40af662c516e4a013383810c72ba93333,target_b96bc6afe29eed87,S01-R007,obs_1f2905b987c14c41b7fa6088a9,CN,CN,中国,,部委,部委,交通运输部,中国中央政府部门,基础设施与产业,B2_政府配套政策,https://www.mot.gov.cn/,https://www.mot.gov.cn/,https://www.mot.gov.cn/,unconfigured,,,unresolved,discovered,source_identity_review_required,https://www.mot.gov.cn/gongkai/zcjd/index.html;https://www.mot.gov.cn/gongkai/zcjd/202608/t20260814_4215570.html;https://www.mot.gov.cn/gongkai/zcjd/202608/t20260811_4211531.html;https://www.mot.gov.cn/gongkai/zcjd/202607/t20260729_4210680.html;https://www.mot.gov.cn/xinwen/xinwenfabuhui/index.html,html;html;html;html;html,runtime_unverified,,0,2026-09-09T18:07:30.882873+00:00,unverified,unverified,尚未核实正文取得及再利用范围；不能以登记网址视为正文已完成。,已发现候选页面，但发布方或文章身份尚未核实。,先核对所列候选入口，再完成可恢复分页、中文样文和同生产环境验证。,,,,unverified/unverified/unverified
target_707f097f63f267167c31ef5dae6e61933e8af578240ec5d26c5f64db670372fe,target_707f097f63f26716,S07-R015,obs_2199bd024964ab3f325d5d025e,CN,CN,中国,安徽省,安徽省,安徽省,国家金融监督管理总局--安徽监管局,中国中央机构省区分支,综合或未明确,B2_政府配套政策,https://www.nfra.gov.cn/branch/anhui/view/pages/index/index.html,https://www.nfra.gov.cn/branch/anhui/view/pages/index/index.html,https://www.nfra.gov.cn/branch/anhui/view/pages/index/index.html,unconfigured,,,unresolved,discovered,source_adapter_required,,,runtime_unverified,,0,2026-09-09T18:07:30.882873+00:00,unverified,unverified,尚未核实正文取得及再利用范围；不能以登记网址视为正文已完成。,入口能识别部分内容，但仍需适配文章身份、日期、正文或分页。,先核对所列候选入口，再完成可恢复分页、中文样文和同生产环境验证。,,,非站点根路径_需确认栏目适用性,unverified/unverified/unverified
target_5f2489f6cc6fe26e889bcdba80cc0bb486641f385b7992ca7dd7f98b96daa0eb,target_5f2489f6cc6fe26e,S08-R015,obs_0d72bc65d6fb132ede26f185b7,CN,CN,中国,福建省,福建省,福建省,国家金融监督管理总局--福建监管局,中国中央机构省区分支,综合或未明确,B2_政府配套政策,https://www.nfra.gov.cn/branch/fujian/view/pages/index/index.html,https://www.nfra.gov.cn/branch/fujian/view/pages/index/index.html,https://www.nfra.gov.cn/branch/fujian/view/pages/index/index.html,unconfigured,,,unresolved,discovered,source_adapter_required,,,runtime_unverified,,0,2026-09-09T18:07:30.882873+00:00,unverified,unverified,尚未核实正文取得及再利用范围；不能以登记网址视为正文已完成。,入口能识别部分内容，但仍需适配文章身份、日期、正文或分页。,先核对所列候选入口，再完成可恢复分页、中文样文和同生产环境验证。,,,非站点根路径_需确认栏目适用性,unverified/unverified/unverified
target_ed843d62d4ae21eb15187f895d5470a3c0aed9dbfc92fd5d6ce38d56cc6a7bdd,target_ed843d62d4ae21eb,S11-R015,obs_43f8126813123b97a9cf79e151,CN,CN,中国,甘肃省,甘肃省,甘肃省,国家金融监督管理总局--甘肃监管局,中国中央机构省区分支,综合或未明确,B2_政府配套政策,https://www.nfra.gov.cn/branch/gansu/view/pages/index/index.html,https://www.nfra.gov.cn/branch/gansu/view/pages/index/index.html,https://www.nfra.gov.cn/branch/gansu/view/pages/index/index.html,unconfigured,,,unresolved,discovered,source_adapter_required,,,runtime_unverified,,0,2026-09-09T18:07:30.882873+00:00,unverified,unverified,尚未核实正文取得及再利用范围；不能以登记网址视为正文已完成。,入口能识别部分内容，但仍需适配文章身份、日期、正文或分页。,先核对所列候选入口，再完成可恢复分页、中文样文和同生产环境验证。,,,非站点根路径_需确认栏目适用性,unverified/unverified/unverified
target_044ddf4a87b6d55cd73bdd54c76c9945d9b9228e962940184225e444795e8071,target_044ddf4a87b6d55c,S10-R015,obs_7ec6ecc74e9624e01dbafee2af,CN,CN,中国,贵州省,贵州省,贵州省,国家金融监督管理总局--贵州监管局,中国中央机构省区分支,综合或未明确,B2_政府配套政策,https://www.nfra.gov.cn/branch/guizhou/view/pages/index/index.html,https://www.nfra.gov.cn/branch/guizhou/view/pages/index/index.html,https://www.nfra.gov.cn/branch/guizhou/view/pages/index/index.html,unconfigured,,,unresolved,discovered,source_adapter_required,,,runtime_unverified,,0,2026-09-09T18:07:30.882873+00:00,unverified,unverified,尚未核实正文取得及再利用范围；不能以登记网址视为正文已完成。,入口能识别部分内容，但仍需适配文章身份、日期、正文或分页。,先核对所列候选入口，再完成可恢复分页、中文样文和同生产环境验证。,,,非站点根路径_需确认栏目适用性,unverified/unverified/unverified
target_6a58622dac9eb515264d4e7b6dae6b468b2ba88a1e8e9c65d9d4a5a48a813c99,target_6a58622dac9eb515,S02-R015,obs_711c35baacb422db4dca1ac817,CN,CN,中国,黑龙江省,黑龙江省,黑龙江省,国家金融监督管理总局--黑龙江监管局,中国中央机构省区分支,综合或未明确,B2_政府配套政策,https://www.nfra.gov.cn/branch/heilongjiang/view/pages/index/index.html,https://www.nfra.gov.cn/branch/heilongjiang/view/pages/index/index.html,https://www.nfra.gov.cn/branch/heilongjiang/view/pages/index/index.html,unconfigured,,,unresolved,discovered,source_adapter_required,,,runtime_unverified,,0,2026-09-09T18:07:30.882873+00:00,unverified,unverified,尚未核实正文取得及再利用范围；不能以登记网址视为正文已完成。,入口能识别部分内容，但仍需适配文章身份、日期、正文或分页。,先核对所列候选入口，再完成可恢复分页、中文样文和同生产环境验证。,,,非站点根路径_需确认栏目适用性,unverified/unverified/unverified
target_9aa29273f6c7bbcdd8d1e838af31eb60b6191bd4abec8a773e4d9cf34b36e097,target_9aa29273f6c7bbcd,S06-R015,obs_490e68b15549bcd66ecb648a06,CN,CN,中国,河南省,河南省,河南省,国家金融监督管理总局--河南监管局,中国中央机构省区分支,综合或未明确,B2_政府配套政策,https://www.nfra.gov.cn/branch/henan/view/pages/index/index.html,https://www.nfra.gov.cn/branch/henan/view/pages/index/index.html,https://www.nfra.gov.cn/branch/henan/view/pages/index/index.html,unconfigured,,,unresolved,discovered,source_adapter_required,,,runtime_unverified,,0,2026-09-09T18:07:30.882873+00:00,unverified,unverified,尚未核实正文取得及再利用范围；不能以登记网址视为正文已完成。,入口能识别部分内容，但仍需适配文章身份、日期、正文或分页。,先核对所列候选入口，再完成可恢复分页、中文样文和同生产环境验证。,,,非站点根路径_需确认栏目适用性,unverified/unverified/unverified
target_7d70a5c8df37a0796a3839d70dbf8432be22ccce3d937d0aa77af58a81beea2a,target_7d70a5c8df37a079,S09-R015,obs_41dee01852a23898f3ceb78d23,CN,CN,中国,湖南省,湖南省,湖南省,国家金融监督管理总局--湖南监管局,中国中央机构省区分支,综合或未明确,B2_政府配套政策,https://www.nfra.gov.cn/branch/hunan/view/pages/index/index.html,https://www.nfra.gov.cn/branch/hunan/view/pages/index/index.html,https://www.nfra.gov.cn/branch/hunan/view/pages/index/index.html,unconfigured,,,unresolved,discovered,source_adapter_required,,,runtime_unverified,,0,2026-09-09T18:07:30.882873+00:00,unverified,unverified,尚未核实正文取得及再利用范围；不能以登记网址视为正文已完成。,入口能识别部分内容，但仍需适配文章身份、日期、正文或分页。,先核对所列候选入口，再完成可恢复分页、中文样文和同生产环境验证。,,,非站点根路径_需确认栏目适用性,unverified/unverified/unverified
target_c6ec368b56de5fd3e91154887a137d4f12d49ca73c3f4bd8c7df27233228488e,target_c6ec368b56de5fd3,S03-R015,obs_5ec948e424801cf165b37c46bf,CN,CN,中国,吉林省,吉林省,吉林省,国家金融监督管理总局--吉林监管局,中国中央机构省区分支,综合或未明确,B2_政府配套政策,https://www.nfra.gov.cn/branch/jilin/view/pages/index/index.html,https://www.nfra.gov.cn/branch/jilin/view/pages/index/index.html,https://www.nfra.gov.cn/branch/jilin/view/pages/index/index.html,unconfigured,,,unresolved,discovered,source_adapter_required,,,runtime_unverified,,0,2026-09-09T18:07:30.882873+00:00,unverified,unverified,尚未核实正文取得及再利用范围；不能以登记网址视为正文已完成。,入口能识别部分内容，但仍需适配文章身份、日期、正文或分页。,先核对所列候选入口，再完成可恢复分页、中文样文和同生产环境验证。,,,非站点根路径_需确认栏目适用性,unverified/unverified/unverified
target_4aa1cc99dbee392edae185dc6bcead2f8b1297fac55ec32ee77079b1f2626127,target_4aa1cc99dbee392e,S12-R015,obs_d2f72a7a09956b81f28651a85c,CN,CN,中国,青海省,青海省,青海省,国家金融监督管理总局--青海监管局,中国中央机构省区分支,综合或未明确,B2_政府配套政策,https://www.nfra.gov.cn/branch/qinghai/view/pages/index/index.html,https://www.nfra.gov.cn/branch/qinghai/view/pages/index/index.html,https://www.nfra.gov.cn/branch/qinghai/view/pages/index/index.html,unconfigured,,,unresolved,discovered,source_adapter_required,,,runtime_unverified,,0,2026-09-09T18:07:30.882873+00:00,unverified,unverified,尚未核实正文取得及再利用范围；不能以登记网址视为正文已完成。,入口能识别部分内容，但仍需适配文章身份、日期、正文或分页。,先核对所列候选入口，再完成可恢复分页、中文样文和同生产环境验证。,,,非站点根路径_需确认栏目适用性,unverified/unverified/unverified
target_3cbd26fa8a3932762e9833ca7157f93f451be8948671f567688ebbcbeaff378d,target_3cbd26fa8a393276,S05-R015,obs_902aa043d52bb0680354206db1,CN,CN,中国,山西省,山西省,山西省,国家金融监督管理总局--山西监管局,中国中央机构省区分支,综合或未明确,B2_政府配套政策,https://www.nfra.gov.cn/branch/shanxi/view/pages/index/index.html,,https://www.nfra.gov.cn/branch/shanxi/view/pages/index/index.html,unconfigured,,,unresolved,discovered,source_adapter_required,,,runtime_unverified,,0,2026-09-09T18:07:30.882873+00:00,unverified,unverified,尚未核实正文取得及再利用范围；不能以登记网址视为正文已完成。,入口能识别部分内容，但仍需适配文章身份、日期、正文或分页。,先核对所列候选入口，再完成可恢复分页、中文样文和同生产环境验证。,,,非站点根路径_需确认栏目适用性,unverified/unverified/unverified
target_54e1a11674c2a5a987a02aa2823f1d850affb977f274a1af2084d130d9fcac77,target_54e1a11674c2a5a9,S13-R015,obs_4e6804d8e27dd69e53787192cc,CN,CN,中国,新疆,新疆,新疆,国家金融监督管理总局--新疆监管局,中国中央机构省区分支,综合或未明确,B2_政府配套政策,https://www.nfra.gov.cn/branch/xinjiang/view/pages/index/index.html,https://www.nfra.gov.cn/branch/xinjiang/view/pages/index/index.html,https://www.nfra.gov.cn/branch/xinjiang/view/pages/index/index.html,unconfigured,,,unresolved,discovered,source_adapter_required,,,runtime_unverified,,0,2026-09-09T18:07:30.882873+00:00,unverified,unverified,尚未核实正文取得及再利用范围；不能以登记网址视为正文已完成。,入口能识别部分内容，但仍需适配文章身份、日期、正文或分页。,先核对所列候选入口，再完成可恢复分页、中文样文和同生产环境验证。,,,非站点根路径_需确认栏目适用性,unverified/unverified/unverified
target_3e166939f127edea061f7675c301f290986044021ed0921ff516e0f8669f97b9,target_3e166939f127edea,S14-R013,obs_96c4be2b86e6dfeb6352bc934e,CN,CN,中国,西藏,西藏,西藏,国家金融监督管理总局--西藏监管局,中国中央机构省区分支,综合或未明确,B2_政府配套政策,https://www.nfra.gov.cn/branch/xizang/view/pages/index/index.html,https://www.nfra.gov.cn/branch/xizang/view/pages/index/index.html,https://www.nfra.gov.cn/branch/xizang/view/pages/index/index.html,unconfigured,,,unresolved,discovered,source_adapter_required,,,runtime_unverified,,0,2026-09-09T18:07:30.882873+00:00,unverified,unverified,尚未核实正文取得及再利用范围；不能以登记网址视为正文已完成。,入口能识别部分内容，但仍需适配文章身份、日期、正文或分页。,先核对所列候选入口，再完成可恢复分页、中文样文和同生产环境验证。,,,非站点根路径_需确认栏目适用性,unverified/unverified/unverified
target_9c62eb747deff00c6fea858488ee97fd4ca49ec71945340b53b26f94f56b220a,target_9c62eb747deff00c,S15-R015,obs_fff0fbbdb27ec3fb500d3d48a4,CN,CN,中国,云南省,云南省,云南省,国家金融监督管理总局--云南监管局,中国中央机构省区分支,综合或未明确,B2_政府配套政策,https://www.nfra.gov.cn/branch/yunnan/view/pages/index/index.html,https://www.nfra.gov.cn/branch/yunnan/view/pages/index/index.html,https://www.nfra.gov.cn/branch/yunnan/view/pages/index/index.html,unconfigured,,,unresolved,discovered,source_adapter_required,,,runtime_unverified,,0,2026-09-09T18:07:30.882873+00:00,unverified,unverified,尚未核实正文取得及再利用范围；不能以登记网址视为正文已完成。,入口能识别部分内容，但仍需适配文章身份、日期、正文或分页。,先核对所列候选入口，再完成可恢复分页、中文样文和同生产环境验证。,,,非站点根路径_需确认栏目适用性,unverified/unverified/unverified
target_d5d2ccbc0ef57617ea6810aae6019b0701cd3d1111125de03bfb911fc2a91c65,target_d5d2ccbc0ef57617,S01-R015,obs_001013ab20856288753833d9cf,CN,CN,中国,,部委,部委,国家金融监督管理总局,中国中央政府部门,综合或未明确,B2_政府配套政策,https://www.nfra.gov.cn/cn/view/pages/index/index.html,https://www.nfra.gov.cn/cn/view/pages/index/index.html,https://www.nfra.gov.cn/cn/view/pages/index/index.html,unconfigured,,,unresolved,discovered,source_adapter_required,,,runtime_unverified,,0,2026-09-09T18:07:30.882873+00:00,unverified,unverified,尚未核实正文取得及再利用范围；不能以登记网址视为正文已完成。,入口能识别部分内容，但仍需适配文章身份、日期、正文或分页。,先核对所列候选入口，再完成可恢复分页、中文样文和同生产环境验证。,,,非站点根路径_需确认栏目适用性,unverified/unverified/unverified
target_1523430dc2abb000b7cb71bc6ec8033b090d83d3e233e54b772d5e8348327082,target_1523430dc2abb000,S01-R011,obs_0a8e8eb07ffe37aea3c63df182,CN,CN,中国,,部委,部委,国家卫生健康委员会,中国中央政府部门,综合或未明确,B2_政府配套政策,https://www.nhc.gov.cn/,https://www.nhc.gov.cn/,https://www.nhc.gov.cn/,unconfigured,,,unresolved,adapter_required,source_access_verification_required,,,runtime_unverified,,0,2026-09-13T05:16:28.309396+00:00,unverified,unverified,尚未核实正文取得及再利用范围；不能以登记网址视为正文已完成。,官网和已确认职业健康原始通知均返回HTTP412；尚未取得正常原生列表或正文，不标接通。,继续寻找原发布方公开、可稳定读取的政策和职业健康入口；当前目标仍未完成，不用其他已配置来源代替。,,,,unverified/unverified/unverified
target_e73c3b3b1e6b5725ad3c818f2f414291ab121502e9eb610658af640f3d35b8c5,target_e73c3b3b1e6b5725,S16-R067,obs_f6675dedd17c196f3043004cff,RS,RS,塞尔维亚,,境外,塞尔维亚,塞尔维亚法律信息网站,第三方法律信息服务,法律与规制,D_许可及主体专项核实,https://www.paragraf.rs/,https://www.paragraf.rs/,https://www.paragraf.rs/,unconfigured,,https://www.paragraf.rs/,unresolved,scope_review_required,,,,runtime_unverified,,0,2026-09-07T22:02:20.350037+00:00,unverified,unverified,具体材料范围和模型准入尚未完成核验。,Paragraf官网与robots可读，主体为法律信息公司；条款链接已发现但未读取，矿业文章、日期及分页未完成。,读取已发现的条款并找到真实矿业相关公开链路；不将公司网站计为政府发文机关。,,,,unverified/unverified/unverified
target_7235240c22dd16e06da27b9d27193606b1d80fd39803a78ef409b1d88fe35ca0,target_7235240c22dd16e0,S16-R068,obs_34f502e6f31c3dd5d2e323dffa,RS,RS,塞尔维亚,,境外,塞尔维亚,政治报,新闻媒体或通讯社,新闻与风险,C_媒体与行业动态,https://www.politika.rs/,https://www.politika.rs/,https://www.politika.rs/,unconfigured,,https://www.politika.rs/scc/ekonomija,unresolved,scope_review_required,,,,runtime_unverified,,0,2026-09-07T22:02:20.350037+00:00,unverified,unverified,具体材料范围和模型准入尚未完成核验。,Politika主页与robots可读；robots对RSS/API等有具体限制，条款和经济栏目链接已发现，未完成矿业详情与分页核验。,按已发现的允许入口核对条款及矿业文章；不绕过被禁止的RSS/API路径。,,,,unverified/unverified/unverified
target_f2a169165a366b02275b525a19963bd68699e88bfe0615f06b80aa22e7170391,target_f2a169165a366b02,S16-R059,obs_233c17e5462ad8d460a42b9fdb,TJ,TJ,塔吉克斯坦,,境外,塔吉克斯坦,总统府,政府综合门户或总统府,综合或未明确,B2_政府配套政策,https://www.president.tj/,https://www.president.tj/,https://www.president.tj/,unconfigured,,https://www.president.tj/,unresolved,adapter_required,,,,runtime_unverified,,0,2026-09-08T12:19:12.979368+00:00,unverified,unverified,首页名称只能建立入口线索，不能当作新闻事实材料；具体元数据/正文再利用范围未知。,总统府robots空Disallow，HTTPS首页200；仅1900字节应用壳，未取得文章列表、日期或使用条款。为明确启动结构的第二次读取返回相同body hash。,后续只读核对实际声明的脚本/公开API及使用范围，再验证官方新闻身份和日期；当前无可运行配置，不执行网页代码或猜API。,,,,unverified/unverified/unverified
target_938754f9bd588c147a5340d9dcb42d0eb7ef56c16064a788e05fa99ade9f92c6,target_938754f9bd588c14,S16-R007,obs_7a132d742c55077d251f73f0aa,,,跨国/未限定,,境外,主流媒体,路透社,新闻媒体或通讯社,新闻与风险,C_媒体与行业动态,https://www.reuters.com/,https://www.reuters.com/,https://www.reuters.com/,unconfigured,,,unresolved,retry,source_timeout,,,runtime_unverified,,0,2026-09-09T18:07:30.882873+00:00,unverified,unverified,尚未核实正文取得及再利用范围；不能以登记网址视为正文已完成。,此前读取超时，需要核对页面大小、动态加载和合适的访问频率。,先核对所列候选入口，再完成可恢复分页、中文样文和同生产环境验证。,,,,unverified/unverified/unverified
target_f8e573e8fba8f5d835484fde3d9204e9341d746309f99d9eec52f9ea4a554779,target_f8e573e8fba8f5d8,S16-R069,obs_c42f59d179c38eb82e7fbbaae3,RS,RS,塞尔维亚,,境外,塞尔维亚,塞尔维亚国家广播电视台,新闻媒体或通讯社,综合或未明确,C_媒体与行业动态,https://www.rts.rs/sr/index.html,https://www.rts.rs/sr/index.html,https://www.rts.rs/sr/index.html,configured,src_ea928f106e5b948b244f6d90,https://www.rts.rs/vesti/ekonomija/rss.html,rss,adapter_required,,,,enabled,active,29,2026-09-13T14:42:09.294620Z,unverified,unverified,限定RTS本社公开标题及完整短head元信息中的事实导读，明确RTS署名和回链；不是全文/图片/视频/附件或第三方稿件转载许可，生产资格待验证。,持续供稿、全部库存中文阅读和可提供全文的正文完成仍需验证。,验证真实新稿与历史库存的自动中文处理和公开，补齐允许范围内的正文。,,,非站点根路径_需确认栏目适用性,unverified/unverified/unverified
target_6f78978deaf563cdf103b0c2a0cd3dfeedff1b2ac2113dcc0558c3cc1402fbf9,target_6f78978deaf563cd,S01-R014,obs_8ba81dd151080a3b7ca28dae88,CN,CN,中国,,部委,部委,国家市场监督管理总局,中国中央政府部门,综合或未明确,B2_政府配套政策,https://www.samr.gov.cn/,https://www.samr.gov.cn/,https://www.samr.gov.cn/,configured,src_0dd8a94ce84b952fa01bd540,https://www.samr.gov.cn/zw/zjwj/index.html,html,native_acquisition_passed,,,,runtime_unverified,none,0,2026-09-13T05:33:28.572603+00:00,sample_passed_not_inventory_complete,unverified,仅逐稿核实原机关署名的行政文书网页内联正文；链接附件、标准文件、图片和新闻解读不在正文范围内,原生实际条目、两页翻页及行政正文样本已通过本机专用适配；候选配置默认未启用，仍需同生产环境预览、30天回填和持续公开核验。,部署适配后在现有来源资格核验流程逐源启用；新稿优先、历史低优先，逐项观察中文正文和实际产出。,,,,unverified/unverified/unverified
target_66cf5a759142bc2188ee8d5a141a03053dc4c78a15fed36cbb4143fa2319ee7f,target_66cf5a759142bc21,S16-R012,obs_1dd892f290a7034b9f092dd728,US,US,美国,,境外,美国,美联邦政府,政府综合门户或总统府,新闻与风险,B2_政府配套政策,https://www.usa.gov/,https://www.usa.gov/,https://www.usa.gov/,unconfigured,,https://www.usa.gov/laws-and-legal-issues,unresolved,adapter_required,,,,runtime_unverified,,0,2026-09-08T17:34:58.278622+00:00,unverified,unverified,只登记实际导航标题、功能和链接；未确证文书全文或复用授权。日期未知保留null，不把缓存/HTTP修改时间当新闻时间。,USA.gov原首页、robots、实际privacy/security页和法律导航页均原生200，10秒crawl-delay已遵守。实测是政府服务/法律信息目录，并非一篇有首发日期的新闻或法规全文；没有以HTTP Last-Modified补刊发日。,将本站按政府信息/法律导航入口核对，继续实际观察的laws-and-regulations链接并区别外部法律发布方；另核内容复用范围和真正文书日期。轻量观察器混入SVG title Lock，适配须限定head/OG。,,,,unverified/unverified/unverified
target_5e3df3c2e9216641a86d01c60fac70b3c8ee70603d1314fc09991fe5fbe6b2ef,target_5e3df3c2e9216641,S16-R013,obs_988efda7c91be6496711c11c58,US,US,美国,,境外,美国,美国防部【战争部】,海外政府部门或监管机构候选,综合或未明确,B2_政府配套政策,https://www.war.gov/?=,https://www.war.gov/?=,https://www.war.gov/?=,unconfigured,,,unresolved,access_failed,,,,runtime_unverified,,0,2026-09-08T17:34:58.278642+00:00,unverified,unverified,身份、文章日期与内容许可均未核实；403是访问事实，不是全文版权判定。,war.gov robots首次严格HTTPS请求返回403 Access Denied，已立即停止；原表带?=的网址未请求，未改用其他域名、UA或HTTP。当前只能确认访问被拒，不能认定真实文章身份、日期或处理范围。,保留原行、原?=查询网址和403证据；在可达性有新依据后再独立核实官方身份、robots、政策和文章入口，不绕过Akamai拒绝。,,,,unverified/unverified/unverified
target_7b86e862d10a68e4bb7002e95523064d17e61d833abb7dab69ef84c23f3a7a9b,target_7b86e862d10a68e4,S16-R011,obs_740a7987dd03bcb7248b4cd6d5,US,US,美国,,境外,美国,美国白宫官网,政府综合门户或总统府,综合或未明确,B2_政府配套政策,https://www.whitehouse.gov/,https://www.whitehouse.gov/,https://www.whitehouse.gov/,unconfigured,,https://www.whitehouse.gov/presidential-actions/,unresolved,adapter_required,,,,runtime_unverified,,0,2026-09-08T17:34:58.278621+00:00,unverified,unverified,本次只登记实际标题、列表日期和原文链接；privacy页未建立内容复用许可，不推断全站正文/图片/第三方作品可处理。,白宫原首页、robots、实际privacy页和Presidential Actions列表均原生200；列表含10个正式文件链接及带-04:00的time字段，并发现真实/page/2。详情与全文范围尚未核实，不能据首页或列表通过认定接通。,从已观察的正式文件链接与/page/2继续受限核验，核对详情canonical/首次刊发/署名和政府原作或第三方例外；privacy页不是全文许可证据。之后才能做具体适配及原生统一预览。,,,,unverified/unverified/unverified
target_c77425f642e01931c10103482176545d0071e406ce446494c3c147101b4fdcf5,target_c77425f642e01931,S13-R018,obs_157ee4ab6762af6d2053d9b978,CN,CN,中国,新疆,新疆,新疆,国家矿山安全监察局--新疆局,中国中央机构省区分支,矿业与资源；安全与应急,B1_矿业能源法律核心,https://xj.chinamine-safety.gov.cn/web/webIndex.shtml,https://xj.chinamine-safety.gov.cn/web/webIndex.shtml,https://xj.chinamine-safety.gov.cn/web/webIndex.shtml,unconfigured,,,unresolved,retry,source_network_failure,,,runtime_unverified,,0,2026-09-09T18:07:30.882873+00:00,unverified,unverified,尚未核实正文取得及再利用范围；不能以登记网址视为正文已完成。,此前网络读取失败，尚未判明入口是否长期不可用。,先核对所列候选入口，再完成可恢复分页、中文样文和同生产环境验证。,,,非站点根路径_需确认栏目适用性,unverified/unverified/unverified
target_5216cc223d6c59529143519218cd5345cd79c8e24372b0f153332bbe6ee1a8b3,target_5216cc223d6c5952,S11-R012,obs_62782533613969c4a07ee969aa,CN,CN,中国,甘肃省,甘肃省,甘肃省,甘肃省应急管理厅,中国省区政府部门,安全与应急,B2_政府配套政策,https://yjgl.gansu.gov.cn/,https://yjgl.gansu.gov.cn/,https://yjgl.gansu.gov.cn/,unconfigured,,,unresolved,retry,source_temporarily_unavailable,,,runtime_unverified,,0,2026-09-09T18:07:30.882873+00:00,unverified,unverified,尚未核实正文取得及再利用范围；不能以登记网址视为正文已完成。,此前来源临时不可用，需重新核实当前响应。,先核对所列候选入口，再完成可恢复分页、中文样文和同生产环境验证。,,,,unverified/unverified/unverified
target_d8e4a150774865060bf40b43ef228ce25ef1120300afa355377a987c94f94a02,target_d8e4a15077486506,S10-R012,obs_de533cd06e4876a420eaef844e,CN,CN,中国,贵州省,贵州省,贵州省,贵州省应急管理厅,中国省区政府部门,安全与应急,B2_政府配套政策,https://yjgl.guizhou.gov.cn/index.html,https://yjgl.guizhou.gov.cn/index.html,https://yjgl.guizhou.gov.cn/index.html,unconfigured,,,unresolved,retry,source_adapter_required,https://yjgl.guizhou.gov.cn/xw_5888722/;https://yjgl.guizhou.gov.cn/gk/;https://yjgl.guizhou.gov.cn/xw_5888722/tzgg_5888725/202607/t20260713_90611335.html;https://yjgl.guizhou.gov.cn/gk/zfxxgk/fdzdgk/jgjj_5888748/zzjg_5888750/;https://yjgl.guizhou.gov.cn/hd_5888774/zwwx_5888786/,html;html;html;html;html,runtime_unverified,,0,2026-09-09T18:07:30.882873+00:00,unverified,unverified,尚未核实正文取得及再利用范围；不能以登记网址视为正文已完成。,入口能识别部分内容，但仍需适配文章身份、日期、正文或分页。,先核对所列候选入口，再完成可恢复分页、中文样文和同生产环境验证。,,,,unverified/unverified/unverified
target_65c1d786adb5e3ae0b85c5241bdfdf290e31f69e21dbaa0052e594d3c08c3380,target_65c1d786adb5e3ae,S13-R012,obs_a4cae594945973d1b03382371b,CN,CN,中国,新疆,新疆,新疆,新疆应急管理厅,中国省区政府部门,安全与应急,B2_政府配套政策,https://yjgl.xinjiang.gov.cn/xjyjgl/,https://yjgl.xinjiang.gov.cn/xjyjgl/,https://yjgl.xinjiang.gov.cn/xjyjgl/,unconfigured,,,unresolved,retry,source_adapter_required,https://yjgl.xinjiang.gov.cn/xjyjgl/c112882/ywdt.shtml;https://yjgl.xinjiang.gov.cn/xjyjgl/c112895/zfxxgk_xxgkzn.shtml;https://yjgl.xinjiang.gov.cn/xjyjgl/c112896/zfxxgk_list.shtml;https://yjgl.xinjiang.gov.cn/xjyjgl/c112897/zfxxgk_list.shtml;https://yjgl.xinjiang.gov.cn/xjyjgl/c112900/zfxxgk_ldxx.shtml,html;html;html;html;html,runtime_unverified,,0,2026-09-09T18:07:30.882873+00:00,unverified,unverified,尚未核实正文取得及再利用范围；不能以登记网址视为正文已完成。,入口能识别部分内容，但仍需适配文章身份、日期、正文或分页。,先核对所列候选入口，再完成可恢复分页、中文样文和同生产环境验证。,,,非站点根路径_需确认栏目适用性,unverified/unverified/unverified
target_5635057129b7501375278724cf1b81900099668f7c87cd78a5bb0dadc6d0ff23,target_5635057129b75013,S06-R012,obs_c128f26f0a9dfbd148298fbca6,CN,CN,中国,河南省,河南省,河南省,河南省应急管理厅,中国省区政府部门,安全与应急,B2_政府配套政策,https://yjglt.henan.gov.cn/,https://yjglt.henan.gov.cn/,https://yjglt.henan.gov.cn/,unconfigured,,,unresolved,retry,source_adapter_required,https://yjglt.henan.gov.cn/zwgk/xxgkzn/;https://yjglt.henan.gov.cn/xwbd/gzdt/;https://yjglt.henan.gov.cn/zwgk/xxgkml/gwgg/;https://yjglt.henan.gov.cn/zwgk/xxgkml/zcfg/;https://yjglt.henan.gov.cn/zwgk/xxgkml/zcjd/,html;html;html;html;html,runtime_unverified,,0,2026-09-09T18:07:30.882873+00:00,unverified,unverified,尚未核实正文取得及再利用范围；不能以登记网址视为正文已完成。,入口能识别部分内容，但仍需适配文章身份、日期、正文或分页。,先核对所列候选入口，再完成可恢复分页、中文样文和同生产环境验证。,,,,unverified/unverified/unverified
target_cb3c1b286f6baf190e31970e619254746f5e0277e82bef6a838632cea1a21f61,target_cb3c1b286f6baf19,S04-R012,obs_6dc45310ba35481e8de229e40c,CN,CN,中国,内蒙古,内蒙古,内蒙古,内蒙古应急管理厅,中国省区政府部门,安全与应急,B2_政府配套政策,https://yjglt.nmg.gov.cn/,https://yjglt.nmg.gov.cn/,https://yjglt.nmg.gov.cn/,unconfigured,,,unresolved,retry,source_robots_unavailable,,,runtime_unverified,,0,2026-09-09T18:07:30.882873+00:00,unverified,unverified,尚未核实正文取得及再利用范围；不能以登记网址视为正文已完成。,此前未能完成robots检查，需要恢复检查后再安排采集。,先核对所列候选入口，再完成可恢复分页、中文样文和同生产环境验证。,,,,unverified/unverified/unverified
target_4381d58361ed6dee00e552bdba42b13d32fa3aa131682dd998adacee60661722,target_4381d58361ed6dee,S15-R012,obs_06c12f2ee417ae87450271d2c6,CN,CN,中国,云南省,云南省,云南省,云南省应急管理厅,中国省区政府部门,安全与应急,B2_政府配套政策,https://yjglt.yn.gov.cn/,https://yjglt.yn.gov.cn/,https://yjglt.yn.gov.cn/,unconfigured,,,unresolved,retry,source_adapter_required,https://yjglt.yn.gov.cn/html/2022/zhengwugongkai/zwxxgkzn/;https://yjglt.yn.gov.cn/html/2022/zhengwugongkai/zfxxgkzd/;https://yjglt.yn.gov.cn/html/2022/zhengwugongkai/zcwj/;https://yjglt.yn.gov.cn/html/2022/zhengwugongkai/fdzdgknr/jigouzz/;https://yjglt.yn.gov.cn/html/2025/gknb_0126/4029871.html,html;html;html;html;html,runtime_unverified,,0,2026-09-09T18:07:30.882873+00:00,unverified,unverified,尚未核实正文取得及再利用范围；不能以登记网址视为正文已完成。,入口能识别部分内容，但仍需适配文章身份、日期、正文或分页。,先核对所列候选入口，再完成可恢复分页、中文样文和同生产环境验证。,,,,unverified/unverified/unverified
target_3401b30e2bad170ee7d0a2d7e85bd15726f6f270e7c23cf9bde9e74c51e88d80,target_3401b30e2bad170e,S07-R012,obs_bd23cc5b769b5efd0eb580fab6,CN,CN,中国,安徽省,安徽省,安徽省,安徽省应急管理厅,中国省区政府部门,安全与应急,B2_政府配套政策,https://yjt.ah.gov.cn/,https://yjt.ah.gov.cn/,https://yjt.ah.gov.cn/,unconfigured,,,unresolved,retry,source_adapter_required,https://yjt.ah.gov.cn/xwdt/index.html;https://yjt.ah.gov.cn/public/column/9377745?type=2;https://yjt.ah.gov.cn/public/column/9377745?type=4&catId=49947601&action=list;https://yjt.ah.gov.cn/xwdt/gzdt/index.html;https://yjt.ah.gov.cn/cdpa/mtjj/150670371.html,html;html;html;html;html,runtime_unverified,,0,2026-09-09T18:07:30.882873+00:00,unverified,unverified,尚未核实正文取得及再利用范围；不能以登记网址视为正文已完成。,入口能识别部分内容，但仍需适配文章身份、日期、正文或分页。,先核对所列候选入口，再完成可恢复分页、中文样文和同生产环境验证。,,,,unverified/unverified/unverified
target_647ed272852f0ed38428863caeb95cb99d2f2363e3ac7ea69f669062f8e5e31e,target_647ed272852f0ed3,S08-R012,obs_19051310b148e6d5cd985ef72e,CN,CN,中国,福建省,福建省,福建省,福建省应急管理厅,中国省区政府部门,安全与应急,B2_政府配套政策,https://yjt.fujian.gov.cn/,https://yjt.fujian.gov.cn/,https://yjt.fujian.gov.cn/,unconfigured,,,unresolved,retry,source_adapter_required,https://yjt.fujian.gov.cn/zwgk/;https://yjt.fujian.gov.cn/zwgk/zfxxgk/;https://yjt.fujian.gov.cn/zwgk/zcfg/;https://yjt.fujian.gov.cn/zwgk/tzgg/;https://yjt.fujian.gov.cn/jdhy/zcjd/,html;html;html;html;html,runtime_unverified,,0,2026-09-09T18:07:30.882873+00:00,unverified,unverified,尚未核实正文取得及再利用范围；不能以登记网址视为正文已完成。,入口能识别部分内容，但仍需适配文章身份、日期、正文或分页。,先核对所列候选入口，再完成可恢复分页、中文样文和同生产环境验证。,,,,unverified/unverified/unverified
target_770f9e0feea67ce2e1ffbbd20b37dedf1b37367be1db04af6e4168763574f7d3,target_770f9e0feea67ce2,S09-R012,obs_46dce017b0f63c6e773f94cf79,CN,CN,中国,湖南省,湖南省,湖南省,湖南省应急管理厅,中国省区政府部门,安全与应急,B2_政府配套政策,https://yjt.hunan.gov.cn/yjt/index.html,https://yjt.hunan.gov.cn/yjt/index.html,https://yjt.hunan.gov.cn/yjt/index.html,unconfigured,,,unresolved,retry,source_network_failure,,,runtime_unverified,,0,2026-09-09T18:07:30.882873+00:00,unverified,unverified,尚未核实正文取得及再利用范围；不能以登记网址视为正文已完成。,此前网络读取失败，尚未判明入口是否长期不可用。,先核对所列候选入口，再完成可恢复分页、中文样文和同生产环境验证。,,,非站点根路径_需确认栏目适用性,unverified/unverified/unverified
target_afee07b9e6fb2dd79b259fd0fa85c2612fe4cf8e8c954378bc8fd1f2a38e2903,target_afee07b9e6fb2dd7,S05-R012,obs_549680bbfc8bd086084796f338,CN,CN,中国,山西省,山西省,山西省,山西省应急管理厅,中国省区政府部门,安全与应急,B2_政府配套政策,https://yjt.shanxi.gov.cn/,https://yjt.shanxi.gov.cn/,https://yjt.shanxi.gov.cn/,unconfigured,,,unresolved,retry,source_adapter_required,https://yjt.shanxi.gov.cn/zwgk_0/;https://yjt.shanxi.gov.cn/zwfw_0/;https://yjt.shanxi.gov.cn/ywdt/yjyw/;https://yjt.shanxi.gov.cn/sylb/202501/t20250107_9744934.shtml;https://yjt.shanxi.gov.cn/ywdt/gzdt_78321/,html;html;html;html;html,runtime_unverified,,0,2026-09-09T18:07:30.882873+00:00,unverified,unverified,尚未核实正文取得及再利用范围；不能以登记网址视为正文已完成。,入口能识别部分内容，但仍需适配文章身份、日期、正文或分页。,先核对所列候选入口，再完成可恢复分页、中文样文和同生产环境验证。,,,,unverified/unverified/unverified
target_a831962024a968e5888c204f13ccf05d705b4f5c2dbbda33bddf4ed3e53bd540,target_a831962024a968e5,S10-R006,obs_66951b5de2830fd4b9e33a6730,CN,CN,中国,贵州省,贵州省,贵州省,贵州省住房和城乡建设厅,中国省区政府部门,基础设施与产业,B2_政府配套政策,https://zfcxjst.guizhou.gov.cn/,https://zfcxjst.guizhou.gov.cn/,https://zfcxjst.guizhou.gov.cn/,unconfigured,,,unresolved,retry,source_adapter_required,https://zfcxjst.guizhou.gov.cn/xwzx/;https://zfcxjst.guizhou.gov.cn/zwgk/;https://zfcxjst.guizhou.gov.cn/xwzx/hydt/;https://zfcxjst.guizhou.gov.cn/xwzx/gggs/;https://zfcxjst.guizhou.gov.cn/xwzx/gggs/zyzc/202609/t20260908_90845435.html,html;html;html;html;html,runtime_unverified,,0,2026-09-09T18:07:30.882873+00:00,unverified,unverified,尚未核实正文取得及再利用范围；不能以登记网址视为正文已完成。,入口能识别部分内容，但仍需适配文章身份、日期、正文或分页。,先核对所列候选入口，再完成可恢复分页、中文样文和同生产环境验证。,,,,unverified/unverified/unverified
target_1526486ecc4495db96a202d28b78d37e464cb1c8690db5ac37886b1e14ae9de4,target_1526486ecc4495db,S02-R006,obs_c54f1e461f5faafed03dca29b9,CN,CN,中国,黑龙江省,黑龙江省,黑龙江省,黑龙江省住房和城乡建设厅,中国省区政府部门,基础设施与产业,B2_政府配套政策,https://zfcxjst.hlj.gov.cn/,https://zfcxjst.hlj.gov.cn/,https://zfcxjst.hlj.gov.cn/,unconfigured,,,unresolved,retry,source_adapter_required,https://zfcxjst.hlj.gov.cn/zfcxjst/c114757/wzdt.shtml;https://zfcxjst.hlj.gov.cn/zfcxjst/zwgk/zwgk.shtml;https://zfcxjst.hlj.gov.cn/zfcxjst/c114836/public_olists.shtml;https://zfcxjst.hlj.gov.cn/zfcxjst/c114764/public_list.shtml;https://zfcxjst.hlj.gov.cn/zfcxjst/c114765/public_list.shtml,html;html;html;html;html,runtime_unverified,,0,2026-09-09T18:07:30.882873+00:00,unverified,unverified,尚未核实正文取得及再利用范围；不能以登记网址视为正文已完成。,入口能识别部分内容，但仍需适配文章身份、日期、正文或分页。,先核对所列候选入口，再完成可恢复分页、中文样文和同生产环境验证。,,,,unverified/unverified/unverified
target_9dd8fbe091d693609d585738b99a009f5f6bc2728047b5b1c8a93f0466dd22f0,target_9dd8fbe091d69360,S15-R006,obs_2ffefabdcf32fb0d135bd9f521,CN,CN,中国,云南省,云南省,云南省,云南省住房和城乡建设厅,中国省区政府部门,基础设施与产业,B2_政府配套政策,https://zfcxjst.yn.gov.cn/,https://zfcxjst.yn.gov.cn/,https://zfcxjst.yn.gov.cn/,unconfigured,,,unresolved,retry,source_adapter_required,https://zfcxjst.yn.gov.cn/ywdt/;https://zfcxjst.yn.gov.cn/zfxxgk/;https://zfcxjst.yn.gov.cn/ywdt/gsgg/;https://zfcxjst.yn.gov.cn/zfxxgk/zcwj/;https://zfcxjst.yn.gov.cn/zfxxgk/fdzdgknr/zcjd/,html;html;html;html;html,runtime_unverified,,0,2026-09-09T18:07:30.882873+00:00,unverified,unverified,尚未核实正文取得及再利用范围；不能以登记网址视为正文已完成。,入口能识别部分内容，但仍需适配文章身份、日期、正文或分页。,先核对所列候选入口，再完成可恢复分页、中文样文和同生产环境验证。,,,,unverified/unverified/unverified
target_e24459e2f75123a742ae83f0d46ded54f456f7d5c47d3b88d491e1665f6ea70a,target_e24459e2f75123a7,S08-R006,obs_39f2772eb7f24661e6ea0239d9,CN,CN,中国,福建省,福建省,福建省,福建省住房和城乡建设厅,中国省区政府部门,基础设施与产业,B2_政府配套政策,https://zjt.fujian.gov.cn/,https://zjt.fujian.gov.cn/,https://zjt.fujian.gov.cn/,configured,src_c9a7ddc4169f463f29c58c40,https://zjt.fujian.gov.cn/xxgk/zfxxgkzl/xxgkml/,html,discovered,source_identity_review_required,https://zjt.fujian.gov.cn/xxgk/gzdt/;https://zjt.fujian.gov.cn/xxgk/zfxxgkzl/xxgkml/dfxfgzfgzhgfxwj/jskj_3794/202609/t20260904_7209280.htm;https://zjt.fujian.gov.cn/xxgk/zfxxgkzl/xxgkml/dfxfgzfgzhgfxwj/jskj_3794/202608/t20260828_7206194.htm;https://zjt.fujian.gov.cn/xxgk/zfxxgkzl/xxgkml/dfxfgzfgzhgfxwj/jzsc/202608/t20260819_7201293.htm;https://zjt.fujian.gov.cn/xxgk/zfxxgkzl/xxgkml/dfxfgzfgzhgfxwj/jzsc/202608/t20260813_7199312.htm,html;html;html;html;html,runtime_unverified,active,0,2026-09-13T14:42:09.294620Z,unverified,unverified,仅逐文核实的本机关正式行政文件网页内文；除已有独立署名路径，允许标题明确等11部门、实际11个已核实机关联署及日期一致的联合意见。依著作权法第五条处理并保留全部机关名；不通配其他作者/机构，不含原创新闻、图片或未读取附件。,持续供稿、全部库存中文阅读和可提供全文的正文完成仍需验证。,验证真实新稿与历史库存的自动中文处理和公开，补齐允许范围内的正文。,,,,unverified/unverified/unverified
target_a1e1fb7104153b3e499c5cd2d8ca97f70e7dda994f9dbfe9603d9ebe547e710f,target_a1e1fb7104153b3e,S11-R006,obs_10f3e9322e018cb170a0dfc097,CN,CN,中国,甘肃省,甘肃省,甘肃省,甘肃省住房和城乡建设厅,中国省区政府部门,基础设施与产业,B2_政府配套政策,https://zjt.gansu.gov.cn/,https://zjt.gansu.gov.cn/,https://zjt.gansu.gov.cn/,unconfigured,,,unresolved,retry,source_temporarily_unavailable,,,runtime_unverified,,0,2026-09-09T18:07:30.882873+00:00,unverified,unverified,尚未核实正文取得及再利用范围；不能以登记网址视为正文已完成。,此前来源临时不可用，需重新核实当前响应。,先核对所列候选入口，再完成可恢复分页、中文样文和同生产环境验证。,,,,unverified/unverified/unverified
target_077c3bd08f92c3c4f7ac4401651aa1a22f4f34dc49ca46a1a0dbd7798840fec6,target_077c3bd08f92c3c4,S09-R006,obs_43caf4b05fe1a419af50943740,CN,CN,中国,湖南省,湖南省,湖南省,湖南省住房和城乡建设厅,中国省区政府部门,基础设施与产业,B2_政府配套政策,https://zjt.hunan.gov.cn/,https://zjt.hunan.gov.cn/,https://zjt.hunan.gov.cn/,unconfigured,,,unresolved,retry,source_network_failure,,,runtime_unverified,,0,2026-09-09T18:07:30.882873+00:00,unverified,unverified,尚未核实正文取得及再利用范围；不能以登记网址视为正文已完成。,此前网络读取失败，尚未判明入口是否长期不可用。,先核对所列候选入口，再完成可恢复分页、中文样文和同生产环境验证。,,,,unverified/unverified/unverified
target_637de1356c1887c7b2646e486fae74f123ddd06b94420ac271aa4f9087947b63,target_637de1356c1887c7,S04-R006,obs_33093869c59feebf84ba9b90c8,CN,CN,中国,内蒙古,内蒙古,内蒙古,内蒙古住房和城乡建设厅,中国省区政府部门,基础设施与产业,B2_政府配套政策,https://zjt.nmg.gov.cn/,https://zjt.nmg.gov.cn/,https://zjt.nmg.gov.cn/,unconfigured,,,unresolved,retry,source_robots_unavailable,,,runtime_unverified,,0,2026-09-09T18:07:30.882873+00:00,unverified,unverified,尚未核实正文取得及再利用范围；不能以登记网址视为正文已完成。,此前未能完成robots检查，需要恢复检查后再安排采集。,先核对所列候选入口，再完成可恢复分页、中文样文和同生产环境验证。,,,,unverified/unverified/unverified
target_89d6e1c0a0554fd815ef23fc0a4e993cea878247986fd4365a665705d58a4ec7,target_89d6e1c0a0554fd8,S05-R006,obs_5249afaee4589259382eec3d57,CN,CN,中国,山西省,山西省,山西省,山西省住房和城乡建设厅,中国省区政府部门,基础设施与产业,B2_政府配套政策,https://zjt.shanxi.gov.cn/,https://zjt.shanxi.gov.cn/,https://zjt.shanxi.gov.cn/,unconfigured,,,unresolved,retry,source_adapter_required,https://zjt.shanxi.gov.cn/zwgk/;https://zjt.shanxi.gov.cn/wsbsdt/zxsb/index.shtml;https://zjt.shanxi.gov.cn/jsdt/202609/t20260909_10216959.shtml;https://zjt.shanxi.gov.cn/tpxw/202512/t20251202_10005804.shtml;https://zjt.shanxi.gov.cn/szyw/202608/t20260828_10209388.shtml,html;html;html;html;html,runtime_unverified,,0,2026-09-09T18:07:30.882873+00:00,unverified,unverified,尚未核实正文取得及再利用范围；不能以登记网址视为正文已完成。,入口能识别部分内容，但仍需适配文章身份、日期、正文或分页。,先核对所列候选入口，再完成可恢复分页、中文样文和同生产环境验证。,,,,unverified/unverified/unverified
target_915ca17859eb03100a7098f6b9466a6263dc052500d793520bfa07151e647f90,target_915ca17859eb0310,S13-R006,obs_c15154a9a5ad17180f3f719e5f,CN,CN,中国,新疆,新疆,新疆,新疆住房和城乡建设厅,中国省区政府部门,基础设施与产业,B2_政府配套政策,https://zjt.xinjiang.gov.cn/,https://zjt.xinjiang.gov.cn/,https://zjt.xinjiang.gov.cn/,unconfigured,,,unresolved,retry,source_adapter_required,https://zjt.xinjiang.gov.cn/xjzjt/c113128/zwdt.shtml;https://zjt.xinjiang.gov.cn/xjzjt/c113129/zwgk.shtml;https://zjt.xinjiang.gov.cn/xjzjt/c113382/zwgk_list.shtml;https://zjt.xinjiang.gov.cn/xjzjt/c113238/list.shtml;https://zjt.xinjiang.gov.cn/xjzjt/c113239/list.shtml,html;html;html;html;html,runtime_unverified,,0,2026-09-09T18:07:30.882873+00:00,unverified,unverified,尚未核实正文取得及再利用范围；不能以登记网址视为正文已完成。,入口能识别部分内容，但仍需适配文章身份、日期、正文或分页。,先核对所列候选入口，再完成可恢复分页、中文样文和同生产环境验证。,,,,unverified/unverified/unverified
target_ea2d9266570d90df49cc05e784ed98d93775f8d8300e2d998e212737335ce5db,target_ea2d9266570d90df,S11-R002,obs_a333772f7d3682b7398ecc0e07,CN,CN,中国,甘肃省,甘肃省,甘肃省,甘肃省自然资源厅,中国省区政府部门,矿业与资源,B1_矿业能源法律核心,https://zrzy.gansu.gov.cn/,https://zrzy.gansu.gov.cn/,https://zrzy.gansu.gov.cn/,unconfigured,,https://zrzy.gansu.gov.cn/zrzy/c107676/common_list.shtml,unresolved,retry,source_precondition_failed,https://zrzy.gansu.gov.cn/zrzy/c107676/common_list.shtml,html,runtime_unverified,,0,2026-09-13T05:19:28.664872+00:00,unverified,unverified,尚未核实正文取得及再利用范围；不能以登记网址视为正文已完成。,严格客户端读取主页及由已索引同厅官方文件路径推导的候选栏目URL均为412；robots明确404。没有取得可验证的栏目页面，不绕过访问条件。,继续核实原机构可公开访问的现行官方入口或等待服务恢复；保持原行与未配置状态，不计接通。,,,,unverified/unverified/unverified
target_83968c7c7647b4bfb1988c006fa4327c5a860895227a836547e139c7a9450f84,target_83968c7c7647b4bf,S10-R002,obs_be423d1b81df7794ef16ad4c87,CN,CN,中国,贵州省,贵州省,贵州省,贵州省自然资源厅,中国省区政府部门,矿业与资源,B1_矿业能源法律核心,https://zrzy.guizhou.gov.cn/,https://zrzy.guizhou.gov.cn/,https://zrzy.guizhou.gov.cn/,configured,src_2a2aa0414d0a9494a67dffa1,https://zrzy.guizhou.gov.cn/wzgb/xwzx/tzgg/,html,scope_review_required,,,,enabled,active,0,2026-09-13T14:42:09.294620Z,unverified,unverified,仅经标题/来源/网页身份/署名日期交叉核实的本机关矿业许可证遗失补办行政公告网页正文依著作权法第五条处理，注明来源和原文；其余文类保留既有事实元数据，不含采购技术材料、图片、申请人PDF或其他附件。,持续供稿、全部库存中文阅读和可提供全文的正文完成仍需验证。,验证真实新稿与历史库存的自动中文处理和公开，补齐允许范围内的正文。,,,,unverified/unverified/unverified
target_1de599f8299fb06adaacfc695e90aa3f791f9f1069cb8f2cbf47ce6cd7e5851b,target_1de599f8299fb06a,S04-R002,obs_228f092dfeb738100c9667269c,CN,CN,中国,内蒙古,内蒙古,内蒙古,内蒙古自然资源厅,中国省区政府部门,矿业与资源,B1_矿业能源法律核心,https://zrzy.nmg.gov.cn/hdpt/,https://zrzy.nmg.gov.cn/hdpt/,https://zrzy.nmg.gov.cn/hdpt/,configured,src_371db349e991c465c5f37714,https://zrzy.nmg.gov.cn/zwgk/gsgg/,html,native_adapter_verified_private,,,,runtime_unverified,none,0,2026-09-13T05:19:28.664872+00:00,sample_native_chinese_verified_not_full_backlog,unverified,逐稿限本厅正式行政文书；另限地质调查研究院署名、并明确依据本厅2025年第27号和30号公告的矿产勘查/开采方案评审结果公示。网站声明不是全站授权。依据著作权法第五条，仅清洗实际公开的行政文书网页内文；保留来源和文号。图片、第三方方案及链接附件不抓取不转载；原文标明删减的只保留其公开版，不能宣称取得未公开部分。,私有候选已通过真实行政正文与第2页读取；尚未生产预览、启用和连续公开，30天全部栏目回填未完成。,独立审查候选；与其他来源增量合并后完成同生产环境预览/启用及新旧正文回读。,,,非站点根路径_需确认栏目适用性,unverified/unverified/unverified
target_1dde6585e322ef05bd19a6393f280b9eac26373384d95ac335228d214ecb8cf8,target_1dde6585e322ef05,S07-R002,obs_0fbeafb81b2d0dc6e27ecf87a5,CN,CN,中国,安徽省,安徽省,安徽省,安徽省自然资源厅,中国省区政府部门,矿业与资源,B1_矿业能源法律核心,https://zrzyt.ah.gov.cn/index.html,https://zrzyt.ah.gov.cn/index.html,https://zrzyt.ah.gov.cn/index.html,configured,src_95944552b9085e626e2b41fb,https://zrzyt.ah.gov.cn/xwdt/tzgg/index.html,html,native_adapter_verified_private,,https://zrzyt.ah.gov.cn/xwdt/index.html;https://zrzyt.ah.gov.cn/public/column/7021?type=2;https://zrzyt.ah.gov.cn/zwfw/index.html;https://zrzyt.ah.gov.cn/zwxmt/index.html;https://zrzyt.ah.gov.cn/xwdt/zyzz/index.html,html;html;html;html;html,runtime_unverified,none,0,2026-09-13T05:19:28.664872+00:00,sample_native_chinese_verified_not_full_backlog,unverified,逐稿限本厅发布的正式行政公告、通知、公示；核实本厅完整标题、来源署名、皖自然资公告/矿权文号及落款日期。依据著作权法第五条，仅清洗实际公开的行政文书网页内文；保留来源和文号。图片、第三方方案及链接附件不抓取不转载；原文标明删减的只保留其公开版，不能宣称取得未公开部分。,私有候选已通过真实行政正文与第2页读取；尚未生产预览、启用和连续公开，30天全部栏目回填未完成。,独立审查候选；与其他来源增量合并后完成同生产环境预览/启用及新旧正文回读。,,,,unverified/unverified/unverified
target_efe8b3f9fb764149a590568a84857d62af3c57734fed6b84980b3669cc7d35cf,target_efe8b3f9fb764149,S08-R002,obs_136cc0d6ca9839486b7c1683d0,CN,CN,中国,福建省,福建省,福建省,福建省自然资源厅,中国省区政府部门,矿业与资源,B1_矿业能源法律核心,https://zrzyt.fujian.gov.cn/jggk/,https://zrzyt.fujian.gov.cn/jggk/,https://zrzyt.fujian.gov.cn/jggk/,configured,src_7acfaf51345808d03b74a32a,https://zrzyt.fujian.gov.cn/zwgk/gsgg/,html,retry,source_adapter_required,https://zrzyt.fujian.gov.cn/zwgk/;https://zrzyt.fujian.gov.cn/zwgk/zfxxgkzl/;https://zrzyt.fujian.gov.cn/zwgk/xwdt/;https://zrzyt.fujian.gov.cn/zwgk/zcfg/;https://zrzyt.fujian.gov.cn/zwgk/zcjd/,html;html;html;html;html,runtime_unverified,active,0,2026-09-13T14:42:09.294620Z,unverified,unverified,逐文核实本机关正式行政公告、决定、通知或公示的完整网页内文及独立署名/落款，依著作权法第五条处理。其他材料保留原题、日期和原文入口；图片、附件及第三方作品不在正文范围。,持续供稿、全部库存中文阅读和可提供全文的正文完成仍需验证。,验证真实新稿与历史库存的自动中文处理和公开，补齐允许范围内的正文。,,,非站点根路径_需确认栏目适用性,unverified/unverified/unverified
target_05d904439a6b0fc46ea7a4388704221c837cee50aa1d2b18c73d3176e644df91,target_05d904439a6b0fc4,S02-R002,obs_f052d3c6ab9fb4f4d3325e5522,CN,CN,中国,黑龙江省,黑龙江省,黑龙江省, 黑龙江省自然资源厅,中国省区政府部门,矿业与资源,B1_矿业能源法律核心,https://zrzyt.hlj.gov.cn/,https://zrzyt.hlj.gov.cn/,https://zrzyt.hlj.gov.cn/,configured,src_7c2f31dca8142df9ff5a7e22,https://zrzyt.hlj.gov.cn/zrzyt/c112211/common_list.shtml,html,retry,source_adapter_required,https://zrzyt.hlj.gov.cn/zrzyt/c112203/xwdt.shtml;https://zrzyt.hlj.gov.cn/zrzyt/zwgk/zwgk.shtml;https://zrzyt.hlj.gov.cn/zrzyt/c112206/common_list.shtml;https://zrzyt.hlj.gov.cn/zrzyt/c112206/202608/c00_31968789.shtml;https://zrzyt.hlj.gov.cn/zrzyt/c112211/common_list.shtml,html;html;html;html;html,runtime_unverified,active,0,2026-09-13T14:42:09.294620Z,unverified,unverified,逐文核实本机关正式行政文书的网页内文及机关署名/落款；另限矿业权管理处发布、页面身份与六列表头和逐行结构核实的到期矿权事实登记表，依著作权法第五条处理。仅保留该内嵌事实表，不扩大到未署名原创报道、图片、附件或第三方作品。,持续供稿、全部库存中文阅读和可提供全文的正文完成仍需验证。,验证真实新稿与历史库存的自动中文处理和公开，补齐允许范围内的正文。,,,,unverified/unverified/unverified
target_051706c0326152e9c171507d8b88d53c368c4ea1cd6f632088d5ae8e166d05ae,target_051706c0326152e9,S09-R002,obs_d22b6d35e922ebbd7031f43d54,CN,CN,中国,湖南省,湖南省,湖南省,湖南省自然资源厅,中国省区政府部门,矿业与资源,B1_矿业能源法律核心,https://zrzyt.hunan.gov.cn/,https://zrzyt.hunan.gov.cn/,https://zrzyt.hunan.gov.cn/,configured,src_828c97787400712e3d20db2b,https://zrzyt.hunan.gov.cn/zrzyt/xxgk/tzgg/,html,access_failed,,,,runtime_unverified,draft,0,2026-09-13T14:42:09.294620Z,unverified,unverified,仅公开标题、发布日期、原始署名及发布方短meta信息中的事实导读，注明来源和原文链接；不含原创正文、图片或附件的再利用许可,真实来源解析预览尚未通过；需要排查实际获取或适配原因。,修复实际访问或解析问题，重做同版本来源预览与公开回读。,,,,unverified/unverified/unverified
target_9764ac21f5730e9c47e656daefb4b8ad252331c5ca2c41760b3d3140c53d5129,target_9764ac21f5730e9c,S12-R002,obs_097f3c59cb7e98d905b9f9c927,CN,CN,中国,青海省,青海省,青海省,青海省自然资源厅,中国省区政府部门,矿业与资源,B1_矿业能源法律核心,https://zrzyt.qinghai.gov.cn/dt,https://zrzyt.qinghai.gov.cn/dt,https://zrzyt.qinghai.gov.cn/dt,unconfigured,,https://zrzyt.qinghai.gov.cn/gk/gsgg,unresolved,retry,network_failure,https://zrzyt.qinghai.gov.cn/gk/gsgg,html,runtime_unverified,,0,2026-09-13T05:19:28.664872+00:00,unverified,unverified,尚未核实正文取得及再利用范围；不能以登记网址视为正文已完成。,严格客户端读取robots、原入口与同机构公示栏均network_failure；未区分证书链、网络或服务端断开。官方链接仍指向该域；未建立替代接入。,继续核实原机构可公开访问的现行官方入口或等待服务恢复；保持原行与未配置状态，不计接通。,,,非站点根路径_需确认栏目适用性,unverified/unverified/unverified
target_dba1b08fe64c0be7dd252abc82e64f81d64cac8caa92e5c99debaf15b98ea3b9,target_dba1b08fe64c0be7,S05-R002,obs_b01dc541182b8f17a626331941,CN,CN,中国,山西省,山西省,山西省,山西省自然资源厅,中国省区政府部门,矿业与资源,B1_矿业能源法律核心,https://zrzyt.shanxi.gov.cn/,https://zrzyt.shanxi.gov.cn/,https://zrzyt.shanxi.gov.cn/,configured,src_1a8fe861b420c0a408485b05,https://zrzyt.shanxi.gov.cn/zwgk/tzgg/,html,adapter_required,,,,enabled,active,36,2026-09-13T14:42:09.294620Z,unverified,unverified,本机关正式行政公告网页内文依著作权法第五条处理，须标题、规范公告号、机关署名和独立落款日期共同核实。其他条目仅真实标题、日期和明确来源事实；不含图片、PDF/XLS附件、第三方报道或全站转载授权。,持续供稿、全部库存中文阅读和可提供全文的正文完成仍需验证。,验证真实新稿与历史库存的自动中文处理和公开，补齐允许范围内的正文。,,,,unverified/unverified/unverified
target_4330cbcd186c7757164125fc7d3667239897733541f6f9e2980e70e51b5d7762,target_4330cbcd186c7757,S13-R002,obs_c9521d8d79d834ee5a5a9aaa90,CN,CN,中国,新疆,新疆,新疆,新疆自然资源厅,中国省区政府部门,矿业与资源,B1_矿业能源法律核心,https://zrzyt.xinjiang.gov.cn/,https://zrzyt.xinjiang.gov.cn/,https://zrzyt.xinjiang.gov.cn/,configured,src_b9740c3a49a4eccc7c08e782,https://zrzyt.xinjiang.gov.cn/xjgtzy/tzgg/common_list.shtml,html,retry,source_adapter_required,https://zrzyt.xinjiang.gov.cn/xjgtzy/ywdt/ywdt.shtml;https://zrzyt.xinjiang.gov.cn/xjgtzy/ttxw/common_list.shtml;https://zrzyt.xinjiang.gov.cn/xjgtzy/tpxw/common_list.shtml;https://zrzyt.xinjiang.gov.cn/xjgtzy/gzdt/common_list.shtml;https://zrzyt.xinjiang.gov.cn/xjgtzy/dzdt/common_list.shtml,html;html;html;html;html,runtime_unverified,draft,0,2026-09-13T14:42:09.294620Z,unverified,unverified,仅公开标题、发布日期、原始署名及发布方短meta信息中的事实导读，注明来源和原文链接；不含原创正文、图片或附件的再利用许可,真实来源解析预览尚未通过；需要排查实际获取或适配原因。,修复实际访问或解析问题，重做同版本来源预览与公开回读。,,,,unverified/unverified/unverified
