record_id,sheet_code,workbook_sheet,original_row,original_serial,original_url_cell,category_inherited_from_cell,original_category,country,country_name,subnational,institution_original,institution_display,source_type,topic,suggested_batch,batch_reason,original_url,hyperlink_target_original,normalized_url,normalization_notes,review_reasons,invalid_or_review_flags,url_duplicate_of,same_publisher_group,publisher_group_basis,observation_id,target_id,reviewed_runtime_source_ids
S01-R002,S01,部委,2,1,C2,,部委,CN,中国,,自然资源部,自然资源部,中国中央政府部门,矿业与资源,B1_矿业能源法律核心,优先矿业政策与法律事件_按国家并行,https://www.mnr.gov.cn/,https://www.mnr.gov.cn/,https://www.mnr.gov.cn/,,,,,CN::自然资源部,原表机构名称_独立性未核实,obs_706c9eb780b04d42ae607adf67,target_2c4cdc3d7f2546a110d515b404393d99f018dfc0e2e3f99168da6f00a1d3b03b,src_d82d04c690211f356903a0e817
S01-R003,S01,部委,3,2,C3,,部委,CN,中国,,财政部,财政部,中国中央政府部门,财税与经济,B2_政府配套政策,财政环境劳动土地基建及综合政策全部保留,https://www.mof.gov.cn/index.htm,https://www.mof.gov.cn/index.htm,https://www.mof.gov.cn/index.htm,,,,,CN::财政部,原表机构名称_独立性未核实,obs_4f88479dd55d966809f5d21d3b,target_a0bc8fd10052fbab27495b936cdc95bc2dda7fea0a5901162ecbfbcb53f48e0c,
S01-R004,S01,部委,4,3,C4,,部委,CN,中国,,生态环境部,生态环境部,中国中央政府部门,环境,B2_政府配套政策,财政环境劳动土地基建及综合政策全部保留,https://www.mee.gov.cn/,https://www.mee.gov.cn/,https://www.mee.gov.cn/,,,,,CN::生态环境部,原表机构名称_独立性未核实,obs_8913053bf031589a6877b21539,target_e6fdd37acb5ef3d9904e57307875f14f788c8a7fbcd4067482012f5072142fc5,
S01-R005,S01,部委,5,4,C5,,部委,CN,中国,,人力资源和社会保障部,人力资源和社会保障部,中国中央政府部门,劳动与社会保障,B2_政府配套政策,财政环境劳动土地基建及综合政策全部保留,https://www.mohrss.gov.cn/index.html,https://www.mohrss.gov.cn/index.html,https://www.mohrss.gov.cn/index.html,,,,,CN::人力资源和社会保障部,原表机构名称_独立性未核实,obs_3c0246fc4afd0630687e83c852,target_9077fbcdcdb05a86b5e7181e4b16c0b2afe9fe4e55a501714d77ad5f8fbc4d49,
S01-R006,S01,部委,6,5,C6,,部委,CN,中国,,住房和城乡建设部,住房和城乡建设部,中国中央政府部门,基础设施与产业,B2_政府配套政策,财政环境劳动土地基建及综合政策全部保留,https://www.mohurd.gov.cn/?medium=01,https://www.mohurd.gov.cn/?medium=01,https://www.mohurd.gov.cn/?medium=01,,,,,CN::住房和城乡建设部,原表机构名称_独立性未核实,obs_9f1371593d0e1b2e8f3104bfc7,target_370609fef4f7f4256772068827256ad1e76ebb39e908711356a4016828cb5133,
S01-R007,S01,部委,7,6,C7,,部委,CN,中国,,交通运输部,交通运输部,中国中央政府部门,基础设施与产业,B2_政府配套政策,财政环境劳动土地基建及综合政策全部保留,https://www.mot.gov.cn/,https://www.mot.gov.cn/,https://www.mot.gov.cn/,,,,,CN::交通运输部,原表机构名称_独立性未核实,obs_1f2905b987c14c41b7fa6088a9,target_b96bc6afe29eed879e687c15082519b40af662c516e4a013383810c72ba93333,
S01-R008,S01,部委,8,7,C8,,部委,CN,中国,,水利部,水利部,中国中央政府部门,水资源,B2_政府配套政策,财政环境劳动土地基建及综合政策全部保留,http://www.mwr.gov.cn/,http://www.mwr.gov.cn/,http://www.mwr.gov.cn/,,,,,CN::水利部,原表机构名称_独立性未核实,obs_d58bd94545395886602340ccc6,target_da483329ba2667ebd7b8b1a26712a907286c84088ed7de71677d92f09ed9200e,
S01-R009,S01,部委,9,8,C9,,部委,CN,中国,,农业农村部,农业农村部,中国中央政府部门,土地与生态利用,B2_政府配套政策,财政环境劳动土地基建及综合政策全部保留,https://www.moa.gov.cn/,https://www.moa.gov.cn/,https://www.moa.gov.cn/,,,,,CN::农业农村部,原表机构名称_独立性未核实,obs_fc59ccaac6cea1c165554a6ad7,target_f4fbd2ed0ef62e36b3e04b694d411da222a8a6f62fe61a38affc927a72e12bfb,
S01-R010,S01,部委,10,9,C10,,部委,CN,中国,,商务部,商务部,中国中央政府部门,财税与经济,B2_政府配套政策,财政环境劳动土地基建及综合政策全部保留,https://www.mofcom.gov.cn/index.html,https://www.mofcom.gov.cn/index.html,https://www.mofcom.gov.cn/index.html,,,,,CN::商务部,原表机构名称_独立性未核实,obs_32ad9f735c3e1b9ad56b541455,target_47153a324bfd0a555a4f3870afffd37a0862a6b41c9dbc014629d888a5610eb3,
S01-R011,S01,部委,11,10,C11,,部委,CN,中国,,国家卫生健康委员会,国家卫生健康委员会,中国中央政府部门,综合或未明确,B2_政府配套政策,财政环境劳动土地基建及综合政策全部保留,https://www.nhc.gov.cn/,https://www.nhc.gov.cn/,https://www.nhc.gov.cn/,,,,,CN::国家卫生健康委员会,原表机构名称_独立性未核实,obs_0a8e8eb07ffe37aea3c63df182,target_1523430dc2abb000b7cb71bc6ec8033b090d83d3e233e54b772d5e8348327082,
S01-R012,S01,部委,12,11,C12,,部委,CN,中国,,应急管理部,应急管理部,中国中央政府部门,安全与应急,B2_政府配套政策,财政环境劳动土地基建及综合政策全部保留,https://www.mem.gov.cn/index.shtml,https://www.mem.gov.cn/index.shtml,https://www.mem.gov.cn/index.shtml,,,,,CN::应急管理部,原表机构名称_独立性未核实,obs_282688f85e260aec836123c492,target_4d3487a3394428c384772487b515cafcde8338c405c164d1312efe687687147b,
S01-R013,S01,部委,13,12,C13,,部委,CN,中国,,国务院国有资产监督管理委员会,国务院国有资产监督管理委员会,中国中央政府部门,综合或未明确,B2_政府配套政策,财政环境劳动土地基建及综合政策全部保留,http://www.sasac.gov.cn/,http://www.sasac.gov.cn/,http://www.sasac.gov.cn/,,,,,CN::国务院国有资产监督管理委员会,原表机构名称_独立性未核实,obs_42e052733710d781477fe77551,target_aa5a7c2607ee2078556baaf0c1d03576d73483e4351117871d33e5e951456d7f,
S01-R014,S01,部委,14,13,C14,,部委,CN,中国,,国家市场监督管理总局,国家市场监督管理总局,中国中央政府部门,综合或未明确,B2_政府配套政策,财政环境劳动土地基建及综合政策全部保留,https://www.samr.gov.cn/,https://www.samr.gov.cn/,https://www.samr.gov.cn/,,,,,CN::国家市场监督管理总局,原表机构名称_独立性未核实,obs_8ba81dd151080a3b7ca28dae88,target_6f78978deaf563cdf103b0c2a0cd3dfeedff1b2ac2113dcc0558c3cc1402fbf9,
S01-R015,S01,部委,15,14,C15,,部委,CN,中国,,国家金融监督管理总局,国家金融监督管理总局,中国中央政府部门,综合或未明确,B2_政府配套政策,财政环境劳动土地基建及综合政策全部保留,https://www.nfra.gov.cn/cn/view/pages/index/index.html,https://www.nfra.gov.cn/cn/view/pages/index/index.html,https://www.nfra.gov.cn/cn/view/pages/index/index.html,,非站点根路径_需确认栏目适用性,非站点根路径_需确认栏目适用性,,CN::国家金融监督管理总局,原表机构名称_独立性未核实,obs_001013ab20856288753833d9cf,target_d5d2ccbc0ef57617ea6810aae6019b0701cd3d1111125de03bfb911fc2a91c65,
S01-R016,S01,部委,16,15,C16,,部委,CN,中国,,中国证券监督管理委员会,中国证券监督管理委员会,中国中央政府部门,综合或未明确,B2_政府配套政策,财政环境劳动土地基建及综合政策全部保留,http://www.csrc.gov.cn/csrc/index.shtml,http://www.csrc.gov.cn/csrc/index.shtml,http://www.csrc.gov.cn/csrc/index.shtml,,非站点根路径_需确认栏目适用性,非站点根路径_需确认栏目适用性,,CN::中国证券监督管理委员会,原表机构名称_独立性未核实,obs_c75752a7a3f34e3595c64effe9,target_a542bef349189a5a7687c44fa386791db0d71ea1e1adcb6425c51155e0ef911c,
S01-R017,S01,部委,17,16,C17,,部委,CN,中国,,国家林业和草原局,国家林业和草原局,中国中央政府部门,土地与生态利用,B2_政府配套政策,财政环境劳动土地基建及综合政策全部保留,https://www.forestry.gov.cn/,https://www.forestry.gov.cn/,https://www.forestry.gov.cn/,,,,,CN::国家林业和草原局,原表机构名称_独立性未核实,obs_0874ec297b71e06fa7bc9d6645,target_8d3cf6e6aa49fe857ada5f0a54d374938a564196c7ce9cb9667ca8de61581834,
S01-R018,S01,部委,18,17,C18,,部委,CN,中国,,国家矿山安全监察局,国家矿山安全监察局,中国中央政府部门,矿业与资源；安全与应急,B1_矿业能源法律核心,优先矿业政策与法律事件_按国家并行,https://www.chinamine-safety.gov.cn/,https://www.chinamine-safety.gov.cn/,https://www.chinamine-safety.gov.cn/,,,,,CN::国家矿山安全监察局,原表机构名称_独立性未核实,obs_358b7c82bf72507337f455674a,target_15a38b0e03f51d052ad3f98d46eb67bd604ab2fb111a4582bc3300858694759c,src_f1c1bea14c45f8f76fe50d09ff
S02-R002,S02,黑龙江省,2,1,C2,,黑龙江省,CN,中国,黑龙江省, 黑龙江省自然资源厅,黑龙江省自然资源厅,中国省区政府部门,矿业与资源,B1_矿业能源法律核心,优先矿业政策与法律事件_按国家并行,https://zrzyt.hlj.gov.cn/,https://zrzyt.hlj.gov.cn/,https://zrzyt.hlj.gov.cn/,,,,,CN::黑龙江省自然资源厅,原表机构名称_独立性未核实,obs_f052d3c6ab9fb4f4d3325e5522,target_05d904439a6b0fc46ea7a4388704221c837cee50aa1d2b18c73d3176e644df91,
S02-R003,S02,黑龙江省,3,2,C3,,黑龙江省,CN,中国,黑龙江省,黑龙江省财政厅,黑龙江省财政厅,中国省区政府部门,财税与经济,B2_政府配套政策,财政环境劳动土地基建及综合政策全部保留,https://czt.hlj.gov.cn/,https://czt.hlj.gov.cn/,https://czt.hlj.gov.cn/,,,,,CN::黑龙江省财政厅,原表机构名称_独立性未核实,obs_71dcb224378d7850f0ffa3efa7,target_9948798df4ba35d18b9a21f0cce4f85f1798683354f46ddc7f27fc6ba97c3146,
S02-R004,S02,黑龙江省,4,3,C4,,黑龙江省,CN,中国,黑龙江省,黑龙江省生态环境厅,黑龙江省生态环境厅,中国省区政府部门,环境,B2_政府配套政策,财政环境劳动土地基建及综合政策全部保留,http://sthj.hlj.gov.cn/,http://sthj.hlj.gov.cn/,http://sthj.hlj.gov.cn/,,,,,CN::黑龙江省生态环境厅,原表机构名称_独立性未核实,obs_77d556747dda22291276356dcc,target_3e1bb6177a4393192e38f379e14ca00dcf4007283b93017a02d4b7e1869cf904,
S02-R005,S02,黑龙江省,5,4,C5,,黑龙江省,CN,中国,黑龙江省,黑龙江省人力资源和社会保障厅,黑龙江省人力资源和社会保障厅,中国省区政府部门,劳动与社会保障,B2_政府配套政策,财政环境劳动土地基建及综合政策全部保留,https://hrss.hlj.gov.cn/,https://hrss.hlj.gov.cn/,https://hrss.hlj.gov.cn/,,,,,CN::黑龙江省人力资源和社会保障厅,原表机构名称_独立性未核实,obs_4a0951704977b3bcfc8c84a138,target_3edfc435e7f889209efaa02695d7c30d2d392cf848982d4d60af838b1af8b489,
S02-R006,S02,黑龙江省,6,5,C6,,黑龙江省,CN,中国,黑龙江省,黑龙江省住房和城乡建设厅,黑龙江省住房和城乡建设厅,中国省区政府部门,基础设施与产业,B2_政府配套政策,财政环境劳动土地基建及综合政策全部保留,https://zfcxjst.hlj.gov.cn/,https://zfcxjst.hlj.gov.cn/,https://zfcxjst.hlj.gov.cn/,,,,,CN::黑龙江省住房和城乡建设厅,原表机构名称_独立性未核实,obs_c54f1e461f5faafed03dca29b9,target_1526486ecc4495db96a202d28b78d37e464cb1c8690db5ac37886b1e14ae9de4,
S02-R007,S02,黑龙江省,7,6,C7,,黑龙江省,CN,中国,黑龙江省,黑龙江省交通运输厅,黑龙江省交通运输厅,中国省区政府部门,基础设施与产业,B2_政府配套政策,财政环境劳动土地基建及综合政策全部保留,https://jt.hlj.gov.cn/,https://jt.hlj.gov.cn/,https://jt.hlj.gov.cn/,,,,,CN::黑龙江省交通运输厅,原表机构名称_独立性未核实,obs_ce5f88b6c2b7caba9dbd2b468f,target_722c21185eb1e8798a2e8b0233026598096ff953d99273242b6b96dac1c0cc0e,
S02-R008,S02,黑龙江省,8,7,C8,,黑龙江省,CN,中国,黑龙江省,黑龙江省水利厅,黑龙江省水利厅,中国省区政府部门,水资源,B2_政府配套政策,财政环境劳动土地基建及综合政策全部保留,http://slt.hlj.gov.cn/slt/index.shtml,http://slt.hlj.gov.cn/slt/index.shtml,http://slt.hlj.gov.cn/slt/index.shtml,,非站点根路径_需确认栏目适用性,非站点根路径_需确认栏目适用性,,CN::黑龙江省水利厅,原表机构名称_独立性未核实,obs_096e5ead11bc81355c9bf89b67,target_6bf669417558b2c768122a81b3799e6cab5dc06dec1cde92f06cb10d74d66a98,
S02-R009,S02,黑龙江省,9,8,C9,,黑龙江省,CN,中国,黑龙江省,黑龙江省农业农村厅,黑龙江省农业农村厅,中国省区政府部门,土地与生态利用,B2_政府配套政策,财政环境劳动土地基建及综合政策全部保留,https://nynct.hlj.gov.cn/,https://nynct.hlj.gov.cn/,https://nynct.hlj.gov.cn/,,,,,CN::黑龙江省农业农村厅,原表机构名称_独立性未核实,obs_74c4af4ff990491048c6069dea,target_3a07338f7dbd624e46d24ca4ac36e4da71149935973ae1eeb3c8be55de3544b7,
S02-R010,S02,黑龙江省,10,9,C10,,黑龙江省,CN,中国,黑龙江省,黑龙江省商务厅,黑龙江省商务厅,中国省区政府部门,财税与经济,B2_政府配套政策,财政环境劳动土地基建及综合政策全部保留,https://sswt.hlj.gov.cn/,https://sswt.hlj.gov.cn/,https://sswt.hlj.gov.cn/,,,,,CN::黑龙江省商务厅,原表机构名称_独立性未核实,obs_59e8be343eae81ada912afaf3d,target_3fce9462ad5e5961d6ca04ee09609f6762fcc84a1c0fb8cfb429896b4059436b,
S02-R011,S02,黑龙江省,11,10,C11,,黑龙江省,CN,中国,黑龙江省,黑龙江省卫生健康委员会,黑龙江省卫生健康委员会,中国省区政府部门,综合或未明确,B2_政府配套政策,财政环境劳动土地基建及综合政策全部保留,http://wsjkw.hlj.gov.cn/,http://wsjkw.hlj.gov.cn/,http://wsjkw.hlj.gov.cn/,,,,,CN::黑龙江省卫生健康委员会,原表机构名称_独立性未核实,obs_45d0d43df31afa36c5a2e75b7b,target_123a650032715aaa6961af5a8a196db96935f7e36b8d0e7a611cb9215b68dcb1,
S02-R012,S02,黑龙江省,12,11,C12,,黑龙江省,CN,中国,黑龙江省,黑龙江省应急管理厅,黑龙江省应急管理厅,中国省区政府部门,安全与应急,B2_政府配套政策,财政环境劳动土地基建及综合政策全部保留,http://yjgl.hlj.gov.cn/yjgl/index.shtml,http://yjgl.hlj.gov.cn/yjgl/index.shtml,http://yjgl.hlj.gov.cn/yjgl/index.shtml,,非站点根路径_需确认栏目适用性,非站点根路径_需确认栏目适用性,,CN::黑龙江省应急管理厅,原表机构名称_独立性未核实,obs_da6a35e67f496f557c91a5da79,target_10953ed186d4d364a5ffeb02cc334ae05a3fd2cec242add1fdee799bab702b8b,
S02-R013,S02,黑龙江省,13,12,C13,,黑龙江省,CN,中国,黑龙江省,黑龙江省国有资产监督管理委员会,黑龙江省国有资产监督管理委员会,中国省区政府部门,综合或未明确,B2_政府配套政策,财政环境劳动土地基建及综合政策全部保留,https://gzw.hlj.gov.cn/,https://gzw.hlj.gov.cn/,https://gzw.hlj.gov.cn/,,,,,CN::黑龙江省国有资产监督管理委员会,原表机构名称_独立性未核实,obs_4e06bc1bc25f3fe6191cfe5396,target_d9a7379ed9f8fae0b1d438fc178e4229b381274cef578ff9e76f57e724c38043,
S02-R014,S02,黑龙江省,14,13,C14,,黑龙江省,CN,中国,黑龙江省,黑龙江省市场监督管理局,黑龙江省市场监督管理局,中国省区政府部门,综合或未明确,B2_政府配套政策,财政环境劳动土地基建及综合政策全部保留,http://amr.hlj.gov.cn/,http://amr.hlj.gov.cn/,http://amr.hlj.gov.cn/,,,,,CN::黑龙江省市场监督管理局,原表机构名称_独立性未核实,obs_78074503a6c9e8cde492e038db,target_4e3e1f8693d04a8bb5235bb251ba82a1298a97b9dda034c0e9640256e30d93ab,
S02-R015,S02,黑龙江省,15,14,C15,,黑龙江省,CN,中国,黑龙江省,国家金融监督管理总局--黑龙江监管局,国家金融监督管理总局--黑龙江监管局,中国中央机构省区分支,综合或未明确,B2_政府配套政策,财政环境劳动土地基建及综合政策全部保留,https://www.nfra.gov.cn/branch/heilongjiang/view/pages/index/index.html,https://www.nfra.gov.cn/branch/heilongjiang/view/pages/index/index.html,https://www.nfra.gov.cn/branch/heilongjiang/view/pages/index/index.html,,非站点根路径_需确认栏目适用性,非站点根路径_需确认栏目适用性,,CN::国家金融监督管理总局--黑龙江监管局,各省区发文机关分别保留_同母机构不足以确认同一发布实体,obs_711c35baacb422db4dca1ac817,target_6a58622dac9eb515264d4e7b6dae6b468b2ba88a1e8e9c65d9d4a5a48a813c99,
S02-R016,S02,黑龙江省,16,15,C16,,黑龙江省,CN,中国,黑龙江省,中国证券监督管理委员会--黑龙江监管局,中国证券监督管理委员会--黑龙江监管局,中国中央机构省区分支,综合或未明确,B2_政府配套政策,财政环境劳动土地基建及综合政策全部保留,http://www.csrc.gov.cn/heilongjiang/index.shtml,http://www.csrc.gov.cn/heilongjiang/index.shtml,http://www.csrc.gov.cn/heilongjiang/index.shtml,,非站点根路径_需确认栏目适用性,非站点根路径_需确认栏目适用性,,CN::中国证券监督管理委员会--黑龙江监管局,各省区发文机关分别保留_同母机构不足以确认同一发布实体,obs_540e991584c9b7db484fbdca83,target_700041378dac67e81e494878261cfb756d16eceb86560802e7e4c91698fef1b2,
S02-R017,S02,黑龙江省,17,16,C17,,黑龙江省,CN,中国,黑龙江省,黑龙江林业和草原局,黑龙江林业和草原局,中国省区政府部门,土地与生态利用,B2_政府配套政策,财政环境劳动土地基建及综合政策全部保留,http://lyhcyj.hlj.gov.cn/lyhcyj/index.shtml,http://lyhcyj.hlj.gov.cn/lyhcyj/index.shtml,http://lyhcyj.hlj.gov.cn/lyhcyj/index.shtml,,非站点根路径_需确认栏目适用性,非站点根路径_需确认栏目适用性,,CN::黑龙江林业和草原局,原表机构名称_独立性未核实,obs_577af3f12cd761495dc4e4034d,target_849d0b02a14de067d8bc079d11c9d2b767b868a3051e97982b189265e6b1fe6f,
S02-R018,S02,黑龙江省,18,17,C18,,黑龙江省,CN,中国,黑龙江省,国家矿山安全监察局--黑龙江局,国家矿山安全监察局--黑龙江局,中国中央机构省区分支,矿业与资源；安全与应急,B1_矿业能源法律核心,优先矿业政策与法律事件_按国家并行,https://hlj.chinamine-safety.gov.cn/web/webIndex.shtml?channelid=homepa,https://hlj.chinamine-safety.gov.cn/web/webIndex.shtml?channelid=homepa,https://hlj.chinamine-safety.gov.cn/web/webIndex.shtml?channelid=homepa,,非站点根路径_需确认栏目适用性,非站点根路径_需确认栏目适用性,,CN::国家矿山安全监察局--黑龙江局,各省区发文机关分别保留_同母机构不足以确认同一发布实体,obs_75fb2c515d5fbf7a211e0f132a,target_48898b83a9d5511f94ddfea058061a898211e2726aa2ff948088870bd982d32a,
S03-R002,S03,吉林省,2,1,C2,,吉林省,CN,中国,吉林省,吉林省自然资源厅,吉林省自然资源厅,中国省区政府部门,矿业与资源,B1_矿业能源法律核心,优先矿业政策与法律事件_按国家并行,http://zrzy.jl.gov.cn/,http://zrzy.jl.gov.cn/,http://zrzy.jl.gov.cn/,,,,,CN::吉林省自然资源厅,原表机构名称_独立性未核实,obs_28c8c3bef669eaa87d18965f0c,target_44cbdabf6cb70801f67677c07082cab2c93d4d493531a704eb84a38de55fe82b,
S03-R003,S03,吉林省,3,2,C3,,吉林省,CN,中国,吉林省,吉林省财政厅,吉林省财政厅,中国省区政府部门,财税与经济,B2_政府配套政策,财政环境劳动土地基建及综合政策全部保留,http://czt.jl.gov.cn/,http://czt.jl.gov.cn/,http://czt.jl.gov.cn/,,,,,CN::吉林省财政厅,原表机构名称_独立性未核实,obs_5f7542aac04eea044628482631,target_d914c799c2770ae4907e6bc55c63ce2d07bc3b1318f6ec7e6325cb9671d7bbb7,
S03-R004,S03,吉林省,4,3,C4,,吉林省,CN,中国,吉林省,吉林省生态环境厅,吉林省生态环境厅,中国省区政府部门,环境,B2_政府配套政策,财政环境劳动土地基建及综合政策全部保留,https://sthjt.jl.gov.cn/,https://sthjt.jl.gov.cn/,https://sthjt.jl.gov.cn/,,,,,CN::吉林省生态环境厅,原表机构名称_独立性未核实,obs_ffe195495e605c05a92679f0ab,target_dd94bc9c95a9e538b779f4e08c1e34924be8ada59d1d59be265f293f5dcb0476,
S03-R005,S03,吉林省,5,4,C5,,吉林省,CN,中国,吉林省,吉林省人力资源和社会保障厅,吉林省人力资源和社会保障厅,中国省区政府部门,劳动与社会保障,B2_政府配套政策,财政环境劳动土地基建及综合政策全部保留,http://hrss.jl.gov.cn/index.html,http://hrss.jl.gov.cn/index.html,http://hrss.jl.gov.cn/index.html,,,,,CN::吉林省人力资源和社会保障厅,原表机构名称_独立性未核实,obs_745108915ac36175936c44cda0,target_b41d84dc0d08053e2b28442921d20d8276ea723e13ef38289b9639655f92cd35,
S03-R006,S03,吉林省,6,5,C6,,吉林省,CN,中国,吉林省,吉林省住房和城乡建设厅,吉林省住房和城乡建设厅,中国省区政府部门,基础设施与产业,B2_政府配套政策,财政环境劳动土地基建及综合政策全部保留,http://jst.jl.gov.cn/,http://jst.jl.gov.cn/,http://jst.jl.gov.cn/,,,,,CN::吉林省住房和城乡建设厅,原表机构名称_独立性未核实,obs_1bf3cbb7f851e330ca173befab,target_90bd3ec6b24b4690ed0750bc8f780485f36b88c3d26490c2bc782c9a52261031,
S03-R007,S03,吉林省,7,6,C7,,吉林省,CN,中国,吉林省,吉林省交通运输厅,吉林省交通运输厅,中国省区政府部门,基础设施与产业,B2_政府配套政策,财政环境劳动土地基建及综合政策全部保留,http://jtyst.jl.gov.cn/,http://jtyst.jl.gov.cn/,http://jtyst.jl.gov.cn/,,,,,CN::吉林省交通运输厅,原表机构名称_独立性未核实,obs_751721841253f9f29882ac0b08,target_706657739217edcc3e6342370a2f417360c8dd56361fb13625ddd56a186d120b,
S03-R008,S03,吉林省,8,7,C8,,吉林省,CN,中国,吉林省,吉林省水利厅,吉林省水利厅,中国省区政府部门,水资源,B2_政府配套政策,财政环境劳动土地基建及综合政策全部保留,http://slt.jl.gov.cn/,http://slt.jl.gov.cn/,http://slt.jl.gov.cn/,,,,,CN::吉林省水利厅,原表机构名称_独立性未核实,obs_d6c1049a23e925789355f98b98,target_f4efcf569404827e001592e1475c93b69c96ca62f7b0ee5b88d501b0502ef6c0,
S03-R009,S03,吉林省,9,8,C9,,吉林省,CN,中国,吉林省,吉林省农业农村厅,吉林省农业农村厅,中国省区政府部门,土地与生态利用,B2_政府配套政策,财政环境劳动土地基建及综合政策全部保留,http://agri.jl.gov.cn/wap.html,http://agri.jl.gov.cn/wap.html,http://agri.jl.gov.cn/wap.html,,非站点根路径_需确认栏目适用性,非站点根路径_需确认栏目适用性,,CN::吉林省农业农村厅,原表机构名称_独立性未核实,obs_a7ea17cdb832305a10c5d75a11,target_0026f915f9590626ec12c5cb2c8d15dad02507bd165df8f456ef33e9c9f66f5b,
S03-R010,S03,吉林省,10,9,C10,,吉林省,CN,中国,吉林省,吉林省商务厅,吉林省商务厅,中国省区政府部门,财税与经济,B2_政府配套政策,财政环境劳动土地基建及综合政策全部保留,http://swt.jl.gov.cn/,http://swt.jl.gov.cn/,http://swt.jl.gov.cn/,,,,,CN::吉林省商务厅,原表机构名称_独立性未核实,obs_822c404dac34f99ac8a647875a,target_898372d798467e2deb354330a58931a4060abc3446da5414b4aa0bb000809e12,
S03-R011,S03,吉林省,11,10,C11,,吉林省,CN,中国,吉林省,吉林省卫生健康委员会,吉林省卫生健康委员会,中国省区政府部门,综合或未明确,B2_政府配套政策,财政环境劳动土地基建及综合政策全部保留,http://wsjkw.jl.gov.cn/,http://wsjkw.jl.gov.cn/,http://wsjkw.jl.gov.cn/,,,,,CN::吉林省卫生健康委员会,原表机构名称_独立性未核实,obs_c4ef44191926dfbabbcd54c00a,target_51a2e4e5589a46275f84f5468bbaac10169081a9a3f07e6295968efc02a332ff,
S03-R012,S03,吉林省,12,11,C12,,吉林省,CN,中国,吉林省,吉林省应急管理厅,吉林省应急管理厅,中国省区政府部门,安全与应急,B2_政府配套政策,财政环境劳动土地基建及综合政策全部保留,http://yjt.jl.gov.cn/,http://yjt.jl.gov.cn/,http://yjt.jl.gov.cn/,,,,,CN::吉林省应急管理厅,原表机构名称_独立性未核实,obs_7ca8f2d075b75f2047b189a01e,target_c5089b52d8cc9e0e7e9bb817bf27221dfdf53c29fae5fcc47dc330853dd374a0,
S03-R013,S03,吉林省,13,12,C13,,吉林省,CN,中国,吉林省,吉林省国有资产监督管理委员会,吉林省国有资产监督管理委员会,中国省区政府部门,综合或未明确,B2_政府配套政策,财政环境劳动土地基建及综合政策全部保留,http://gzw.jl.gov.cn/gqdt/ydhz/202505/t20250529_3460149.html,http://gzw.jl.gov.cn/gqdt/ydhz/202505/t20250529_3460149.html,http://gzw.jl.gov.cn/gqdt/ydhz/202505/t20250529_3460149.html,,非站点根路径_需确认栏目适用性,非站点根路径_需确认栏目适用性,,CN::吉林省国有资产监督管理委员会,原表机构名称_独立性未核实,obs_684409858b8569e2444e0a2dc3,target_7b9cc8da7b7de65bf12497fcbb2df46256202e777f18c7a3b352b7afcfe7ce61,
S03-R014,S03,吉林省,14,13,C14,,吉林省,CN,中国,吉林省,吉林省市场监督管理厅,吉林省市场监督管理厅,中国省区政府部门,综合或未明确,B2_政府配套政策,财政环境劳动土地基建及综合政策全部保留,http://scjg.jl.gov.cn/,http://scjg.jl.gov.cn/,http://scjg.jl.gov.cn/,,,,,CN::吉林省市场监督管理厅,原表机构名称_独立性未核实,obs_6d03ae8bb55aa58b0e338b0d97,target_1774d8ffaa5c47d20abc36e462b5faee32d48de3b1c9b84a8dccf2baafaec414,
S03-R015,S03,吉林省,15,14,C15,,吉林省,CN,中国,吉林省,国家金融监督管理总局--吉林监管局,国家金融监督管理总局--吉林监管局,中国中央机构省区分支,综合或未明确,B2_政府配套政策,财政环境劳动土地基建及综合政策全部保留,https://www.nfra.gov.cn/branch/jilin/view/pages/index/index.html,https://www.nfra.gov.cn/branch/jilin/view/pages/index/index.html,https://www.nfra.gov.cn/branch/jilin/view/pages/index/index.html,,非站点根路径_需确认栏目适用性,非站点根路径_需确认栏目适用性,,CN::国家金融监督管理总局--吉林监管局,各省区发文机关分别保留_同母机构不足以确认同一发布实体,obs_5ec948e424801cf165b37c46bf,target_c6ec368b56de5fd3e91154887a137d4f12d49ca73c3f4bd8c7df27233228488e,
S03-R016,S03,吉林省,16,15,C16,,吉林省,CN,中国,吉林省,中国证券监督管理委员会--吉林监管局,中国证券监督管理委员会--吉林监管局,中国中央机构省区分支,综合或未明确,B2_政府配套政策,财政环境劳动土地基建及综合政策全部保留,http://www.csrc.gov.cn/jilin/,http://www.csrc.gov.cn/jilin/,http://www.csrc.gov.cn/jilin/,,非站点根路径_需确认栏目适用性,非站点根路径_需确认栏目适用性,,CN::中国证券监督管理委员会--吉林监管局,各省区发文机关分别保留_同母机构不足以确认同一发布实体,obs_762b338ed2462ad35c2cc18b51,target_35cc6ba1bb9548c2314158672042fcdccb12035aff53689efa1395bc37f54b00,
S03-R017,S03,吉林省,17,16,C17,,吉林省,CN,中国,吉林省,吉林林业和草原局,吉林林业和草原局,中国省区政府部门,土地与生态利用,B2_政府配套政策,财政环境劳动土地基建及综合政策全部保留,https://jllc.jl.gov.cn/wap.html,https://jllc.jl.gov.cn/wap.html,https://jllc.jl.gov.cn/wap.html,,非站点根路径_需确认栏目适用性,非站点根路径_需确认栏目适用性,,CN::吉林林业和草原局,原表机构名称_独立性未核实,obs_1ac5b8e558542c9aec66feab08,target_9952475ffab0e42366b1ea3a3c2510c7c00d6f7f57aa89603cf5969970de8e63,
S03-R018,S03,吉林省,18,17,C18,,吉林省,CN,中国,吉林省,国家矿山安全监察局--吉林局,国家矿山安全监察局--吉林局,中国中央机构省区分支,矿业与资源；安全与应急,B1_矿业能源法律核心,优先矿业政策与法律事件_按国家并行,https://jl.chinamine-safety.gov.cn/web/webIndex.shtml?channelid=homepa,https://jl.chinamine-safety.gov.cn/web/webIndex.shtml?channelid=homepa,https://jl.chinamine-safety.gov.cn/web/webIndex.shtml?channelid=homepa,,非站点根路径_需确认栏目适用性,非站点根路径_需确认栏目适用性,,CN::国家矿山安全监察局--吉林局,各省区发文机关分别保留_同母机构不足以确认同一发布实体,obs_2e7072701b2df52ce46b4784ae,target_691a64cc1afb21c8e2cd0f86d717faa17bfcf032905b1b97be77e605dddd166a,
S04-R002,S04,内蒙古,2,1,C2,,内蒙古,CN,中国,内蒙古,内蒙古自然资源厅,内蒙古自然资源厅,中国省区政府部门,矿业与资源,B1_矿业能源法律核心,优先矿业政策与法律事件_按国家并行,https://zrzy.nmg.gov.cn/hdpt/,https://zrzy.nmg.gov.cn/hdpt/,https://zrzy.nmg.gov.cn/hdpt/,,非站点根路径_需确认栏目适用性,非站点根路径_需确认栏目适用性,,CN::内蒙古自然资源厅,原表机构名称_独立性未核实,obs_228f092dfeb738100c9667269c,target_1de599f8299fb06adaacfc695e90aa3f791f9f1069cb8f2cbf47ce6cd7e5851b,
S04-R003,S04,内蒙古,3,2,C3,,内蒙古,CN,中国,内蒙古,内蒙古财政厅,内蒙古财政厅,中国省区政府部门,财税与经济,B2_政府配套政策,财政环境劳动土地基建及综合政策全部保留,https://czt.nmg.gov.cn/,https://czt.nmg.gov.cn/,https://czt.nmg.gov.cn/,,,,,CN::内蒙古财政厅,原表机构名称_独立性未核实,obs_344168658500249d9c578fbd21,target_b0d2dd63ebabee872e40aafd15d6bb1ed6c6eac730a5613a948164b234c03408,
S04-R004,S04,内蒙古,4,3,C4,,内蒙古,CN,中国,内蒙古,内蒙古生态环境厅,内蒙古生态环境厅,中国省区政府部门,环境,B2_政府配套政策,财政环境劳动土地基建及综合政策全部保留,https://sthjt.nmg.gov.cn/,https://sthjt.nmg.gov.cn/,https://sthjt.nmg.gov.cn/,,,,,CN::内蒙古生态环境厅,原表机构名称_独立性未核实,obs_facfd2f7c26635f5b417e968b9,target_45b4c68380bd43b2ece9c602fa42d5089272d726b206fd0d5d003610c6abbfa1,
S04-R005,S04,内蒙古,5,4,C5,,内蒙古,CN,中国,内蒙古,内蒙古人力资源和社会保障厅,内蒙古人力资源和社会保障厅,中国省区政府部门,劳动与社会保障,B2_政府配套政策,财政环境劳动土地基建及综合政策全部保留,https://rst.nmg.gov.cn/hdjl/xzzx/,https://rst.nmg.gov.cn/hdjl/xzzx/,https://rst.nmg.gov.cn/hdjl/xzzx/,,非站点根路径_需确认栏目适用性,非站点根路径_需确认栏目适用性,,CN::内蒙古人力资源和社会保障厅,原表机构名称_独立性未核实,obs_84b734effef94c1b20480a86fd,target_2514a14978b9e277fc742243888dd3847d3a3d0a8cf3fb05f02873830b3fc2e5,
S04-R006,S04,内蒙古,6,5,C6,,内蒙古,CN,中国,内蒙古,内蒙古住房和城乡建设厅,内蒙古住房和城乡建设厅,中国省区政府部门,基础设施与产业,B2_政府配套政策,财政环境劳动土地基建及综合政策全部保留,https://zjt.nmg.gov.cn/,https://zjt.nmg.gov.cn/,https://zjt.nmg.gov.cn/,,,,,CN::内蒙古住房和城乡建设厅,原表机构名称_独立性未核实,obs_33093869c59feebf84ba9b90c8,target_637de1356c1887c7b2646e486fae74f123ddd06b94420ac271aa4f9087947b63,
S04-R007,S04,内蒙古,7,6,C7,,内蒙古,CN,中国,内蒙古,内蒙古交通运输厅,内蒙古交通运输厅,中国省区政府部门,基础设施与产业,B2_政府配套政策,财政环境劳动土地基建及综合政策全部保留,https://jtyst.nmg.gov.cn/hdjl/tzxx/,https://jtyst.nmg.gov.cn/hdjl/tzxx/,https://jtyst.nmg.gov.cn/hdjl/tzxx/,,非站点根路径_需确认栏目适用性,非站点根路径_需确认栏目适用性,,CN::内蒙古交通运输厅,原表机构名称_独立性未核实,obs_8c8ab6cd6cf5e6471901d72dbc,target_b6b85036cb4c25fbb7f892f575d7bdeddb744475a423db51b3e37c7ce8cd8f68,
S04-R008,S04,内蒙古,8,7,C8,,内蒙古,CN,中国,内蒙古,内蒙古水利厅,内蒙古水利厅,中国省区政府部门,水资源,B2_政府配套政策,财政环境劳动土地基建及综合政策全部保留,https://slt.nmg.gov.cn/,https://slt.nmg.gov.cn/,https://slt.nmg.gov.cn/,,,,,CN::内蒙古水利厅,原表机构名称_独立性未核实,obs_973d89573246724b2a0bed1027,target_1f01495df98e2c3b9a5d8687d2da284791b9544ec32f46b60837d610808dcfa3,
S04-R009,S04,内蒙古,9,8,C9,,内蒙古,CN,中国,内蒙古,内蒙古农牧厅,内蒙古农牧厅,中国省区政府部门,综合或未明确,B2_政府配套政策,财政环境劳动土地基建及综合政策全部保留,https://nmt.nmg.gov.cn/,https://nmt.nmg.gov.cn/,https://nmt.nmg.gov.cn/,,,,,CN::内蒙古农牧厅,原表机构名称_独立性未核实,obs_668a4622a35ae8c294dfacba7b,target_81e5f5d8cd1feeac127eaf34d8a0f4b49ba0c3018515f41b2c6879a0d1f7033a,
S04-R010,S04,内蒙古,10,9,C10,,内蒙古,CN,中国,内蒙古,内蒙古商务厅,内蒙古商务厅,中国省区政府部门,财税与经济,B2_政府配套政策,财政环境劳动土地基建及综合政策全部保留,https://swt.nmg.gov.cn/,https://swt.nmg.gov.cn/,https://swt.nmg.gov.cn/,,,,,CN::内蒙古商务厅,原表机构名称_独立性未核实,obs_29d8fbe58b8b5793050fe9ac69,target_cd63bb4af3f26216600b1d5e95669d92b6c455f7a72f2e51cfe5a87a3330e28a,
S04-R011,S04,内蒙古,11,10,C11,,内蒙古,CN,中国,内蒙古,内蒙古卫生健康委员会,内蒙古卫生健康委员会,中国省区政府部门,综合或未明确,B2_政府配套政策,财政环境劳动土地基建及综合政策全部保留,https://wjw.nmg.gov.cn/,https://wjw.nmg.gov.cn/,https://wjw.nmg.gov.cn/,,,,,CN::内蒙古卫生健康委员会,原表机构名称_独立性未核实,obs_69a7037d801821ec73d41e97fb,target_1504d1f80456a2b1d7ce164dbbb6186d50df7fab718413c9533c704eb3d17652,
S04-R012,S04,内蒙古,12,11,C12,,内蒙古,CN,中国,内蒙古,内蒙古应急管理厅,内蒙古应急管理厅,中国省区政府部门,安全与应急,B2_政府配套政策,财政环境劳动土地基建及综合政策全部保留,https://yjglt.nmg.gov.cn/,https://yjglt.nmg.gov.cn/,https://yjglt.nmg.gov.cn/,,,,,CN::内蒙古应急管理厅,原表机构名称_独立性未核实,obs_6dc45310ba35481e8de229e40c,target_cb3c1b286f6baf190e31970e619254746f5e0277e82bef6a838632cea1a21f61,
S04-R013,S04,内蒙古,13,12,C13,,内蒙古,CN,中国,内蒙古,内蒙古国有资产监督管理委员会,内蒙古国有资产监督管理委员会,中国省区政府部门,综合或未明确,B2_政府配套政策,财政环境劳动土地基建及综合政策全部保留,https://gzw.nmg.gov.cn/gbcslm/,https://gzw.nmg.gov.cn/gbcslm/,https://gzw.nmg.gov.cn/gbcslm/,,非站点根路径_需确认栏目适用性,非站点根路径_需确认栏目适用性,,CN::内蒙古国有资产监督管理委员会,原表机构名称_独立性未核实,obs_2060948ab55ce70c642e6dd370,target_fba61731de74273a49d1be068eec172d0e9fc8c432764f41b08100d36dab1123,
S04-R014,S04,内蒙古,14,13,C14,,内蒙古,CN,中国,内蒙古,内蒙古市场监督管理局,内蒙古市场监督管理局,中国省区政府部门,综合或未明确,B2_政府配套政策,财政环境劳动土地基建及综合政策全部保留,https://amr.nmg.gov.cn/zw/tzgg/index.html,https://amr.nmg.gov.cn/zw/tzgg/index.html,https://amr.nmg.gov.cn/zw/tzgg/index.html,,非站点根路径_需确认栏目适用性,非站点根路径_需确认栏目适用性,,CN::内蒙古市场监督管理局,原表机构名称_独立性未核实,obs_b2f7901913fedcbb813919ac4f,target_650f4294df9ccb2758ea485f5155870bdafd0a06081508e55ddfa5ecfe10c5f9,
S04-R015,S04,内蒙古,15,14,C15,,内蒙古,CN,中国,内蒙古,国家金融监督管理总局--内蒙古监管局,国家金融监督管理总局--内蒙古监管局,中国中央机构省区分支,综合或未明确,B2_政府配套政策,财政环境劳动土地基建及综合政策全部保留,https://jrj.nmg.gov.cn/,https://jrj.nmg.gov.cn/,https://jrj.nmg.gov.cn/,,名称称中央金融监管分支但网址为jrj.nmg.gov.cn_主体对应关系待核实,名称称中央金融监管分支但网址为jrj.nmg.gov.cn_主体对应关系待核实,,CN::国家金融监督管理总局--内蒙古监管局,各省区发文机关分别保留_同母机构不足以确认同一发布实体,obs_250b7951fa2b088353412f0a7c,target_70ecbebc1a922cde9aef16ebadc1cf6dcf8a2f5d729374dfc62de0f26bb5659e,
S04-R016,S04,内蒙古,16,15,C16,,内蒙古,CN,中国,内蒙古,中国证券监督管理委员会--内蒙古监管局,中国证券监督管理委员会--内蒙古监管局,中国中央机构省区分支,综合或未明确,B2_政府配套政策,财政环境劳动土地基建及综合政策全部保留,http://www.csrc.gov.cn/neimenggu/index.shtml,http://www.csrc.gov.cn/neimenggu/index.shtml,http://www.csrc.gov.cn/neimenggu/index.shtml,,非站点根路径_需确认栏目适用性,非站点根路径_需确认栏目适用性,,CN::中国证券监督管理委员会--内蒙古监管局,各省区发文机关分别保留_同母机构不足以确认同一发布实体,obs_8e2837c897e929b81477229557,target_8bb2c47b8a80d8531db043f35d53cfe01483e113305d613c3d3d61a79faf1f71,
S04-R017,S04,内蒙古,17,16,C17,,内蒙古,CN,中国,内蒙古,内蒙古林业和草原局,内蒙古林业和草原局,中国省区政府部门,土地与生态利用,B2_政府配套政策,财政环境劳动土地基建及综合政策全部保留,https://lcj.nmg.gov.cn/,https://lcj.nmg.gov.cn/,https://lcj.nmg.gov.cn/,,,,,CN::内蒙古林业和草原局,原表机构名称_独立性未核实,obs_0d9ec9666e9bd7b1d6ac99f769,target_d69efa80c8860f40603d6bceb080ea27d466b2bbd95932c012e171b16e8bcf71,
S04-R018,S04,内蒙古,18,17,C18,,内蒙古,CN,中国,内蒙古,国家矿山安全监察局--内蒙古局,国家矿山安全监察局--内蒙古局,中国中央机构省区分支,矿业与资源；安全与应急,B1_矿业能源法律核心,优先矿业政策与法律事件_按国家并行,http://nmg.chinamine-safety.gov.cn/,http://nmg.chinamine-safety.gov.cn/,http://nmg.chinamine-safety.gov.cn/,,,,,CN::国家矿山安全监察局--内蒙古局,各省区发文机关分别保留_同母机构不足以确认同一发布实体,obs_079f573619a715805d19f15d1a,target_4329e08faa8fc2b5011c130b7e28e16c4b40d0739622e35a9b8e86e80b28004a,
S05-R002,S05,山西省,2,1,C2,,山西省,CN,中国,山西省,山西省自然资源厅,山西省自然资源厅,中国省区政府部门,矿业与资源,B1_矿业能源法律核心,优先矿业政策与法律事件_按国家并行,https://zrzyt.shanxi.gov.cn/,https://zrzyt.shanxi.gov.cn/,https://zrzyt.shanxi.gov.cn/,,,,,CN::山西省自然资源厅,原表机构名称_独立性未核实,obs_b01dc541182b8f17a626331941,target_dba1b08fe64c0be7dd252abc82e64f81d64cac8caa92e5c99debaf15b98ea3b9,
S05-R003,S05,山西省,3,2,C3,,山西省,CN,中国,山西省,山西省财政厅,山西省财政厅,中国省区政府部门,财税与经济,B2_政府配套政策,财政环境劳动土地基建及综合政策全部保留,https://czt.shanxi.gov.cn/,https://czt.shanxi.gov.cn/,https://czt.shanxi.gov.cn/,,,,,CN::山西省财政厅,原表机构名称_独立性未核实,obs_1ee19957a8ff973de1f61c2173,target_5d152d61a69da31cddfc390ac6bf9d2e1b0a9c5beb9f471597c63f2694258d0d,
S05-R004,S05,山西省,4,3,C4,,山西省,CN,中国,山西省,山西省生态环境厅,山西省生态环境厅,中国省区政府部门,环境,B2_政府配套政策,财政环境劳动土地基建及综合政策全部保留,https://sthjt.shanxi.gov.cn/,https://sthjt.shanxi.gov.cn/,https://sthjt.shanxi.gov.cn/,,,,,CN::山西省生态环境厅,原表机构名称_独立性未核实,obs_caaff931e8c31bcf8aaaf36661,target_c54f2346091d43815caaeb25f52c499ae003ea538aa5df68dcc7d91df4bb56b4,
S05-R005,S05,山西省,5,4,C5,,山西省,CN,中国,山西省,山西省人力资源和社会保障厅,山西省人力资源和社会保障厅,中国省区政府部门,劳动与社会保障,B2_政府配套政策,财政环境劳动土地基建及综合政策全部保留,https://rst.shanxi.gov.cn/,https://rst.shanxi.gov.cn/,https://rst.shanxi.gov.cn/,,,,,CN::山西省人力资源和社会保障厅,原表机构名称_独立性未核实,obs_ca11cf89a04fb4d271650ccb97,target_8eb1bed78a3538a4bdc1a8645dab7d61bc4ab2d1aac8db4074d316828fc7b93b,
S05-R006,S05,山西省,6,5,C6,,山西省,CN,中国,山西省,山西省住房和城乡建设厅,山西省住房和城乡建设厅,中国省区政府部门,基础设施与产业,B2_政府配套政策,财政环境劳动土地基建及综合政策全部保留,https://zjt.shanxi.gov.cn/,https://zjt.shanxi.gov.cn/,https://zjt.shanxi.gov.cn/,,,,,CN::山西省住房和城乡建设厅,原表机构名称_独立性未核实,obs_5249afaee4589259382eec3d57,target_89d6e1c0a0554fd815ef23fc0a4e993cea878247986fd4365a665705d58a4ec7,
S05-R007,S05,山西省,7,6,C7,,山西省,CN,中国,山西省,山西省交通运输厅,山西省交通运输厅,中国省区政府部门,基础设施与产业,B2_政府配套政策,财政环境劳动土地基建及综合政策全部保留,https://jtyst.shanxi.gov.cn/,https://jtyst.shanxi.gov.cn/,https://jtyst.shanxi.gov.cn/,,,,,CN::山西省交通运输厅,原表机构名称_独立性未核实,obs_0693be865e2a9a27fae4afc4e0,target_b1e08a976b6be3104abc18282ebc44c2d01fe18455b91866328b9ec0a63ea7ff,
S05-R008,S05,山西省,8,7,C8,,山西省,CN,中国,山西省,山西省水利厅,山西省水利厅,中国省区政府部门,水资源,B2_政府配套政策,财政环境劳动土地基建及综合政策全部保留,https://slt.shanxi.gov.cn/,https://slt.shanxi.gov.cn/,https://slt.shanxi.gov.cn/,,,,,CN::山西省水利厅,原表机构名称_独立性未核实,obs_5a360bb8a685d35920f54680a1,target_a3e92813f1a23894d883330e1b1ad428f9af6277dee476eaaf68ed90050b54af,
S05-R009,S05,山西省,9,8,C9,,山西省,CN,中国,山西省,山西省农业农村厅,山西省农业农村厅,中国省区政府部门,土地与生态利用,B2_政府配套政策,财政环境劳动土地基建及综合政策全部保留,https://nynct.shanxi.gov.cn/xxgk/tzgg/,https://nynct.shanxi.gov.cn/xxgk/tzgg/,https://nynct.shanxi.gov.cn/xxgk/tzgg/,,非站点根路径_需确认栏目适用性,非站点根路径_需确认栏目适用性,,CN::山西省农业农村厅,原表机构名称_独立性未核实,obs_e4afb43d18b273c59a302e18f1,target_ce2519abd8c41b69fd9b59acf3ad57a4b0a9e26e5da2d2eb2a85991c8e91324e,
S05-R010,S05,山西省,10,9,C10,,山西省,CN,中国,山西省,山西省商务厅,山西省商务厅,中国省区政府部门,财税与经济,B2_政府配套政策,财政环境劳动土地基建及综合政策全部保留,https://swt.shanxi.gov.cn/,https://swt.shanxi.gov.cn/,https://swt.shanxi.gov.cn/,,,,,CN::山西省商务厅,原表机构名称_独立性未核实,obs_841c725346df4e8d7354a280cf,target_1b4c320866a60b401b640f27d638d550be1a78d02e30dc5d0a0e26dd843a4907,
S05-R011,S05,山西省,11,10,C11,,山西省,CN,中国,山西省,山西省卫生健康委员会,山西省卫生健康委员会,中国省区政府部门,综合或未明确,B2_政府配套政策,财政环境劳动土地基建及综合政策全部保留,https://wjw.shanxi.gov.cn/,https://wjw.shanxi.gov.cn/,https://wjw.shanxi.gov.cn/,,,,,CN::山西省卫生健康委员会,原表机构名称_独立性未核实,obs_7730f4143636aa82029d3934f6,target_33a5c8a3844e9432e056f47c89ff3a57aa24db73ba2856e86f7db785ed27380a,
S05-R012,S05,山西省,12,11,C12,,山西省,CN,中国,山西省,山西省应急管理厅,山西省应急管理厅,中国省区政府部门,安全与应急,B2_政府配套政策,财政环境劳动土地基建及综合政策全部保留,https://yjt.shanxi.gov.cn/,https://yjt.shanxi.gov.cn/,https://yjt.shanxi.gov.cn/,,,,,CN::山西省应急管理厅,原表机构名称_独立性未核实,obs_549680bbfc8bd086084796f338,target_afee07b9e6fb2dd79b259fd0fa85c2612fe4cf8e8c954378bc8fd1f2a38e2903,
S05-R013,S05,山西省,13,12,C13,,山西省,CN,中国,山西省,山西省国有资产监督管理委员会,山西省国有资产监督管理委员会,中国省区政府部门,综合或未明确,B2_政府配套政策,财政环境劳动土地基建及综合政策全部保留,https://gzw.shanxi.gov.cn/,https://gzw.shanxi.gov.cn/,https://gzw.shanxi.gov.cn/,,,,,CN::山西省国有资产监督管理委员会,原表机构名称_独立性未核实,obs_1fbd7baf580199a549d45c6e9f,target_800a3d30b606eed8784e021ef8d5d55c0c3c4cc9694ce8798c1b8dff6c883764,
S05-R014,S05,山西省,14,13,C14,,山西省,CN,中国,山西省,山西省市场监督管理局,山西省市场监督管理局,中国省区政府部门,综合或未明确,B2_政府配套政策,财政环境劳动土地基建及综合政策全部保留,https://scjgj.shanxi.gov.cn/,https://scjgj.shanxi.gov.cn/,https://scjgj.shanxi.gov.cn/,,,,,CN::山西省市场监督管理局,原表机构名称_独立性未核实,obs_a3275a25337b5f77ba77ebebeb,target_0821d609d7e5d6a2e9ee7d87d539d87238f48b01791b46c1b73df7e2f2feebea,
S05-R015,S05,山西省,15,14,C15,,山西省,CN,中国,山西省,国家金融监督管理总局--山西监管局,国家金融监督管理总局--山西监管局,中国中央机构省区分支,综合或未明确,B2_政府配套政策,财政环境劳动土地基建及综合政策全部保留,https://www.nfra.gov.cn/branch/shanxi/view/pages/index/index.html,,https://www.nfra.gov.cn/branch/shanxi/view/pages/index/index.html,,非站点根路径_需确认栏目适用性,非站点根路径_需确认栏目适用性,,CN::国家金融监督管理总局--山西监管局,各省区发文机关分别保留_同母机构不足以确认同一发布实体,obs_902aa043d52bb0680354206db1,target_3cbd26fa8a3932762e9833ca7157f93f451be8948671f567688ebbcbeaff378d,
S05-R016,S05,山西省,16,15,C16,,山西省,CN,中国,山西省,中国证券监督管理委员会--山西监管局,中国证券监督管理委员会--山西监管局,中国中央机构省区分支,综合或未明确,B2_政府配套政策,财政环境劳动土地基建及综合政策全部保留,http://www.csrc.gov.cn/shanxi/index.shtml,http://www.csrc.gov.cn/shanxi/index.shtml,http://www.csrc.gov.cn/shanxi/index.shtml,,非站点根路径_需确认栏目适用性,非站点根路径_需确认栏目适用性,,CN::中国证券监督管理委员会--山西监管局,各省区发文机关分别保留_同母机构不足以确认同一发布实体,obs_a48ce2e3d32fd736755f57dd38,target_8c2c7b57d4f2cf69d52a81d0f73398df6d19ae5a6c10ba2a7bff5fb41d989f2c,
S05-R017,S05,山西省,17,16,C17,,山西省,CN,中国,山西省,山西林业和草原局,山西林业和草原局,中国省区政府部门,土地与生态利用,B2_政府配套政策,财政环境劳动土地基建及综合政策全部保留,https://lcj.shanxi.gov.cn/zxyw/tzgg/,https://lcj.shanxi.gov.cn/zxyw/tzgg/,https://lcj.shanxi.gov.cn/zxyw/tzgg/,,非站点根路径_需确认栏目适用性,非站点根路径_需确认栏目适用性,,CN::山西林业和草原局,原表机构名称_独立性未核实,obs_1e6ea589e19557b46bc7f294c7,target_4f66e06cc42bd9eba5f61fcfd8134690d70290cc86b177bf346e23ddc13ee806,
S05-R018,S05,山西省,18,17,C18,,山西省,CN,中国,山西省,山西省能源局,山西省能源局,中国省区政府部门,能源,B1_矿业能源法律核心,优先矿业政策与法律事件_按国家并行,https://nyj.shanxi.gov.cn/,https://nyj.shanxi.gov.cn/,https://nyj.shanxi.gov.cn/,,,,,CN::山西省能源局,原表机构名称_独立性未核实,obs_8523751be57e76e0d2a2d7776b,target_f5fa2be5da5d1ee4971b814aeb93fddb05a7afd3daf9322f76de2c2c098ef5f2,
S05-R019,S05,山西省,19,18,C19,,山西省,CN,中国,山西省,国家矿山安全监察局--山西局,国家矿山安全监察局--山西局,中国中央机构省区分支,矿业与资源；安全与应急,B1_矿业能源法律核心,优先矿业政策与法律事件_按国家并行,http://shanxi.chinamine-safety.gov.cn/,http://shanxi.chinamine-safety.gov.cn/,http://shanxi.chinamine-safety.gov.cn/,,,,,CN::国家矿山安全监察局--山西局,各省区发文机关分别保留_同母机构不足以确认同一发布实体,obs_f393e763c989fdd546b30f9d2a,target_f219dfff243a2218ca2ffd39d929de1ed4711f64ab1e715d6012a55f65183ac2,
S06-R002,S06,河南省,2,1,C2,,河南省,CN,中国,河南省,河南省自然资源厅,河南省自然资源厅,中国省区政府部门,矿业与资源,B1_矿业能源法律核心,优先矿业政策与法律事件_按国家并行,https://dnr.henan.gov.cn/,https://dnr.henan.gov.cn/,https://dnr.henan.gov.cn/,,,,,CN::河南省自然资源厅,原表机构名称_独立性未核实,obs_fa963933128a6aab3764778f0c,target_78663eb079bf9abdb24457277de2a796de04e177574716054016d895c26fed2c,
S06-R003,S06,河南省,3,2,C3,,河南省,CN,中国,河南省,河南省财政厅,河南省财政厅,中国省区政府部门,财税与经济,B2_政府配套政策,财政环境劳动土地基建及综合政策全部保留,https://czt.henan.gov.cn/,https://czt.henan.gov.cn/,https://czt.henan.gov.cn/,,,,,CN::河南省财政厅,原表机构名称_独立性未核实,obs_b0bd998bee8dad7d9593b419c9,target_4a0fc0cd3b098211e53141140ed334d3bcdbc49364570e19149a47332d022bd7,
S06-R004,S06,河南省,4,3,C4,,河南省,CN,中国,河南省,河南省生态环境厅,河南省生态环境厅,中国省区政府部门,环境,B2_政府配套政策,财政环境劳动土地基建及综合政策全部保留,https://sthjt.henan.gov.cn/,https://sthjt.henan.gov.cn/,https://sthjt.henan.gov.cn/,,,,,CN::河南省生态环境厅,原表机构名称_独立性未核实,obs_516fb717c854045bcc8373076a,target_1321b74328c9549437762e61c5982f3790310fd44404d94c45725a03fe857faa,
S06-R005,S06,河南省,5,4,C5,,河南省,CN,中国,河南省,河南省人力资源和社会保障厅,河南省人力资源和社会保障厅,中国省区政府部门,劳动与社会保障,B2_政府配套政策,财政环境劳动土地基建及综合政策全部保留,https://hrss.henan.gov.cn/,https://hrss.henan.gov.cn/,https://hrss.henan.gov.cn/,,,,,CN::河南省人力资源和社会保障厅,原表机构名称_独立性未核实,obs_315ad5b50b578d30da3c639421,target_52597cea5710d1251319a832350ce2686a1cfa2748c9a26c599fc140a47df05c,
S06-R006,S06,河南省,6,5,C6,,河南省,CN,中国,河南省,河南省住房和城乡建设厅,河南省住房和城乡建设厅,中国省区政府部门,基础设施与产业,B2_政府配套政策,财政环境劳动土地基建及综合政策全部保留,https://hnjs.henan.gov.cn/,https://hnjs.henan.gov.cn/,https://hnjs.henan.gov.cn/,,,,,CN::河南省住房和城乡建设厅,原表机构名称_独立性未核实,obs_446bb1a1fcc1b8b819b8bfd946,target_5a5a32c848ec4523d46ed98289f4174f82c8bc44e6cc509262c25032c169f686,
S06-R007,S06,河南省,7,6,C7,,河南省,CN,中国,河南省,河南省交通运输厅,河南省交通运输厅,中国省区政府部门,基础设施与产业,B2_政府配套政策,财政环境劳动土地基建及综合政策全部保留,https://jtyst.henan.gov.cn/,https://jtyst.henan.gov.cn/,https://jtyst.henan.gov.cn/,,,,,CN::河南省交通运输厅,原表机构名称_独立性未核实,obs_d13d1454ae1a177bafedf0c4d3,target_53f7b9accf0273e1c38057ed136f003f504a459ba0318ba4d4e4708772bd58b8,
S06-R008,S06,河南省,8,7,C8,,河南省,CN,中国,河南省,河南省水利厅,河南省水利厅,中国省区政府部门,水资源,B2_政府配套政策,财政环境劳动土地基建及综合政策全部保留,https://slt.henan.gov.cn/,https://slt.henan.gov.cn/,https://slt.henan.gov.cn/,,,,,CN::河南省水利厅,原表机构名称_独立性未核实,obs_3f5000353d000aed3fe57005d4,target_5593478b6b3e8f633d2322f56d7889c931a6024020ee799804501e35cb87f117,
S06-R009,S06,河南省,9,8,C9,,河南省,CN,中国,河南省,河南省农业农村厅,河南省农业农村厅,中国省区政府部门,土地与生态利用,B2_政府配套政策,财政环境劳动土地基建及综合政策全部保留,https://nynct.henan.gov.cn/,https://nynct.henan.gov.cn/,https://nynct.henan.gov.cn/,,,,,CN::河南省农业农村厅,原表机构名称_独立性未核实,obs_39ae7c252a051794f98626d119,target_37c3a281836855615859f4732aadd3d316116f3bd11011b3732b65013e808420,
S06-R010,S06,河南省,10,9,C10,,河南省,CN,中国,河南省,河南省商务厅,河南省商务厅,中国省区政府部门,财税与经济,B2_政府配套政策,财政环境劳动土地基建及综合政策全部保留,https://hnsswt.henan.gov.cn/,https://hnsswt.henan.gov.cn/,https://hnsswt.henan.gov.cn/,,,,,CN::河南省商务厅,原表机构名称_独立性未核实,obs_2dc32b92aae0205b44f263c9c7,target_5cd0fd93d3d77cca31fa16267255a9430ac7b7d10e7a12fc9b2ddd5686a5e1dd,
S06-R011,S06,河南省,11,10,C11,,河南省,CN,中国,河南省,河南省卫生健康委员会,河南省卫生健康委员会,中国省区政府部门,综合或未明确,B2_政府配套政策,财政环境劳动土地基建及综合政策全部保留,https://wsjkw.henan.gov.cn/,https://wsjkw.henan.gov.cn/,https://wsjkw.henan.gov.cn/,,,,,CN::河南省卫生健康委员会,原表机构名称_独立性未核实,obs_bf2eff0e81e3f6e5f2df748df2,target_dc86e4f5a7b9b6a73732ee1b801cda4112a22cea2393bf9b9f7315b923c8d3ef,
S06-R012,S06,河南省,12,11,C12,,河南省,CN,中国,河南省,河南省应急管理厅,河南省应急管理厅,中国省区政府部门,安全与应急,B2_政府配套政策,财政环境劳动土地基建及综合政策全部保留,https://yjglt.henan.gov.cn/,https://yjglt.henan.gov.cn/,https://yjglt.henan.gov.cn/,,,,,CN::河南省应急管理厅,原表机构名称_独立性未核实,obs_c128f26f0a9dfbd148298fbca6,target_5635057129b7501375278724cf1b81900099668f7c87cd78a5bb0dadc6d0ff23,
S06-R013,S06,河南省,13,12,C13,,河南省,CN,中国,河南省,河南省国有资产监督管理委员会,河南省国有资产监督管理委员会,中国省区政府部门,综合或未明确,B2_政府配套政策,财政环境劳动土地基建及综合政策全部保留,https://gzw.henan.gov.cn/,https://gzw.henan.gov.cn/,https://gzw.henan.gov.cn/,,,,,CN::河南省国有资产监督管理委员会,原表机构名称_独立性未核实,obs_d8af948dc98ebf1946a3b3764f,target_a90fac9530685d3238151d28d4e186aa1d4a2b7dcddf099a036da03759721942,
S06-R014,S06,河南省,14,13,C14,,河南省,CN,中国,河南省,河南省市场监督管理局,河南省市场监督管理局,中国省区政府部门,综合或未明确,B2_政府配套政策,财政环境劳动土地基建及综合政策全部保留,https://scjg.henan.gov.cn/,https://scjg.henan.gov.cn/,https://scjg.henan.gov.cn/,,,,,CN::河南省市场监督管理局,原表机构名称_独立性未核实,obs_7e941a90b4f24a3382a04ded89,target_7725710392349e8bf3bddd9767387b6f06b34e086b6b5e85ca32bc8b8ee66cc7,
S06-R015,S06,河南省,15,14,C15,,河南省,CN,中国,河南省,国家金融监督管理总局--河南监管局,国家金融监督管理总局--河南监管局,中国中央机构省区分支,综合或未明确,B2_政府配套政策,财政环境劳动土地基建及综合政策全部保留,https://www.nfra.gov.cn/branch/henan/view/pages/index/index.html,https://www.nfra.gov.cn/branch/henan/view/pages/index/index.html,https://www.nfra.gov.cn/branch/henan/view/pages/index/index.html,,非站点根路径_需确认栏目适用性,非站点根路径_需确认栏目适用性,,CN::国家金融监督管理总局--河南监管局,各省区发文机关分别保留_同母机构不足以确认同一发布实体,obs_490e68b15549bcd66ecb648a06,target_9aa29273f6c7bbcdd8d1e838af31eb60b6191bd4abec8a773e4d9cf34b36e097,
S06-R016,S06,河南省,16,15,C16,,河南省,CN,中国,河南省,中国证券监督管理委员会--河南监管局,中国证券监督管理委员会--河南监管局,中国中央机构省区分支,综合或未明确,B2_政府配套政策,财政环境劳动土地基建及综合政策全部保留,http://www.csrc.gov.cn/henan/index.shtml,http://www.csrc.gov.cn/henan/index.shtml,http://www.csrc.gov.cn/henan/index.shtml,,非站点根路径_需确认栏目适用性,非站点根路径_需确认栏目适用性,,CN::中国证券监督管理委员会--河南监管局,各省区发文机关分别保留_同母机构不足以确认同一发布实体,obs_472cd514efd5590f4ffa50729d,target_a23eb70be2c406c872996dc1192a8d4024007407876cb97f167c4aea87f90117,
S06-R017,S06,河南省,17,16,C17,,河南省,CN,中国,河南省,河南林业和草原局,河南林业和草原局,中国省区政府部门,土地与生态利用,B2_政府配套政策,财政环境劳动土地基建及综合政策全部保留,https://lyj.henan.gov.cn/,https://lyj.henan.gov.cn/,https://lyj.henan.gov.cn/,,,,,CN::河南林业和草原局,原表机构名称_独立性未核实,obs_a5d264fbd4324d71b80bdf2888,target_6641ed67390b0074473170a67ae6feb0a9d8d58b396df91429dc90eedd51aaa2,
S06-R018,S06,河南省,18,17,C18,,河南省,CN,中国,河南省,国家矿山安全监察局--河南局,国家矿山安全监察局--河南局,中国中央机构省区分支,矿业与资源；安全与应急,B1_矿业能源法律核心,优先矿业政策与法律事件_按国家并行,https://hn.chinamine-safety.gov.cn/sitesources/hnsafety/page_pc/index.html,https://hn.chinamine-safety.gov.cn/sitesources/hnsafety/page_pc/index.html,https://hn.chinamine-safety.gov.cn/sitesources/hnsafety/page_pc/index.html,,非站点根路径_需确认栏目适用性,非站点根路径_需确认栏目适用性,,CN::国家矿山安全监察局--河南局,各省区发文机关分别保留_同母机构不足以确认同一发布实体,obs_8843e2b40ff8a418ee5d4db4dd,target_e6f20aef1546217a379c6f14e1d5967f68aacc1c74ea88d718405ced2d3e574d,
S07-R002,S07,安徽省,2,1,C2,,安徽省,CN,中国,安徽省,安徽省自然资源厅,安徽省自然资源厅,中国省区政府部门,矿业与资源,B1_矿业能源法律核心,优先矿业政策与法律事件_按国家并行,https://zrzyt.ah.gov.cn/index.html,https://zrzyt.ah.gov.cn/index.html,https://zrzyt.ah.gov.cn/index.html,,,,,CN::安徽省自然资源厅,原表机构名称_独立性未核实,obs_0fbeafb81b2d0dc6e27ecf87a5,target_1dde6585e322ef05bd19a6393f280b9eac26373384d95ac335228d214ecb8cf8,
S07-R003,S07,安徽省,3,2,C3,,安徽省,CN,中国,安徽省,安徽省财政厅,安徽省财政厅,中国省区政府部门,财税与经济,B2_政府配套政策,财政环境劳动土地基建及综合政策全部保留,https://czt.ah.gov.cn/,https://czt.ah.gov.cn/,https://czt.ah.gov.cn/,,,,,CN::安徽省财政厅,原表机构名称_独立性未核实,obs_b62de895f34f16cd7f87f73445,target_a7bcb1aa90f8c8f374e934ae41347f1d95f28b45a1852021560e6f20a3e8f920,
S07-R004,S07,安徽省,4,3,C4,,安徽省,CN,中国,安徽省,安徽省生态环境厅,安徽省生态环境厅,中国省区政府部门,环境,B2_政府配套政策,财政环境劳动土地基建及综合政策全部保留,https://sthjt.ah.gov.cn/,https://sthjt.ah.gov.cn/,https://sthjt.ah.gov.cn/,,,,,CN::安徽省生态环境厅,原表机构名称_独立性未核实,obs_4017567a9e1a999d7432dd4fb9,target_5815e17b7346dbeb8ed00933f17cc0af704601c77d2ed1986eef05102791c173,
S07-R005,S07,安徽省,5,4,C5,,安徽省,CN,中国,安徽省,安徽省人力资源和社会保障厅,安徽省人力资源和社会保障厅,中国省区政府部门,劳动与社会保障,B2_政府配套政策,财政环境劳动土地基建及综合政策全部保留,https://hrss.ah.gov.cn/,https://hrss.ah.gov.cn/,https://hrss.ah.gov.cn/,,,,,CN::安徽省人力资源和社会保障厅,原表机构名称_独立性未核实,obs_f22999da73c148576d3a7980c6,target_42dab9e884e71b504e2347944a4fc3690d177ff267e1ac1e5dd312825d561f36,
S07-R006,S07,安徽省,6,5,C6,,安徽省,CN,中国,安徽省,安徽省住房和城乡建设厅,安徽省住房和城乡建设厅,中国省区政府部门,基础设施与产业,B2_政府配套政策,财政环境劳动土地基建及综合政策全部保留,http://dohurd.ah.gov.cn/index.html,http://dohurd.ah.gov.cn/index.html,http://dohurd.ah.gov.cn/index.html,,,,,CN::安徽省住房和城乡建设厅,原表机构名称_独立性未核实,obs_9a239a63b48700be075eccb302,target_cbba16bea33905f2a14ae7f8b8878d08311a4d66b0ffa227f79409b3b1af35b9,
S07-R007,S07,安徽省,7,6,C7,,安徽省,CN,中国,安徽省,安徽省交通运输厅,安徽省交通运输厅,中国省区政府部门,基础设施与产业,B2_政府配套政策,财政环境劳动土地基建及综合政策全部保留,https://jtt.ah.gov.cn/,https://jtt.ah.gov.cn/,https://jtt.ah.gov.cn/,,,,,CN::安徽省交通运输厅,原表机构名称_独立性未核实,obs_d33d4138d433493cf9372f6c02,target_9b875ad8930df5d8085f4616d71e0296b24d7d47fc5dda5a0adc0a9a5255aae0,
S07-R008,S07,安徽省,8,7,C8,,安徽省,CN,中国,安徽省,安徽省水利厅,安徽省水利厅,中国省区政府部门,水资源,B2_政府配套政策,财政环境劳动土地基建及综合政策全部保留,https://slt.ah.gov.cn/,https://slt.ah.gov.cn/,https://slt.ah.gov.cn/,,,,,CN::安徽省水利厅,原表机构名称_独立性未核实,obs_b4739a7b1f3ea32e6ac024dccf,target_971a7e0374bcfdbaed274a61cc18d7648898272e44cdaabb724366a5e76ae253,
S07-R009,S07,安徽省,9,8,C9,,安徽省,CN,中国,安徽省,安徽省农业农村厅,安徽省农业农村厅,中国省区政府部门,土地与生态利用,B2_政府配套政策,财政环境劳动土地基建及综合政策全部保留,https://nync.ah.gov.cn/index.html,https://nync.ah.gov.cn/index.html,https://nync.ah.gov.cn/index.html,,,,,CN::安徽省农业农村厅,原表机构名称_独立性未核实,obs_b848cf689f631b88a0d8a8c988,target_0d3f5f32ff8dac62f8f124493517966e3fe5d4db8f013aedb0e3b46bd55751f2,
S07-R010,S07,安徽省,10,9,C10,,安徽省,CN,中国,安徽省,安徽省商务厅,安徽省商务厅,中国省区政府部门,财税与经济,B2_政府配套政策,财政环境劳动土地基建及综合政策全部保留,https://commerce.ah.gov.cn/,https://commerce.ah.gov.cn/,https://commerce.ah.gov.cn/,,,,,CN::安徽省商务厅,原表机构名称_独立性未核实,obs_977574063a5b8707e275590097,target_5686ef15858947214a205cb1ba1f7fbfda987c3c4cb6e5474219888dc40e2b7c,
S07-R011,S07,安徽省,11,10,C11,,安徽省,CN,中国,安徽省,安徽省卫生健康委员会,安徽省卫生健康委员会,中国省区政府部门,综合或未明确,B2_政府配套政策,财政环境劳动土地基建及综合政策全部保留,https://wjw.ah.gov.cn/index.html,https://wjw.ah.gov.cn/index.html,https://wjw.ah.gov.cn/index.html,,,,,CN::安徽省卫生健康委员会,原表机构名称_独立性未核实,obs_9a7650f04c7827f52844d8b0a7,target_75b8dc2466a679e1bc71f0eb3a678b1df2eff1327a8bda0404d17eab7d4d1ae2,
S07-R012,S07,安徽省,12,11,C12,,安徽省,CN,中国,安徽省,安徽省应急管理厅,安徽省应急管理厅,中国省区政府部门,安全与应急,B2_政府配套政策,财政环境劳动土地基建及综合政策全部保留,https://yjt.ah.gov.cn/,https://yjt.ah.gov.cn/,https://yjt.ah.gov.cn/,,,,,CN::安徽省应急管理厅,原表机构名称_独立性未核实,obs_bd23cc5b769b5efd0eb580fab6,target_3401b30e2bad170ee7d0a2d7e85bd15726f6f270e7c23cf9bde9e74c51e88d80,
S07-R013,S07,安徽省,13,12,C13,,安徽省,CN,中国,安徽省,安徽省国有资产监督管理委员会,安徽省国有资产监督管理委员会,中国省区政府部门,综合或未明确,B2_政府配套政策,财政环境劳动土地基建及综合政策全部保留,http://gzw.ah.gov.cn/,http://gzw.ah.gov.cn/,http://gzw.ah.gov.cn/,,,,,CN::安徽省国有资产监督管理委员会,原表机构名称_独立性未核实,obs_8f55cdf258564bc421209e3727,target_9004c8870e29837c5838748c818f7bbd5b21c1e5604f908bf3195c1c2a0a53ec,
S07-R014,S07,安徽省,14,13,C14,,安徽省,CN,中国,安徽省,安徽省市场监督管理局,安徽省市场监督管理局,中国省区政府部门,综合或未明确,B2_政府配套政策,财政环境劳动土地基建及综合政策全部保留,https://amr.ah.gov.cn/,https://amr.ah.gov.cn/,https://amr.ah.gov.cn/,,,,,CN::安徽省市场监督管理局,原表机构名称_独立性未核实,obs_514dbf7fd17e700d7893fa6eca,target_9d03254722de8ca4fa58d22d60045224e15bf21f86eb2ae31727e2c8e642267a,
S07-R015,S07,安徽省,15,14,C15,,安徽省,CN,中国,安徽省,国家金融监督管理总局--安徽监管局,国家金融监督管理总局--安徽监管局,中国中央机构省区分支,综合或未明确,B2_政府配套政策,财政环境劳动土地基建及综合政策全部保留,https://www.nfra.gov.cn/branch/anhui/view/pages/index/index.html,https://www.nfra.gov.cn/branch/anhui/view/pages/index/index.html,https://www.nfra.gov.cn/branch/anhui/view/pages/index/index.html,,非站点根路径_需确认栏目适用性,非站点根路径_需确认栏目适用性,,CN::国家金融监督管理总局--安徽监管局,各省区发文机关分别保留_同母机构不足以确认同一发布实体,obs_2199bd024964ab3f325d5d025e,target_707f097f63f267167c31ef5dae6e61933e8af578240ec5d26c5f64db670372fe,
S07-R016,S07,安徽省,16,15,C16,,安徽省,CN,中国,安徽省,中国证券监督管理委员会--安徽监管局,中国证券监督管理委员会--安徽监管局,中国中央机构省区分支,综合或未明确,B2_政府配套政策,财政环境劳动土地基建及综合政策全部保留,http://www.csrc.gov.cn/anhui/,http://www.csrc.gov.cn/anhui/,http://www.csrc.gov.cn/anhui/,,非站点根路径_需确认栏目适用性,非站点根路径_需确认栏目适用性,,CN::中国证券监督管理委员会--安徽监管局,各省区发文机关分别保留_同母机构不足以确认同一发布实体,obs_1a10891bb9397877a07f5bc2a5,target_9ff4813f4dedd0ca94518c23b4b873a063b0e1e47fc0e633261ec8d23fdb9306,
S07-R017,S07,安徽省,17,16,C17,,安徽省,CN,中国,安徽省,安徽林业局,安徽林业局,中国省区政府部门,土地与生态利用,B2_政府配套政策,财政环境劳动土地基建及综合政策全部保留,https://lyj.ah.gov.cn/index.html,https://lyj.ah.gov.cn/index.html,https://lyj.ah.gov.cn/index.html,,,,,CN::安徽林业局,原表机构名称_独立性未核实,obs_092eb152b1831e81e6f6140bfd,target_3b36e52c6319e88155bdb965af38b2fbf0b0d76231f7ca4c564a54779ba82896,
S07-R018,S07,安徽省,18,17,C18,,安徽省,CN,中国,安徽省,国家矿山安全监察局--安徽局,国家矿山安全监察局--安徽局,中国中央机构省区分支,矿业与资源；安全与应急,B1_矿业能源法律核心,优先矿业政策与法律事件_按国家并行,https://ah.chinamine-safety.gov.cn/,https://ah.chinamine-safety.gov.cn/,https://ah.chinamine-safety.gov.cn/,,,,,CN::国家矿山安全监察局--安徽局,各省区发文机关分别保留_同母机构不足以确认同一发布实体,obs_0ac525a146df2521c363ef86d9,target_6ffac5a40f5ed8ec6a4a2d031cb8a09bcc7a35d3be1105be67a2b45725a0baba,
S08-R002,S08,福建省,2,1,C2,,福建省,CN,中国,福建省,福建省自然资源厅,福建省自然资源厅,中国省区政府部门,矿业与资源,B1_矿业能源法律核心,优先矿业政策与法律事件_按国家并行,https://zrzyt.fujian.gov.cn/jggk/,https://zrzyt.fujian.gov.cn/jggk/,https://zrzyt.fujian.gov.cn/jggk/,,非站点根路径_需确认栏目适用性,非站点根路径_需确认栏目适用性,,CN::福建省自然资源厅,原表机构名称_独立性未核实,obs_136cc0d6ca9839486b7c1683d0,target_efe8b3f9fb764149a590568a84857d62af3c57734fed6b84980b3669cc7d35cf,
S08-R003,S08,福建省,3,2,C3,,福建省,CN,中国,福建省,福建省财政厅,福建省财政厅,中国省区政府部门,财税与经济,B2_政府配套政策,财政环境劳动土地基建及综合政策全部保留,https://czt.fujian.gov.cn/jggk/,https://czt.fujian.gov.cn/jggk/,https://czt.fujian.gov.cn/jggk/,,非站点根路径_需确认栏目适用性,非站点根路径_需确认栏目适用性,,CN::福建省财政厅,原表机构名称_独立性未核实,obs_0a716a35719a4d70502aaa515c,target_1f7abb7bb11fd054457665534fb8f6fa22b3f07576da2e2bc908f6c0faabacc6,
S08-R004,S08,福建省,4,3,C4,,福建省,CN,中国,福建省,福建省生态环境厅,福建省生态环境厅,中国省区政府部门,环境,B2_政府配套政策,财政环境劳动土地基建及综合政策全部保留,https://sthjt.fujian.gov.cn/,https://sthjt.fujian.gov.cn/,https://sthjt.fujian.gov.cn/,,,,,CN::福建省生态环境厅,原表机构名称_独立性未核实,obs_0b54cd6003ae28d3711853331f,target_dadbc7ee34a65653fe2d115147e53312e1f9b94efafb91310c318d5d8cb064f6,
S08-R005,S08,福建省,5,4,C5,,福建省,CN,中国,福建省,福建省人力资源和社会保障厅,福建省人力资源和社会保障厅,中国省区政府部门,劳动与社会保障,B2_政府配套政策,财政环境劳动土地基建及综合政策全部保留,https://rst.fujian.gov.cn/,https://rst.fujian.gov.cn/,https://rst.fujian.gov.cn/,,,,,CN::福建省人力资源和社会保障厅,原表机构名称_独立性未核实,obs_6efee638bf2a0e01b6bac34661,target_7900aa72968b5e463d84ec7d3cee76a3c9064326206a4f202a719d8b817c6a27,
S08-R006,S08,福建省,6,5,C6,,福建省,CN,中国,福建省,福建省住房和城乡建设厅,福建省住房和城乡建设厅,中国省区政府部门,基础设施与产业,B2_政府配套政策,财政环境劳动土地基建及综合政策全部保留,https://zjt.fujian.gov.cn/,https://zjt.fujian.gov.cn/,https://zjt.fujian.gov.cn/,,,,,CN::福建省住房和城乡建设厅,原表机构名称_独立性未核实,obs_39f2772eb7f24661e6ea0239d9,target_e24459e2f75123a742ae83f0d46ded54f456f7d5c47d3b88d491e1665f6ea70a,
S08-R007,S08,福建省,7,6,C7,,福建省,CN,中国,福建省,福建省交通运输厅,福建省交通运输厅,中国省区政府部门,基础设施与产业,B2_政府配套政策,财政环境劳动土地基建及综合政策全部保留,https://jtyst.fujian.gov.cn/,https://jtyst.fujian.gov.cn/,https://jtyst.fujian.gov.cn/,,,,,CN::福建省交通运输厅,原表机构名称_独立性未核实,obs_a93221725c6b8d9896c63210b1,target_96cc5257753bb30b24b7d9f74d82fc2958b70ffb60d7b813b5b9b44bef8b3930,
S08-R008,S08,福建省,8,7,C8,,福建省,CN,中国,福建省,福建省水利厅,福建省水利厅,中国省区政府部门,水资源,B2_政府配套政策,财政环境劳动土地基建及综合政策全部保留,https://slt.fj.gov.cn/wzsy/,https://slt.fj.gov.cn/wzsy/,https://slt.fj.gov.cn/wzsy/,,非站点根路径_需确认栏目适用性,非站点根路径_需确认栏目适用性,,CN::福建省水利厅,原表机构名称_独立性未核实,obs_701f70b682e74d6be20d6186ff,target_5693dd6d397cdab5ef967870a18f5fb02d9cb006c39c2e9bc2838acdcc9b4409,
S08-R009,S08,福建省,9,8,C9,,福建省,CN,中国,福建省,福建省农业农村厅,福建省农业农村厅,中国省区政府部门,土地与生态利用,B2_政府配套政策,财政环境劳动土地基建及综合政策全部保留,https://nynct.fujian.gov.cn/,https://nynct.fujian.gov.cn/,https://nynct.fujian.gov.cn/,,,,,CN::福建省农业农村厅,原表机构名称_独立性未核实,obs_a8b5c9eb6401a96150b8af7573,target_8509610ab05f38c779c20d27c32f6d4a561a83accd09b35309918c8e6e481215,
S08-R010,S08,福建省,10,9,C10,,福建省,CN,中国,福建省,福建省商务厅,福建省商务厅,中国省区政府部门,财税与经济,B2_政府配套政策,财政环境劳动土地基建及综合政策全部保留,https://swt.fujian.gov.cn/,https://swt.fujian.gov.cn/,https://swt.fujian.gov.cn/,,,,,CN::福建省商务厅,原表机构名称_独立性未核实,obs_67396c60f760caedb2067e0f0d,target_3a7579452d3c8c29c0ef55de4c611e3b5173e058eff7a554471c2c3e1c258705,
S08-R011,S08,福建省,11,10,C11,,福建省,CN,中国,福建省,福建省卫生健康委员会,福建省卫生健康委员会,中国省区政府部门,综合或未明确,B2_政府配套政策,财政环境劳动土地基建及综合政策全部保留,https://wjw.fj.gov.cn/ztzl/jkjy/,https://wjw.fj.gov.cn/ztzl/jkjy/,https://wjw.fj.gov.cn/ztzl/jkjy/,,非站点根路径_需确认栏目适用性,非站点根路径_需确认栏目适用性,,CN::福建省卫生健康委员会,原表机构名称_独立性未核实,obs_c76d89703277f688cccfee569f,target_6cde65fcb021b64410f7ab3272880461d49cd8a851c662f7bdf9fa327e2f4fbf,
S08-R012,S08,福建省,12,11,C12,,福建省,CN,中国,福建省,福建省应急管理厅,福建省应急管理厅,中国省区政府部门,安全与应急,B2_政府配套政策,财政环境劳动土地基建及综合政策全部保留,https://yjt.fujian.gov.cn/,https://yjt.fujian.gov.cn/,https://yjt.fujian.gov.cn/,,,,,CN::福建省应急管理厅,原表机构名称_独立性未核实,obs_19051310b148e6d5cd985ef72e,target_647ed272852f0ed38428863caeb95cb99d2f2363e3ac7ea69f669062f8e5e31e,
S08-R013,S08,福建省,13,12,C13,,福建省,CN,中国,福建省,福建省国有资产监督管理委员会,福建省国有资产监督管理委员会,中国省区政府部门,综合或未明确,B2_政府配套政策,财政环境劳动土地基建及综合政策全部保留,https://gzw.fujian.gov.cn/zwgk/,https://gzw.fujian.gov.cn/zwgk/,https://gzw.fujian.gov.cn/zwgk/,,非站点根路径_需确认栏目适用性,非站点根路径_需确认栏目适用性,,CN::福建省国有资产监督管理委员会,原表机构名称_独立性未核实,obs_cead3bce55333c24e1c70f8749,target_f51cf4266a65f52c1e2b78c78704bbc24f209a7aabd60b01bfaca83da36dbaaf,
S08-R014,S08,福建省,14,13,C14,,福建省,CN,中国,福建省,福建省市场监督管理局,福建省市场监督管理局,中国省区政府部门,综合或未明确,B2_政府配套政策,财政环境劳动土地基建及综合政策全部保留,https://scjgj.fujian.gov.cn/,https://scjgj.fujian.gov.cn/,https://scjgj.fujian.gov.cn/,,,,,CN::福建省市场监督管理局,原表机构名称_独立性未核实,obs_a4a3fc1d5833a4d7244a66f36b,target_83d47e7da1e5be250fda0b5b46c9078c4a2b3824880c6b290285074a8c64ba5f,
S08-R015,S08,福建省,15,14,C15,,福建省,CN,中国,福建省,国家金融监督管理总局--福建监管局,国家金融监督管理总局--福建监管局,中国中央机构省区分支,综合或未明确,B2_政府配套政策,财政环境劳动土地基建及综合政策全部保留,https://www.nfra.gov.cn/branch/fujian/view/pages/index/index.html,https://www.nfra.gov.cn/branch/fujian/view/pages/index/index.html,https://www.nfra.gov.cn/branch/fujian/view/pages/index/index.html,,非站点根路径_需确认栏目适用性,非站点根路径_需确认栏目适用性,,CN::国家金融监督管理总局--福建监管局,各省区发文机关分别保留_同母机构不足以确认同一发布实体,obs_0d72bc65d6fb132ede26f185b7,target_5f2489f6cc6fe26e889bcdba80cc0bb486641f385b7992ca7dd7f98b96daa0eb,
S08-R016,S08,福建省,16,15,C16,,福建省,CN,中国,福建省,中国证券监督管理委员会--福建监管局,中国证券监督管理委员会--福建监管局,中国中央机构省区分支,综合或未明确,B2_政府配套政策,财政环境劳动土地基建及综合政策全部保留,http://www.csrc.gov.cn/fujian/,http://www.csrc.gov.cn/fujian/,http://www.csrc.gov.cn/fujian/,,非站点根路径_需确认栏目适用性,非站点根路径_需确认栏目适用性,,CN::中国证券监督管理委员会--福建监管局,各省区发文机关分别保留_同母机构不足以确认同一发布实体,obs_34a348ae431c9101c51fd30900,target_2fcbf7d8218ef55d1a8af70ad0bf83e57e2f8b07dfb6197b41b155dced457098,
S08-R017,S08,福建省,17,16,C17,,福建省,CN,中国,福建省,福建林业局,福建林业局,中国省区政府部门,土地与生态利用,B2_政府配套政策,财政环境劳动土地基建及综合政策全部保留,https://lyj.fujian.gov.cn/,https://lyj.fujian.gov.cn/,https://lyj.fujian.gov.cn/,,,,,CN::福建林业局,原表机构名称_独立性未核实,obs_ac6051e0be75a551940683ab5a,target_fa0da82eac464a6c8e17593761e89261c96921db19029107f93d85487313e888,
S08-R018,S08,福建省,18,17,C18,,福建省,CN,中国,福建省,国家矿山安全监察局--福建局,国家矿山安全监察局--福建局,中国中央机构省区分支,矿业与资源；安全与应急,B1_矿业能源法律核心,优先矿业政策与法律事件_按国家并行,https://fj.chinamine-safety.gov.cn/index.html,https://fj.chinamine-safety.gov.cn/index.html,https://fj.chinamine-safety.gov.cn/index.html,,,,,CN::国家矿山安全监察局--福建局,各省区发文机关分别保留_同母机构不足以确认同一发布实体,obs_86570cac728b6d932c85d20b6b,target_bb858bfaed31bc3167598df6f3ddd075c0314ff3fae2056ecc1a1ff9818425b4,
S09-R002,S09,湖南省,2,1,C2,,湖南省,CN,中国,湖南省,湖南省自然资源厅,湖南省自然资源厅,中国省区政府部门,矿业与资源,B1_矿业能源法律核心,优先矿业政策与法律事件_按国家并行,https://zrzyt.hunan.gov.cn/,https://zrzyt.hunan.gov.cn/,https://zrzyt.hunan.gov.cn/,,,,,CN::湖南省自然资源厅,原表机构名称_独立性未核实,obs_d22b6d35e922ebbd7031f43d54,target_051706c0326152e9c171507d8b88d53c368c4ea1cd6f632088d5ae8e166d05ae,
S09-R003,S09,湖南省,3,2,C3,,湖南省,CN,中国,湖南省,湖南省财政厅,湖南省财政厅,中国省区政府部门,财税与经济,B2_政府配套政策,财政环境劳动土地基建及综合政策全部保留,https://czt.hunan.gov.cn/,https://czt.hunan.gov.cn/,https://czt.hunan.gov.cn/,,,,,CN::湖南省财政厅,原表机构名称_独立性未核实,obs_ef4874b5b028bb0c298ca39eeb,target_3c1c0a5bf73167435f9db57ad0397759749e964be17d8d1f6c0ca52501dd4bfa,
S09-R004,S09,湖南省,4,3,C4,,湖南省,CN,中国,湖南省,湖南省生态环境厅,湖南省生态环境厅,中国省区政府部门,环境,B2_政府配套政策,财政环境劳动土地基建及综合政策全部保留,https://sthjt.hunan.gov.cn/,https://sthjt.hunan.gov.cn/,https://sthjt.hunan.gov.cn/,,,,,CN::湖南省生态环境厅,原表机构名称_独立性未核实,obs_ae5807700be0ecc95cb3c8db7c,target_9ee04f91d64dbf346e880f5ecc8782c3e05a0f0ec179f79848c72c81648810e0,
S09-R005,S09,湖南省,5,4,C5,,湖南省,CN,中国,湖南省,湖南省人力资源和社会保障厅,湖南省人力资源和社会保障厅,中国省区政府部门,劳动与社会保障,B2_政府配套政策,财政环境劳动土地基建及综合政策全部保留,https://rst.hunan.gov.cn/,https://rst.hunan.gov.cn/,https://rst.hunan.gov.cn/,,,,,CN::湖南省人力资源和社会保障厅,原表机构名称_独立性未核实,obs_2f3b5b1b774259745954c87508,target_d3945ce835c91a586d81d281a678c41642008652230d0678faece87aa38ca17f,
S09-R006,S09,湖南省,6,5,C6,,湖南省,CN,中国,湖南省,湖南省住房和城乡建设厅,湖南省住房和城乡建设厅,中国省区政府部门,基础设施与产业,B2_政府配套政策,财政环境劳动土地基建及综合政策全部保留,https://zjt.hunan.gov.cn/,https://zjt.hunan.gov.cn/,https://zjt.hunan.gov.cn/,,,,,CN::湖南省住房和城乡建设厅,原表机构名称_独立性未核实,obs_43caf4b05fe1a419af50943740,target_077c3bd08f92c3c4f7ac4401651aa1a22f4f34dc49ca46a1a0dbd7798840fec6,
S09-R007,S09,湖南省,7,6,C7,,湖南省,CN,中国,湖南省,湖南省交通运输厅,湖南省交通运输厅,中国省区政府部门,基础设施与产业,B2_政府配套政策,财政环境劳动土地基建及综合政策全部保留,https://jtt.hunan.gov.cn/,https://jtt.hunan.gov.cn/,https://jtt.hunan.gov.cn/,,,,,CN::湖南省交通运输厅,原表机构名称_独立性未核实,obs_ff83cab8bc0b676400fcf2d125,target_ffb614a2a53d49e3bdc49ab0ce154b2736630d599c4a6b245d103320ca990dbe,
S09-R008,S09,湖南省,8,7,C8,,湖南省,CN,中国,湖南省,湖南省水利厅,湖南省水利厅,中国省区政府部门,水资源,B2_政府配套政策,财政环境劳动土地基建及综合政策全部保留,https://slt.hunan.gov.cn/,https://slt.hunan.gov.cn/,https://slt.hunan.gov.cn/,,,,,CN::湖南省水利厅,原表机构名称_独立性未核实,obs_ddb2faebe503bf423df032e42d,target_e42e30bd4bd9573f753bfd1a5731cefe1097c748e1664abf42353426a4667761,
S09-R009,S09,湖南省,9,8,C9,,湖南省,CN,中国,湖南省,湖南省农业农村厅,湖南省农业农村厅,中国省区政府部门,土地与生态利用,B2_政府配套政策,财政环境劳动土地基建及综合政策全部保留,https://agri.hunan.gov.cn/,https://agri.hunan.gov.cn/,https://agri.hunan.gov.cn/,,,,,CN::湖南省农业农村厅,原表机构名称_独立性未核实,obs_dd51748d96c3c4f3e6f010227e,target_62f3267135df275f4466a39e36d6b04515383d381056dac73c6c9bf25eadaf47,
S09-R010,S09,湖南省,10,9,C10,,湖南省,CN,中国,湖南省,湖南省商务厅,湖南省商务厅,中国省区政府部门,财税与经济,B2_政府配套政策,财政环境劳动土地基建及综合政策全部保留,https://swt.hunan.gov.cn/,https://swt.hunan.gov.cn/,https://swt.hunan.gov.cn/,,,,,CN::湖南省商务厅,原表机构名称_独立性未核实,obs_83e2fffd675035cd5fd304bb1e,target_d03e52bb48c6a3d024120b0d5b8438e47faaf4e8763ed8f599131118b637d3d2,
S09-R011,S09,湖南省,11,10,C11,,湖南省,CN,中国,湖南省,湖南省卫生健康委员会,湖南省卫生健康委员会,中国省区政府部门,综合或未明确,B2_政府配套政策,财政环境劳动土地基建及综合政策全部保留,https://wjw.hunan.gov.cn/,https://wjw.hunan.gov.cn/,https://wjw.hunan.gov.cn/,,,,,CN::湖南省卫生健康委员会,原表机构名称_独立性未核实,obs_efd7dc98c2da22313fe0249473,target_d47a85069d3d9066511727949c31d26fa0038653bd14137d44aac46199fb448e,
S09-R012,S09,湖南省,12,11,C12,,湖南省,CN,中国,湖南省,湖南省应急管理厅,湖南省应急管理厅,中国省区政府部门,安全与应急,B2_政府配套政策,财政环境劳动土地基建及综合政策全部保留,https://yjt.hunan.gov.cn/yjt/index.html,https://yjt.hunan.gov.cn/yjt/index.html,https://yjt.hunan.gov.cn/yjt/index.html,,非站点根路径_需确认栏目适用性,非站点根路径_需确认栏目适用性,,CN::湖南省应急管理厅,原表机构名称_独立性未核实,obs_46dce017b0f63c6e773f94cf79,target_770f9e0feea67ce2e1ffbbd20b37dedf1b37367be1db04af6e4168763574f7d3,
S09-R013,S09,湖南省,13,12,C13,,湖南省,CN,中国,湖南省,湖南省国有资产监督管理委员会,湖南省国有资产监督管理委员会,中国省区政府部门,综合或未明确,B2_政府配套政策,财政环境劳动土地基建及综合政策全部保留,http://gzw.hunan.gov.cn/,http://gzw.hunan.gov.cn/,http://gzw.hunan.gov.cn/,,,,,CN::湖南省国有资产监督管理委员会,原表机构名称_独立性未核实,obs_37a1ed3d8722cd346b68f2ca56,target_35d2f7dcf364e0e10075493a71243cdc23b2477014ddbc4da1ecc819e0cb1cc5,
S09-R014,S09,湖南省,14,13,C14,,湖南省,CN,中国,湖南省,湖南省市场监督管理局,湖南省市场监督管理局,中国省区政府部门,综合或未明确,B2_政府配套政策,财政环境劳动土地基建及综合政策全部保留,http://amr.hunan.gov.cn/,http://amr.hunan.gov.cn/,http://amr.hunan.gov.cn/,,,,,CN::湖南省市场监督管理局,原表机构名称_独立性未核实,obs_2bbab6811907dc1fa8ad1192b0,target_88d4287c1f36f5e911229eae438c7a07f01abeb8b0abe7952a30a7eb4e1e4a6c,
S09-R015,S09,湖南省,15,14,C15,,湖南省,CN,中国,湖南省,国家金融监督管理总局--湖南监管局,国家金融监督管理总局--湖南监管局,中国中央机构省区分支,综合或未明确,B2_政府配套政策,财政环境劳动土地基建及综合政策全部保留,https://www.nfra.gov.cn/branch/hunan/view/pages/index/index.html,https://www.nfra.gov.cn/branch/hunan/view/pages/index/index.html,https://www.nfra.gov.cn/branch/hunan/view/pages/index/index.html,,非站点根路径_需确认栏目适用性,非站点根路径_需确认栏目适用性,,CN::国家金融监督管理总局--湖南监管局,各省区发文机关分别保留_同母机构不足以确认同一发布实体,obs_41dee01852a23898f3ceb78d23,target_7d70a5c8df37a0796a3839d70dbf8432be22ccce3d937d0aa77af58a81beea2a,
S09-R016,S09,湖南省,16,15,C16,,湖南省,CN,中国,湖南省,中国证券监督管理委员会--湖南监管局,中国证券监督管理委员会--湖南监管局,中国中央机构省区分支,综合或未明确,B2_政府配套政策,财政环境劳动土地基建及综合政策全部保留,http://www.csrc.gov.cn/hunan/index.shtml,http://www.csrc.gov.cn/hunan/index.shtml,http://www.csrc.gov.cn/hunan/index.shtml,,非站点根路径_需确认栏目适用性,非站点根路径_需确认栏目适用性,,CN::中国证券监督管理委员会--湖南监管局,各省区发文机关分别保留_同母机构不足以确认同一发布实体,obs_5d4d170871dce21c7da987b4df,target_ec387614174f660d15fdc3fefa6932658990fc7c7fa0397f28e0c046fcb8f3e6,
S09-R017,S09,湖南省,17,16,C17,,湖南省,CN,中国,湖南省,湖南林业局,湖南林业局,中国省区政府部门,土地与生态利用,B2_政府配套政策,财政环境劳动土地基建及综合政策全部保留,https://lyj.hunan.gov.cn/lyj/xxgk_71167/jgzn/zsjg/index.html,https://lyj.hunan.gov.cn/lyj/xxgk_71167/jgzn/zsjg/index.html,https://lyj.hunan.gov.cn/lyj/xxgk_71167/jgzn/zsjg/index.html,,非站点根路径_需确认栏目适用性,非站点根路径_需确认栏目适用性,,CN::湖南林业局,原表机构名称_独立性未核实,obs_8ea875472579edc42e9b89604f,target_c7d87dfb582a9c2da54ab565094fe3bcd4b0302ab9ea2c2ff80f44d67cb1d36b,
S09-R018,S09,湖南省,18,17,C18,,湖南省,CN,中国,湖南省,国家矿山安全监察局--湖南局,国家矿山安全监察局--湖南局,中国中央机构省区分支,矿业与资源；安全与应急,B1_矿业能源法律核心,优先矿业政策与法律事件_按国家并行,https://hun.chinamine-safety.gov.cn/,https://hun.chinamine-safety.gov.cn/,https://hun.chinamine-safety.gov.cn/,,,,,CN::国家矿山安全监察局--湖南局,各省区发文机关分别保留_同母机构不足以确认同一发布实体,obs_0c0314cb4deae92e6b12ea4f8a,target_75bb8e63c55628b51af017448353273c6838a13130894fc1491c342b6c04db27,
S10-R002,S10,贵州省,2,1,C2,,贵州省,CN,中国,贵州省,贵州省自然资源厅,贵州省自然资源厅,中国省区政府部门,矿业与资源,B1_矿业能源法律核心,优先矿业政策与法律事件_按国家并行,https://zrzy.guizhou.gov.cn/,https://zrzy.guizhou.gov.cn/,https://zrzy.guizhou.gov.cn/,,,,,CN::贵州省自然资源厅,原表机构名称_独立性未核实,obs_be423d1b81df7794ef16ad4c87,target_83968c7c7647b4bfb1988c006fa4327c5a860895227a836547e139c7a9450f84,
S10-R003,S10,贵州省,3,2,C3,,贵州省,CN,中国,贵州省,贵州省财政厅,贵州省财政厅,中国省区政府部门,财税与经济,B2_政府配套政策,财政环境劳动土地基建及综合政策全部保留,https://czt.guizhou.gov.cn/,https://czt.guizhou.gov.cn/,https://czt.guizhou.gov.cn/,,,,,CN::贵州省财政厅,原表机构名称_独立性未核实,obs_d0f0c1512fa06931bec0678abd,target_81ea4b17923ac7bb2d042cef06fed3cf201a4257262ace511c754ca0979582f0,
S10-R004,S10,贵州省,4,3,C4,,贵州省,CN,中国,贵州省,贵州省生态环境厅,贵州省生态环境厅,中国省区政府部门,环境,B2_政府配套政策,财政环境劳动土地基建及综合政策全部保留,https://sthj.guizhou.gov.cn/,https://sthj.guizhou.gov.cn/,https://sthj.guizhou.gov.cn/,,,,,CN::贵州省生态环境厅,原表机构名称_独立性未核实,obs_3323f6a0a6e506a48fc7b4fa75,target_586d4c548f07ce00b0a2e08090040060ebbab89b1c3ae17b295429ea7d274369,
S10-R005,S10,贵州省,5,4,C5,,贵州省,CN,中国,贵州省,贵州省人力资源和社会保障厅,贵州省人力资源和社会保障厅,中国省区政府部门,劳动与社会保障,B2_政府配套政策,财政环境劳动土地基建及综合政策全部保留,https://rst.guizhou.gov.cn/,https://rst.guizhou.gov.cn/,https://rst.guizhou.gov.cn/,,,,,CN::贵州省人力资源和社会保障厅,原表机构名称_独立性未核实,obs_bfcd29095968a55889c043e151,target_1ffd5fa751aeac6aac22a4106bace6bbf9a2e3b5ea92e184aa50c5cc5a2e1c7d,
S10-R006,S10,贵州省,6,5,C6,,贵州省,CN,中国,贵州省,贵州省住房和城乡建设厅,贵州省住房和城乡建设厅,中国省区政府部门,基础设施与产业,B2_政府配套政策,财政环境劳动土地基建及综合政策全部保留,https://zfcxjst.guizhou.gov.cn/,https://zfcxjst.guizhou.gov.cn/,https://zfcxjst.guizhou.gov.cn/,,,,,CN::贵州省住房和城乡建设厅,原表机构名称_独立性未核实,obs_66951b5de2830fd4b9e33a6730,target_a831962024a968e5888c204f13ccf05d705b4f5c2dbbda33bddf4ed3e53bd540,
S10-R007,S10,贵州省,7,6,C7,,贵州省,CN,中国,贵州省,贵州省交通运输厅,贵州省交通运输厅,中国省区政府部门,基础设施与产业,B2_政府配套政策,财政环境劳动土地基建及综合政策全部保留,https://jt.guizhou.gov.cn/,https://jt.guizhou.gov.cn/,https://jt.guizhou.gov.cn/,,,,,CN::贵州省交通运输厅,原表机构名称_独立性未核实,obs_afe48499f292f0906dc9ef6281,target_953f0f7d062ca348fdb908e7d1c1a14a2d7e3966fb0aba7018b698180c11fe44,
S10-R008,S10,贵州省,8,7,C8,,贵州省,CN,中国,贵州省,贵州省水利厅,贵州省水利厅,中国省区政府部门,水资源,B2_政府配套政策,财政环境劳动土地基建及综合政策全部保留,https://mwr.guizhou.gov.cn/,https://mwr.guizhou.gov.cn/,https://mwr.guizhou.gov.cn/,,,,,CN::贵州省水利厅,原表机构名称_独立性未核实,obs_7b428596c602589ffa9e52ff60,target_2db3533e1e7e806b9b6c9662636da974eac58b2af26363dd84b9e500fc9b3fb5,
S10-R009,S10,贵州省,9,8,C9,,贵州省,CN,中国,贵州省,贵州省农业农村厅,贵州省农业农村厅,中国省区政府部门,土地与生态利用,B2_政府配套政策,财政环境劳动土地基建及综合政策全部保留,https://nynct.guizhou.gov.cn/,https://nynct.guizhou.gov.cn/,https://nynct.guizhou.gov.cn/,,,,,CN::贵州省农业农村厅,原表机构名称_独立性未核实,obs_6cda2959a5e9d800ed4b08140f,target_38035b962fbbc5f1dbd394b0cbad7cadc89963852f2a5935d8478385dc53a253,
S10-R010,S10,贵州省,10,9,C10,,贵州省,CN,中国,贵州省,贵州省商务厅,贵州省商务厅,中国省区政府部门,财税与经济,B2_政府配套政策,财政环境劳动土地基建及综合政策全部保留,https://swt.guizhou.gov.cn/,https://swt.guizhou.gov.cn/,https://swt.guizhou.gov.cn/,,,,,CN::贵州省商务厅,原表机构名称_独立性未核实,obs_c0fb3e362e0cc31e727ae627b6,target_5e615405704ccbb77e773c74017f758a43ae99e53c8c39795ebb66f8fe49a926,
S10-R011,S10,贵州省,11,10,C11,,贵州省,CN,中国,贵州省,贵州省卫生健康委员会,贵州省卫生健康委员会,中国省区政府部门,综合或未明确,B2_政府配套政策,财政环境劳动土地基建及综合政策全部保留,https://wjw.guizhou.gov.cn/,https://wjw.guizhou.gov.cn/,https://wjw.guizhou.gov.cn/,,,,,CN::贵州省卫生健康委员会,原表机构名称_独立性未核实,obs_1ae4296d4cb2f0b8da19558a08,target_7805cc8150ab5b2ad16921227913f1d7edc6a05ee157a66d274a75c28c9f6df8,
S10-R012,S10,贵州省,12,11,C12,,贵州省,CN,中国,贵州省,贵州省应急管理厅,贵州省应急管理厅,中国省区政府部门,安全与应急,B2_政府配套政策,财政环境劳动土地基建及综合政策全部保留,https://yjgl.guizhou.gov.cn/index.html,https://yjgl.guizhou.gov.cn/index.html,https://yjgl.guizhou.gov.cn/index.html,,,,,CN::贵州省应急管理厅,原表机构名称_独立性未核实,obs_de533cd06e4876a420eaef844e,target_d8e4a150774865060bf40b43ef228ce25ef1120300afa355377a987c94f94a02,
S10-R013,S10,贵州省,13,12,C13,,贵州省,CN,中国,贵州省,贵州省国有资产监督管理委员会,贵州省国有资产监督管理委员会,中国省区政府部门,综合或未明确,B2_政府配套政策,财政环境劳动土地基建及综合政策全部保留,https://gzw.guizhou.gov.cn/,https://gzw.guizhou.gov.cn/,https://gzw.guizhou.gov.cn/,,,,,CN::贵州省国有资产监督管理委员会,原表机构名称_独立性未核实,obs_0f2c4b0ecb0c0ea453675b574a,target_d63748bb909f2da93bb82b2b2366ba147127400aad38a267af9c0b8f8fe454df,
S10-R014,S10,贵州省,14,13,C14,,贵州省,CN,中国,贵州省,贵州省市场监督管理局,贵州省市场监督管理局,中国省区政府部门,综合或未明确,B2_政府配套政策,财政环境劳动土地基建及综合政策全部保留,https://amr.guizhou.gov.cn/,https://amr.guizhou.gov.cn/,https://amr.guizhou.gov.cn/,,,,,CN::贵州省市场监督管理局,原表机构名称_独立性未核实,obs_99a43b63722626502cff96eb96,target_3dbff1287575ca4ff0a11b849161c7f4d2e026a36f9c01a1c81de830d6f4bc97,
S10-R015,S10,贵州省,15,14,C15,,贵州省,CN,中国,贵州省,国家金融监督管理总局--贵州监管局,国家金融监督管理总局--贵州监管局,中国中央机构省区分支,综合或未明确,B2_政府配套政策,财政环境劳动土地基建及综合政策全部保留,https://www.nfra.gov.cn/branch/guizhou/view/pages/index/index.html,https://www.nfra.gov.cn/branch/guizhou/view/pages/index/index.html,https://www.nfra.gov.cn/branch/guizhou/view/pages/index/index.html,,非站点根路径_需确认栏目适用性,非站点根路径_需确认栏目适用性,,CN::国家金融监督管理总局--贵州监管局,各省区发文机关分别保留_同母机构不足以确认同一发布实体,obs_7ec6ecc74e9624e01dbafee2af,target_044ddf4a87b6d55cd73bdd54c76c9945d9b9228e962940184225e444795e8071,
S10-R016,S10,贵州省,16,15,C16,,贵州省,CN,中国,贵州省,中国证券监督管理委员会--贵州监管局,中国证券监督管理委员会--贵州监管局,中国中央机构省区分支,综合或未明确,B2_政府配套政策,财政环境劳动土地基建及综合政策全部保留,http://www.csrc.gov.cn/guizhou/,http://www.csrc.gov.cn/guizhou/,http://www.csrc.gov.cn/guizhou/,,非站点根路径_需确认栏目适用性,非站点根路径_需确认栏目适用性,,CN::中国证券监督管理委员会--贵州监管局,各省区发文机关分别保留_同母机构不足以确认同一发布实体,obs_462fec3a67c7448379c59b0519,target_fbf2f9d1a731d1748134db690ea675a1fd2ff78ad18d6db6a50d0922f1992274,
S10-R017,S10,贵州省,17,16,C17,,贵州省,CN,中国,贵州省,贵州林业局,贵州林业局,中国省区政府部门,土地与生态利用,B2_政府配套政策,财政环境劳动土地基建及综合政策全部保留,https://lyj.guizhou.gov.cn/,https://lyj.guizhou.gov.cn/,https://lyj.guizhou.gov.cn/,,,,,CN::贵州林业局,原表机构名称_独立性未核实,obs_0e32da9b84d205a5671e29b099,target_3909875b5ba7ebf3786728adb520ca7877acab088b97ac456169852edbf47ac0,
S10-R018,S10,贵州省,18,17,C18,,贵州省,CN,中国,贵州省,国家矿山安全监察局--贵州局,国家矿山安全监察局--贵州局,中国中央机构省区分支,矿业与资源；安全与应急,B1_矿业能源法律核心,优先矿业政策与法律事件_按国家并行,https://gz.chinamine-safety.gov.cn/index.html,https://gz.chinamine-safety.gov.cn/index.html,https://gz.chinamine-safety.gov.cn/index.html,,,,,CN::国家矿山安全监察局--贵州局,各省区发文机关分别保留_同母机构不足以确认同一发布实体,obs_1070a06bf2294a2963bfcd202a,target_e44aac669ab0a3899990b1ec05434f7cd15f426142f0bd0c4b428c1ee1b592d5,
S11-R002,S11,甘肃省,2,1,C2,,甘肃省,CN,中国,甘肃省,甘肃省自然资源厅,甘肃省自然资源厅,中国省区政府部门,矿业与资源,B1_矿业能源法律核心,优先矿业政策与法律事件_按国家并行,https://zrzy.gansu.gov.cn/,https://zrzy.gansu.gov.cn/,https://zrzy.gansu.gov.cn/,,,,,CN::甘肃省自然资源厅,原表机构名称_独立性未核实,obs_a333772f7d3682b7398ecc0e07,target_ea2d9266570d90df49cc05e784ed98d93775f8d8300e2d998e212737335ce5db,
S11-R003,S11,甘肃省,3,2,C3,,甘肃省,CN,中国,甘肃省,甘肃省财政厅,甘肃省财政厅,中国省区政府部门,财税与经济,B2_政府配套政策,财政环境劳动土地基建及综合政策全部保留,https://czt.gansu.gov.cn/czt/c107470/gansukuaijiwang.shtml,https://czt.gansu.gov.cn/czt/c107470/gansukuaijiwang.shtml,https://czt.gansu.gov.cn/czt/c107470/gansukuaijiwang.shtml,,非站点根路径_需确认栏目适用性,非站点根路径_需确认栏目适用性,,CN::甘肃省财政厅,原表机构名称_独立性未核实,obs_755bdab4b498632ba255e0a68b,target_e168a2db7231b43aeb398a244ec519d693b6ce6b863be0d7c6ecdb0d003dc2a5,
S11-R004,S11,甘肃省,4,3,C4,,甘肃省,CN,中国,甘肃省,甘肃省生态环境厅,甘肃省生态环境厅,中国省区政府部门,环境,B2_政府配套政策,财政环境劳动土地基建及综合政策全部保留,https://sthj.gansu.gov.cn/,https://sthj.gansu.gov.cn/,https://sthj.gansu.gov.cn/,,,,,CN::甘肃省生态环境厅,原表机构名称_独立性未核实,obs_353d03938887f69616610092dd,target_117bff9560cd098982c0000aa868e9dd7c520a7d6a68d54e6a9067182e16b038,
S11-R005,S11,甘肃省,5,4,C5,,甘肃省,CN,中国,甘肃省,甘肃省人力资源和社会保障厅,甘肃省人力资源和社会保障厅,中国省区政府部门,劳动与社会保障,B2_政府配套政策,财政环境劳动土地基建及综合政策全部保留,https://rst.gansu.gov.cn/,https://rst.gansu.gov.cn/,https://rst.gansu.gov.cn/,,,,,CN::甘肃省人力资源和社会保障厅,原表机构名称_独立性未核实,obs_6431d7fe9b07b03fa414608628,target_4ecbc44520938363332a9fc1a24bda5061f3b13de694fcd506ea3b81df500f51,
S11-R006,S11,甘肃省,6,5,C6,,甘肃省,CN,中国,甘肃省,甘肃省住房和城乡建设厅,甘肃省住房和城乡建设厅,中国省区政府部门,基础设施与产业,B2_政府配套政策,财政环境劳动土地基建及综合政策全部保留,https://zjt.gansu.gov.cn/,https://zjt.gansu.gov.cn/,https://zjt.gansu.gov.cn/,,,,,CN::甘肃省住房和城乡建设厅,原表机构名称_独立性未核实,obs_10f3e9322e018cb170a0dfc097,target_a1e1fb7104153b3e499c5cd2d8ca97f70e7dda994f9dbfe9603d9ebe547e710f,
S11-R007,S11,甘肃省,7,6,C7,,甘肃省,CN,中国,甘肃省,甘肃省交通运输厅,甘肃省交通运输厅,中国省区政府部门,基础设施与产业,B2_政府配套政策,财政环境劳动土地基建及综合政策全部保留,https://jtys.gansu.gov.cn/jtys/c109192/xxgk_list.shtml,https://jtys.gansu.gov.cn/jtys/c109192/xxgk_list.shtml,https://jtys.gansu.gov.cn/jtys/c109192/xxgk_list.shtml,,非站点根路径_需确认栏目适用性,非站点根路径_需确认栏目适用性,,CN::甘肃省交通运输厅,原表机构名称_独立性未核实,obs_3d9937d4d0adb3937bdfd41f56,target_2bda089f55991abde06314a2435aa6368b780ab4059f60c8e49961f6fa7f7503,
S11-R008,S11,甘肃省,8,7,C8,,甘肃省,CN,中国,甘肃省,甘肃省水利厅,甘肃省水利厅,中国省区政府部门,水资源,B2_政府配套政策,财政环境劳动土地基建及综合政策全部保留,https://slt.gansu.gov.cn/,https://slt.gansu.gov.cn/,https://slt.gansu.gov.cn/,,,,,CN::甘肃省水利厅,原表机构名称_独立性未核实,obs_6ca6e0012827fb64c97367cffb,target_84788e15fef19d986eff8974f33bd2dcc3aa512ba955e67ba5eea026333c050c,
S11-R009,S11,甘肃省,9,8,C9,,甘肃省,CN,中国,甘肃省,甘肃省农业农村厅,甘肃省农业农村厅,中国省区政府部门,土地与生态利用,B2_政府配套政策,财政环境劳动土地基建及综合政策全部保留,https://nync.gansu.gov.cn/,https://nync.gansu.gov.cn/,https://nync.gansu.gov.cn/,,,,,CN::甘肃省农业农村厅,原表机构名称_独立性未核实,obs_e9af5f0928430e0c5d09c3b372,target_bbe265ef4644730753eaf6b2d77e0e471abba0a43257abbe327369579cac96af,
S11-R010,S11,甘肃省,10,9,C10,,甘肃省,CN,中国,甘肃省,甘肃省商务厅,甘肃省商务厅,中国省区政府部门,财税与经济,B2_政府配套政策,财政环境劳动土地基建及综合政策全部保留,https://swt.gansu.gov.cn/,https://swt.gansu.gov.cn/,https://swt.gansu.gov.cn/,,,,,CN::甘肃省商务厅,原表机构名称_独立性未核实,obs_f3d7476b6eccd9aee6fea7b02a,target_5105743a70fa122d7244a1e9467d445e74c54a81cd2c0c0e28b15994eab520ca,
S11-R011,S11,甘肃省,11,10,C11,,甘肃省,CN,中国,甘肃省,甘肃省卫生健康委员会,甘肃省卫生健康委员会,中国省区政府部门,综合或未明确,B2_政府配套政策,财政环境劳动土地基建及综合政策全部保留,https://wsjk.gansu.gov.cn/,https://wsjk.gansu.gov.cn/,https://wsjk.gansu.gov.cn/,,,,,CN::甘肃省卫生健康委员会,原表机构名称_独立性未核实,obs_aea33eeb3c73d1578603b1b68c,target_c03fb04c38d92ad2f66043e0ba3bd7f2939d11a6e7d1044db68d4abda3dd7d62,
S11-R012,S11,甘肃省,12,11,C12,,甘肃省,CN,中国,甘肃省,甘肃省应急管理厅,甘肃省应急管理厅,中国省区政府部门,安全与应急,B2_政府配套政策,财政环境劳动土地基建及综合政策全部保留,https://yjgl.gansu.gov.cn/,https://yjgl.gansu.gov.cn/,https://yjgl.gansu.gov.cn/,,,,,CN::甘肃省应急管理厅,原表机构名称_独立性未核实,obs_62782533613969c4a07ee969aa,target_5216cc223d6c59529143519218cd5345cd79c8e24372b0f153332bbe6ee1a8b3,
S11-R013,S11,甘肃省,13,12,C13,,甘肃省,CN,中国,甘肃省,甘肃省国有资产监督管理委员会,甘肃省国有资产监督管理委员会,中国省区政府部门,综合或未明确,B2_政府配套政策,财政环境劳动土地基建及综合政策全部保留,https://gzw.gansu.gov.cn/,https://gzw.gansu.gov.cn/,https://gzw.gansu.gov.cn/,,,,,CN::甘肃省国有资产监督管理委员会,原表机构名称_独立性未核实,obs_cbd8ac85a438e7282c65581ca0,target_87b7dbd3b0eb1753f379c1c7bbb8acfc2ed7ae6d9d63b258b64924dd9b4ed98b,
S11-R014,S11,甘肃省,14,13,C14,,甘肃省,CN,中国,甘肃省,甘肃省市场监督管理局,甘肃省市场监督管理局,中国省区政府部门,综合或未明确,B2_政府配套政策,财政环境劳动土地基建及综合政策全部保留,https://scjg.gansu.gov.cn/,https://scjg.gansu.gov.cn/,https://scjg.gansu.gov.cn/,,,,,CN::甘肃省市场监督管理局,原表机构名称_独立性未核实,obs_ba8254b9ee7aa1b06cc02c816b,target_84c4d1c7e8e47eb10fd6a35b609a28779e9c8a966f7e64bf635a7b0db29af02a,
S11-R015,S11,甘肃省,15,14,C15,,甘肃省,CN,中国,甘肃省,国家金融监督管理总局--甘肃监管局,国家金融监督管理总局--甘肃监管局,中国中央机构省区分支,综合或未明确,B2_政府配套政策,财政环境劳动土地基建及综合政策全部保留,https://www.nfra.gov.cn/branch/gansu/view/pages/index/index.html,https://www.nfra.gov.cn/branch/gansu/view/pages/index/index.html,https://www.nfra.gov.cn/branch/gansu/view/pages/index/index.html,,非站点根路径_需确认栏目适用性,非站点根路径_需确认栏目适用性,,CN::国家金融监督管理总局--甘肃监管局,各省区发文机关分别保留_同母机构不足以确认同一发布实体,obs_43f8126813123b97a9cf79e151,target_ed843d62d4ae21eb15187f895d5470a3c0aed9dbfc92fd5d6ce38d56cc6a7bdd,
S11-R016,S11,甘肃省,16,15,C16,,甘肃省,CN,中国,甘肃省,中国证券监督管理委员会--甘肃监管局,中国证券监督管理委员会--甘肃监管局,中国中央机构省区分支,综合或未明确,B2_政府配套政策,财政环境劳动土地基建及综合政策全部保留,http://www.csrc.gov.cn/gansu/index.shtml,http://www.csrc.gov.cn/gansu/index.shtml,http://www.csrc.gov.cn/gansu/index.shtml,,非站点根路径_需确认栏目适用性,非站点根路径_需确认栏目适用性,,CN::中国证券监督管理委员会--甘肃监管局,各省区发文机关分别保留_同母机构不足以确认同一发布实体,obs_9e1b328b9774a1659601f0e1ef,target_33913a81556526f03300a8759b449bfda48d4315a3f087f221964ba98731baa1,
S11-R017,S11,甘肃省,17,16,C17,,甘肃省,CN,中国,甘肃省,甘肃林业和草原局,甘肃林业和草原局,中国省区政府部门,土地与生态利用,B2_政府配套政策,财政环境劳动土地基建及综合政策全部保留,http://gs.news.cn/lcgs/index.htm,http://gs.news.cn/lcgs/index.htm,http://gs.news.cn/lcgs/index.htm,,非站点根路径_需确认栏目适用性,非站点根路径_需确认栏目适用性,,CN::甘肃林业和草原局,原表机构名称_独立性未核实,obs_e97c11505f639a986c6266a274,target_c7938a991088c38267a5ba1e38bc20005c13839588195d45952addc8d5edba50,
S11-R018,S11,甘肃省,18,17,C18,,甘肃省,CN,中国,甘肃省,国家矿山安全监察局--甘肃局,国家矿山安全监察局--甘肃局,中国中央机构省区分支,矿业与资源；安全与应急,B1_矿业能源法律核心,优先矿业政策与法律事件_按国家并行,https://gs.chinamine-safety.gov.cn/web/webIndex.shtml,https://gs.chinamine-safety.gov.cn/web/webIndex.shtml,https://gs.chinamine-safety.gov.cn/web/webIndex.shtml,,非站点根路径_需确认栏目适用性,非站点根路径_需确认栏目适用性,,CN::国家矿山安全监察局--甘肃局,各省区发文机关分别保留_同母机构不足以确认同一发布实体,obs_5fa5212aef2bc9da468f917c5a,target_069f132717bc2bc3eefc14de0c54e143ac95773640e855055c936ae329199324,
S12-R002,S12,青海省,2,1,C2,,青海省,CN,中国,青海省,青海省自然资源厅,青海省自然资源厅,中国省区政府部门,矿业与资源,B1_矿业能源法律核心,优先矿业政策与法律事件_按国家并行,https://zrzyt.qinghai.gov.cn/dt,https://zrzyt.qinghai.gov.cn/dt,https://zrzyt.qinghai.gov.cn/dt,,非站点根路径_需确认栏目适用性,非站点根路径_需确认栏目适用性,,CN::青海省自然资源厅,原表机构名称_独立性未核实,obs_097f3c59cb7e98d905b9f9c927,target_9764ac21f5730e9c47e656daefb4b8ad252331c5ca2c41760b3d3140c53d5129,
S12-R003,S12,青海省,3,2,C3,,青海省,CN,中国,青海省,青海省财政厅,青海省财政厅,中国省区政府部门,财税与经济,B2_政府配套政策,财政环境劳动土地基建及综合政策全部保留,https://czt.qinghai.gov.cn/?from=123.xtmm.cn,https://czt.qinghai.gov.cn/?from=123.xtmm.cn,https://czt.qinghai.gov.cn/?from=123.xtmm.cn,,,,,CN::青海省财政厅,原表机构名称_独立性未核实,obs_6adc0bc8e2c290a6982cdf1e8c,target_93d9f18a83dd374d0c0655e01ffa3497c79efd34d072742cfe386bd072241cb3,
S12-R004,S12,青海省,4,3,C4,,青海省,CN,中国,青海省,青海省生态环境厅,青海省生态环境厅,中国省区政府部门,环境,B2_政府配套政策,财政环境劳动土地基建及综合政策全部保留,https://sthjt.qinghai.gov.cn/gzfw/ywxtrk/,https://sthjt.qinghai.gov.cn/gzfw/ywxtrk/,https://sthjt.qinghai.gov.cn/gzfw/ywxtrk/,,非站点根路径_需确认栏目适用性,非站点根路径_需确认栏目适用性,,CN::青海省生态环境厅,原表机构名称_独立性未核实,obs_b6d118c63ef5a8e9d3b5e98c3b,target_b3e7801bf3bf86c948741c586cdf954efcff825f1fcae71ee19bb3f277471585,
S12-R005,S12,青海省,5,4,C5,,青海省,CN,中国,青海省,青海省人力资源和社会保障厅,青海省人力资源和社会保障厅,中国省区政府部门,劳动与社会保障,B2_政府配套政策,财政环境劳动土地基建及综合政策全部保留,https://rst.qinghai.gov.cn/zxzx.html,https://rst.qinghai.gov.cn/zxzx.html,https://rst.qinghai.gov.cn/zxzx.html,,非站点根路径_需确认栏目适用性,非站点根路径_需确认栏目适用性,,CN::青海省人力资源和社会保障厅,原表机构名称_独立性未核实,obs_b4fb5ddcf42ca06b362138c260,target_b581bdbcfb2c8bdfe4fe0211427b235c18b0ba915a42b32947ccfb04f1dae301,
S12-R006,S12,青海省,6,5,C6,,青海省,CN,中国,青海省,青海省住房和城乡建设厅,青海省住房和城乡建设厅,中国省区政府部门,基础设施与产业,B2_政府配套政策,财政环境劳动土地基建及综合政策全部保留,http://zjt.qinghai.gov.cn/banshi.html,http://zjt.qinghai.gov.cn/banshi.html,http://zjt.qinghai.gov.cn/banshi.html,,非站点根路径_需确认栏目适用性,非站点根路径_需确认栏目适用性,,CN::青海省住房和城乡建设厅,原表机构名称_独立性未核实,obs_dc82085a5133ffca4c3b6cb363,target_5888fcb52a52874eb80a8957dae1415893cd0f455d5eac08a12ada17c9d5695c,
S12-R007,S12,青海省,7,6,C7,,青海省,CN,中国,青海省,青海省交通运输厅,青海省交通运输厅,中国省区政府部门,基础设施与产业,B2_政府配套政策,财政环境劳动土地基建及综合政策全部保留,https://jtyst.qinghai.gov.cn/,https://jtyst.qinghai.gov.cn/,https://jtyst.qinghai.gov.cn/,,,,,CN::青海省交通运输厅,原表机构名称_独立性未核实,obs_e1de5be667a8731abe63d83f8d,target_eedb19152b7a6500fbbcc53302e897c5580c92ef6b5a423e0500ae911597c356,
S12-R008,S12,青海省,8,7,C8,,青海省,CN,中国,青海省,青海省水利厅,青海省水利厅,中国省区政府部门,水资源,B2_政府配套政策,财政环境劳动土地基建及综合政策全部保留,https://slt.qinghai.gov.cn/articles/information/list?cid=11,https://slt.qinghai.gov.cn/articles/information/list?cid=11,https://slt.qinghai.gov.cn/articles/information/list?cid=11,,非站点根路径_需确认栏目适用性,非站点根路径_需确认栏目适用性,,CN::青海省水利厅,原表机构名称_独立性未核实,obs_31a538599805dbe00e9b488756,target_d281a1912f91867d3179cda6a292914a910aa8e65f4a38683a74ebf6444366b8,
S12-R009,S12,青海省,9,8,C9,,青海省,CN,中国,青海省,青海省农业农村厅,青海省农业农村厅,中国省区政府部门,土地与生态利用,B2_政府配套政策,财政环境劳动土地基建及综合政策全部保留,http://nynct.qinghai.gov.cn/#/,http://nynct.qinghai.gov.cn/,http://nynct.qinghai.gov.cn/#/,,显示网址与超链接目标不一致_只用显示网址分类;SPA片段路由_不能当普通锚点删除,显示网址与超链接目标不一致_只用显示网址分类；SPA片段路由_不能当普通锚点删除,,CN::青海省农业农村厅,原表机构名称_独立性未核实,obs_d82217fe5fe691cc09c9c8768e,target_9819ef6813cf980abdf2f4436c2e34298bc8c1595ca989c06f5a8a3e4039c966,
S12-R010,S12,青海省,10,9,C10,,青海省,CN,中国,青海省,青海省商务厅,青海省商务厅,中国省区政府部门,财税与经济,B2_政府配套政策,财政环境劳动土地基建及综合政策全部保留,http://swt.qinghai.gov.cn/,http://swt.qinghai.gov.cn/,http://swt.qinghai.gov.cn/,,,,,CN::青海省商务厅,原表机构名称_独立性未核实,obs_7d182f88b81e0b0e1742706a59,target_e5d36cc6df50782888d58e57f149fb57d250b0e18758835319249d775651c9db,
S12-R011,S12,青海省,11,10,C11,,青海省,CN,中国,青海省,青海省卫生健康委员会,青海省卫生健康委员会,中国省区政府部门,综合或未明确,B2_政府配套政策,财政环境劳动土地基建及综合政策全部保留,https://wsjkw.qinghai.gov.cn/,https://wsjkw.qinghai.gov.cn/,https://wsjkw.qinghai.gov.cn/,,,,,CN::青海省卫生健康委员会,原表机构名称_独立性未核实,obs_8474961e5089fc9476ad14e3dd,target_590cf6a3576be19216cad6a3ebbcd837c8fd01cc4fcb4add8c49d01b5e408053,
S12-R012,S12,青海省,12,11,C12,,青海省,CN,中国,青海省,青海省应急管理厅,青海省应急管理厅,中国省区政府部门,安全与应急,B2_政府配套政策,财政环境劳动土地基建及综合政策全部保留,http://yjt.qinghai.gov.cn/,http://yjt.qinghai.gov.cn/,http://yjt.qinghai.gov.cn/,,,,,CN::青海省应急管理厅,原表机构名称_独立性未核实,obs_06546a90064e3e0722aa492a68,target_f24e3650e86ebd09e550d61d2234f8adba2085810852f29b8331694426335fae,
S12-R013,S12,青海省,13,12,C13,,青海省,CN,中国,青海省,青海省国有资产监督管理委员会,青海省国有资产监督管理委员会,中国省区政府部门,综合或未明确,B2_政府配套政策,财政环境劳动土地基建及综合政策全部保留,http://gzw.qinghai.gov.cn/,http://gzw.qinghai.gov.cn/,http://gzw.qinghai.gov.cn/,,,,,CN::青海省国有资产监督管理委员会,原表机构名称_独立性未核实,obs_35be2d00d73c1fc4088968668e,target_d2ee517e04842d0cace42ab90cc3ebd91ce6b268889acc4722a09123c276b1d6,
S12-R014,S12,青海省,14,13,C14,,青海省,CN,中国,青海省,青海省市场监督管理局,青海省市场监督管理局,中国省区政府部门,综合或未明确,B2_政府配套政策,财政环境劳动土地基建及综合政策全部保留,http://scjgj.qinghai.gov.cn/SJJ/WSFW,http://scjgj.qinghai.gov.cn/SJJ/WSFW,http://scjgj.qinghai.gov.cn/SJJ/WSFW,,非站点根路径_需确认栏目适用性,非站点根路径_需确认栏目适用性,,CN::青海省市场监督管理局,原表机构名称_独立性未核实,obs_592e718d3f3f11d71b87ce3ee4,target_49e2bd238e392e3a9cd76bcf31b5693cb8c0fae3e25fc243b0c9b0d37f730afa,
S12-R015,S12,青海省,15,14,C15,,青海省,CN,中国,青海省,国家金融监督管理总局--青海监管局,国家金融监督管理总局--青海监管局,中国中央机构省区分支,综合或未明确,B2_政府配套政策,财政环境劳动土地基建及综合政策全部保留,https://www.nfra.gov.cn/branch/qinghai/view/pages/index/index.html,https://www.nfra.gov.cn/branch/qinghai/view/pages/index/index.html,https://www.nfra.gov.cn/branch/qinghai/view/pages/index/index.html,,非站点根路径_需确认栏目适用性,非站点根路径_需确认栏目适用性,,CN::国家金融监督管理总局--青海监管局,各省区发文机关分别保留_同母机构不足以确认同一发布实体,obs_d2f72a7a09956b81f28651a85c,target_4aa1cc99dbee392edae185dc6bcead2f8b1297fac55ec32ee77079b1f2626127,
S12-R016,S12,青海省,16,15,C16,,青海省,CN,中国,青海省,中国证券监督管理委员会--青海监管局,中国证券监督管理委员会--青海监管局,中国中央机构省区分支,综合或未明确,B2_政府配套政策,财政环境劳动土地基建及综合政策全部保留,http://www.csrc.gov.cn/qinghai/index.shtml,http://www.csrc.gov.cn/qinghai/index.shtml,http://www.csrc.gov.cn/qinghai/index.shtml,,非站点根路径_需确认栏目适用性,非站点根路径_需确认栏目适用性,,CN::中国证券监督管理委员会--青海监管局,各省区发文机关分别保留_同母机构不足以确认同一发布实体,obs_879b821024498304eedaefac72,target_06fc2fdd79c07b6285f3a7b140bdf1d07ec6f4ae2f29d5940a08e5010ebcad16,
S12-R017,S12,青海省,17,16,C17,,青海省,CN,中国,青海省,青海林业和草原局,青海林业和草原局,中国省区政府部门,土地与生态利用,B2_政府配套政策,财政环境劳动土地基建及综合政策全部保留,https://lcj.qinghai.gov.cn/,https://lcj.qinghai.gov.cn/,https://lcj.qinghai.gov.cn/,,,,,CN::青海林业和草原局,原表机构名称_独立性未核实,obs_cb7e84bbfaff044d4bfce876a9,target_23b3e2695c049b70ba2a7981ad845e06dbe63324a82da1d664a78fce85d69e70,
S12-R018,S12,青海省,18,17,C18,,青海省,CN,中国,青海省,国家矿山安全监察局--青海局,国家矿山安全监察局--青海局,中国中央机构省区分支,矿业与资源；安全与应急,B1_矿业能源法律核心,优先矿业政策与法律事件_按国家并行,https://qh.chinamine-safety.gov.cn/,https://qh.chinamine-safety.gov.cn/,https://qh.chinamine-safety.gov.cn/,,,,,CN::国家矿山安全监察局--青海局,各省区发文机关分别保留_同母机构不足以确认同一发布实体,obs_2f7cc8881be28ae34cd9ea0973,target_969bba395c67950554c7fe4e053eead17a5cc3c69d01583b6c4ab5aca6e4dc2b,
S13-R002,S13,新疆,2,1,C2,,新疆,CN,中国,新疆,新疆自然资源厅,新疆自然资源厅,中国省区政府部门,矿业与资源,B1_矿业能源法律核心,优先矿业政策与法律事件_按国家并行,https://zrzyt.xinjiang.gov.cn/,https://zrzyt.xinjiang.gov.cn/,https://zrzyt.xinjiang.gov.cn/,,,,,CN::新疆自然资源厅,原表机构名称_独立性未核实,obs_c9521d8d79d834ee5a5a9aaa90,target_4330cbcd186c7757164125fc7d3667239897733541f6f9e2980e70e51b5d7762,
S13-R003,S13,新疆,3,2,C3,,新疆,CN,中国,新疆,新疆财政厅,新疆财政厅,中国省区政府部门,财税与经济,B2_政府配套政策,财政环境劳动土地基建及综合政策全部保留,https://czt.xinjiang.gov.cn/,https://czt.xinjiang.gov.cn/,https://czt.xinjiang.gov.cn/,,,,,CN::新疆财政厅,原表机构名称_独立性未核实,obs_35b2e3f770cea94c41747f8ecf,target_99f0c469f0f2cf64850319f0f34e2971225c212f9f9be49aaf45bc88cb0e8066,
S13-R004,S13,新疆,4,3,C4,,新疆,CN,中国,新疆,新疆生态环境厅,新疆生态环境厅,中国省区政府部门,环境,B2_政府配套政策,财政环境劳动土地基建及综合政策全部保留,https://sthjt.xinjiang.gov.cn/,https://sthjt.xinjiang.gov.cn/,https://sthjt.xinjiang.gov.cn/,,,,,CN::新疆生态环境厅,原表机构名称_独立性未核实,obs_db4438cfa9b3d5e542320c6224,target_cb63fc40a7c3839e877d5582d41d7e89408b2fac8ee0b2d70a79a13a7b00be57,
S13-R005,S13,新疆,5,4,C5,,新疆,CN,中国,新疆,新疆人力资源和社会保障厅,新疆人力资源和社会保障厅,中国省区政府部门,劳动与社会保障,B2_政府配套政策,财政环境劳动土地基建及综合政策全部保留,https://rst.xinjiang.gov.cn/,https://rst.xinjiang.gov.cn/,https://rst.xinjiang.gov.cn/,,,,,CN::新疆人力资源和社会保障厅,原表机构名称_独立性未核实,obs_f61cc567ebb06d48c300db50ea,target_733d8104a7f8f41ee4653232da7f554bb261a058e6fb94de1a609d51a3f51e88,
S13-R006,S13,新疆,6,5,C6,,新疆,CN,中国,新疆,新疆住房和城乡建设厅,新疆住房和城乡建设厅,中国省区政府部门,基础设施与产业,B2_政府配套政策,财政环境劳动土地基建及综合政策全部保留,https://zjt.xinjiang.gov.cn/,https://zjt.xinjiang.gov.cn/,https://zjt.xinjiang.gov.cn/,,,,,CN::新疆住房和城乡建设厅,原表机构名称_独立性未核实,obs_c15154a9a5ad17180f3f719e5f,target_915ca17859eb03100a7098f6b9466a6263dc052500d793520bfa07151e647f90,
S13-R007,S13,新疆,7,6,C7,,新疆,CN,中国,新疆,新疆交通运输厅,新疆交通运输厅,中国省区政府部门,基础设施与产业,B2_政府配套政策,财政环境劳动土地基建及综合政策全部保留,https://jtyst.xinjiang.gov.cn/,https://jtyst.xinjiang.gov.cn/,https://jtyst.xinjiang.gov.cn/,,,,,CN::新疆交通运输厅,原表机构名称_独立性未核实,obs_69c4698a776fcfd87ebbdb10d2,target_5b246dffee365446e6114f8686d286184ce3b871de5a1cc0af79c81484098c93,
S13-R008,S13,新疆,8,7,C8,,新疆,CN,中国,新疆,新疆水利厅,新疆水利厅,中国省区政府部门,水资源,B2_政府配套政策,财政环境劳动土地基建及综合政策全部保留,https://slt.xinjiang.gov.cn/,https://slt.xinjiang.gov.cn/,https://slt.xinjiang.gov.cn/,,,,,CN::新疆水利厅,原表机构名称_独立性未核实,obs_9e8b27c0fbbfe80fbe01398275,target_a76bb4be7aee796bd0828cafdb4284bb625f9334eefc0adae900d6c596f2b26f,
S13-R009,S13,新疆,9,8,C9,,新疆,CN,中国,新疆,新疆农业农村厅,新疆农业农村厅,中国省区政府部门,土地与生态利用,B2_政府配套政策,财政环境劳动土地基建及综合政策全部保留,https://nynct.xinjiang.gov.cn/,https://nynct.xinjiang.gov.cn/,https://nynct.xinjiang.gov.cn/,,,,,CN::新疆农业农村厅,原表机构名称_独立性未核实,obs_12abd2c142f34aaed458dd3cbd,target_c0855df92c00120ac649db58ed10917997d1a2da313645020046ad9854cde223,
S13-R010,S13,新疆,10,9,C10,,新疆,CN,中国,新疆,新疆商务厅,新疆商务厅,中国省区政府部门,财税与经济,B2_政府配套政策,财政环境劳动土地基建及综合政策全部保留,https://swt.xinjiang.gov.cn/,https://swt.xinjiang.gov.cn/,https://swt.xinjiang.gov.cn/,,,,,CN::新疆商务厅,原表机构名称_独立性未核实,obs_ac6edc3804b877d66f2e827e48,target_4ef275169cc26ce035608a00eacd0925a84830506f13558b54f7e9263e263ec6,
S13-R011,S13,新疆,11,10,C11,,新疆,CN,中国,新疆,新疆卫生健康委员会,新疆卫生健康委员会,中国省区政府部门,综合或未明确,B2_政府配套政策,财政环境劳动土地基建及综合政策全部保留,https://wjw.xinjiang.gov.cn/hfpc/index.shtml,https://wjw.xinjiang.gov.cn/hfpc/index.shtml,https://wjw.xinjiang.gov.cn/hfpc/index.shtml,,非站点根路径_需确认栏目适用性,非站点根路径_需确认栏目适用性,,CN::新疆卫生健康委员会,原表机构名称_独立性未核实,obs_90d648e3283c85324e8e0dc1ab,target_24ddaa1533a3fac2b0af865c5ac0aaf105f595f203666a9a4c6515d12c60e555,
S13-R012,S13,新疆,12,11,C12,,新疆,CN,中国,新疆,新疆应急管理厅,新疆应急管理厅,中国省区政府部门,安全与应急,B2_政府配套政策,财政环境劳动土地基建及综合政策全部保留,https://yjgl.xinjiang.gov.cn/xjyjgl/,https://yjgl.xinjiang.gov.cn/xjyjgl/,https://yjgl.xinjiang.gov.cn/xjyjgl/,,非站点根路径_需确认栏目适用性,非站点根路径_需确认栏目适用性,,CN::新疆应急管理厅,原表机构名称_独立性未核实,obs_a4cae594945973d1b03382371b,target_65c1d786adb5e3ae0b85c5241bdfdf290e31f69e21dbaa0052e594d3c08c3380,
S13-R013,S13,新疆,13,12,C13,,新疆,CN,中国,新疆,新疆国有资产监督管理委员会,新疆国有资产监督管理委员会,中国省区政府部门,综合或未明确,B2_政府配套政策,财政环境劳动土地基建及综合政策全部保留,https://gzw.xinjiang.gov.cn/,https://gzw.xinjiang.gov.cn/,https://gzw.xinjiang.gov.cn/,,,,,CN::新疆国有资产监督管理委员会,原表机构名称_独立性未核实,obs_260ae879b63b7d21d65eff12d2,target_1dc8faa66905bcb514021b7a15109abb73f7996862c0996d9b7d6968d836313d,
S13-R014,S13,新疆,14,13,C14,,新疆,CN,中国,新疆,新疆市场监督管理局,新疆市场监督管理局,中国省区政府部门,综合或未明确,B2_政府配套政策,财政环境劳动土地基建及综合政策全部保留,https://scjgj.xinjiang.gov.cn/,https://scjgj.xinjiang.gov.cn/,https://scjgj.xinjiang.gov.cn/,,,,,CN::新疆市场监督管理局,原表机构名称_独立性未核实,obs_a45a842c59a79db8d921dfd922,target_7f14b96161dc0cff98d60c11abd02c484d0b111f9e1865f7cb5611cee02b2482,
S13-R015,S13,新疆,15,14,C15,,新疆,CN,中国,新疆,国家金融监督管理总局--新疆监管局,国家金融监督管理总局--新疆监管局,中国中央机构省区分支,综合或未明确,B2_政府配套政策,财政环境劳动土地基建及综合政策全部保留,https://www.nfra.gov.cn/branch/xinjiang/view/pages/index/index.html,https://www.nfra.gov.cn/branch/xinjiang/view/pages/index/index.html,https://www.nfra.gov.cn/branch/xinjiang/view/pages/index/index.html,,非站点根路径_需确认栏目适用性,非站点根路径_需确认栏目适用性,,CN::国家金融监督管理总局--新疆监管局,各省区发文机关分别保留_同母机构不足以确认同一发布实体,obs_4e6804d8e27dd69e53787192cc,target_54e1a11674c2a5a987a02aa2823f1d850affb977f274a1af2084d130d9fcac77,
S13-R016,S13,新疆,16,15,C16,,新疆,CN,中国,新疆,中国证券监督管理委员会--新疆监管局,中国证券监督管理委员会--新疆监管局,中国中央机构省区分支,综合或未明确,B2_政府配套政策,财政环境劳动土地基建及综合政策全部保留,http://www.csrc.gov.cn/xinjiang/,http://www.csrc.gov.cn/xinjiang/,http://www.csrc.gov.cn/xinjiang/,,非站点根路径_需确认栏目适用性,非站点根路径_需确认栏目适用性,,CN::中国证券监督管理委员会--新疆监管局,各省区发文机关分别保留_同母机构不足以确认同一发布实体,obs_17899f59c9659628b2d1ca3277,target_b960e1ca0c67314ac006ab3c74b88de6835fb0848cc1ba10e9a188368cd683ce,
S13-R017,S13,新疆,17,16,C17,,新疆,CN,中国,新疆,新疆林业和草原局,新疆林业和草原局,中国省区政府部门,土地与生态利用,B2_政府配套政策,财政环境劳动土地基建及综合政策全部保留,https://lcj.xinjiang.gov.cn/,https://lcj.xinjiang.gov.cn/,https://lcj.xinjiang.gov.cn/,,,,,CN::新疆林业和草原局,原表机构名称_独立性未核实,obs_6f4049a301e130cc45ef10ec5e,target_4ae3705b5372fd2c47595d00d24fa32041fcb954affce168f2ee74af063d3e4d,
S13-R018,S13,新疆,18,17,C18,,新疆,CN,中国,新疆,国家矿山安全监察局--新疆局,国家矿山安全监察局--新疆局,中国中央机构省区分支,矿业与资源；安全与应急,B1_矿业能源法律核心,优先矿业政策与法律事件_按国家并行,https://xj.chinamine-safety.gov.cn/web/webIndex.shtml,https://xj.chinamine-safety.gov.cn/web/webIndex.shtml,https://xj.chinamine-safety.gov.cn/web/webIndex.shtml,,非站点根路径_需确认栏目适用性,非站点根路径_需确认栏目适用性,,CN::国家矿山安全监察局--新疆局,各省区发文机关分别保留_同母机构不足以确认同一发布实体,obs_157ee4ab6762af6d2053d9b978,target_c77425f642e01931c10103482176545d0071e406ce446494c3c147101b4fdcf5,
S14-R002,S14,西藏,2,1,C2,,西藏,CN,中国,西藏,西藏自然资源厅,西藏自然资源厅,中国省区政府部门,矿业与资源,B1_矿业能源法律核心,优先矿业政策与法律事件_按国家并行,http://zrzyt.xizang.gov.cn/,http://zrzyt.xizang.gov.cn/,http://zrzyt.xizang.gov.cn/,,,,,CN::西藏自然资源厅,原表机构名称_独立性未核实,obs_e5711d0f91eaf910666b5ee019,target_13df38a7b30b7a13955033ccc8f08efcbd8bf522114803cb9bfe98b410582f9f,
S14-R003,S14,西藏,3,2,C3,,西藏,CN,中国,西藏,西藏生态环境厅,西藏生态环境厅,中国省区政府部门,环境,B2_政府配套政策,财政环境劳动土地基建及综合政策全部保留,http://ee.xizang.gov.cn/,http://ee.xizang.gov.cn/,http://ee.xizang.gov.cn/,,,,,CN::西藏生态环境厅,原表机构名称_独立性未核实,obs_0a4b8e2c21a60cf04498422f76,target_5314181b57378c334505d2cf2d6d5e55774c5b951009273f75abdc1a296e41fe,
S14-R004,S14,西藏,4,3,C4,,西藏,CN,中国,西藏,西藏人力资源和社会保障厅,西藏人力资源和社会保障厅,中国省区政府部门,劳动与社会保障,B2_政府配套政策,财政环境劳动土地基建及综合政策全部保留,http://hrss.xizang.gov.cn/,http://hrss.xizang.gov.cn/,http://hrss.xizang.gov.cn/,,,,,CN::西藏人力资源和社会保障厅,原表机构名称_独立性未核实,obs_7cab2b93077d1958d049e0d246,target_904fa73e4b74b52140119362da37b30053e417a9864f885180923e03674f1d07,
S14-R005,S14,西藏,5,4,C5,,西藏,CN,中国,西藏,西藏住房和城乡建设厅,西藏住房和城乡建设厅,中国省区政府部门,基础设施与产业,B2_政府配套政策,财政环境劳动土地基建及综合政策全部保留,http://zjt.xizang.gov.cn/,http://zjt.xizang.gov.cn/,http://zjt.xizang.gov.cn/,,,,,CN::西藏住房和城乡建设厅,原表机构名称_独立性未核实,obs_30973085bfa1c43d6ccc90ca57,target_359ed3ff2b8f961361de8bad89eef24588834a87f1dd6adaa7ed5933eb9e0f02,
S14-R006,S14,西藏,6,5,C6,,西藏,CN,中国,西藏,西藏交通运输厅,西藏交通运输厅,中国省区政府部门,基础设施与产业,B2_政府配套政策,财政环境劳动土地基建及综合政策全部保留,https://jtt.xizang.gov.cn/,https://jtt.xizang.gov.cn/,https://jtt.xizang.gov.cn/,,,,,CN::西藏交通运输厅,原表机构名称_独立性未核实,obs_cf6dfaedf20be33ba3188f1418,target_6d4a026044c230530ceff36c6311ce85eab9234795ebe26d3d2bb0cea660f1f8,
S14-R007,S14,西藏,7,6,C7,,西藏,CN,中国,西藏,西藏水利厅,西藏水利厅,中国省区政府部门,水资源,B2_政府配套政策,财政环境劳动土地基建及综合政策全部保留,http://slt.xizang.gov.cn/,http://slt.xizang.gov.cn/,http://slt.xizang.gov.cn/,,,,,CN::西藏水利厅,原表机构名称_独立性未核实,obs_38c206ad101796903de0809200,target_d63e40564b44e4e87537b64e02eb8e4a04b137a6d6d4c9315ac7bab73cb29a8c,
S14-R008,S14,西藏,8,7,C8,,西藏,CN,中国,西藏,西藏农业农村厅,西藏农业农村厅,中国省区政府部门,土地与生态利用,B2_政府配套政策,财政环境劳动土地基建及综合政策全部保留,http://nynct.xizang.gov.cn/,http://nynct.xizang.gov.cn/,http://nynct.xizang.gov.cn/,,,,,CN::西藏农业农村厅,原表机构名称_独立性未核实,obs_674e732b2b66a15aec5a0c77e2,target_3eb42b7cf988466a17774f36d28bc123421a644bfb5983a601708a14ebe50a2b,
S14-R009,S14,西藏,9,8,C9,,西藏,CN,中国,西藏,西藏商务厅,西藏商务厅,中国省区政府部门,财税与经济,B2_政府配套政策,财政环境劳动土地基建及综合政策全部保留,https://swt.xizang.gov.cn/,https://swt.xizang.gov.cn/,https://swt.xizang.gov.cn/,,,,,CN::西藏商务厅,原表机构名称_独立性未核实,obs_3487671053dc88508052bb1ec9,target_a7020dacb61f4723eea39978ecf1d986f8e0732d108daed671ef0d2eed503929,
S14-R010,S14,西藏,10,9,C10,,西藏,CN,中国,西藏,西藏卫生健康委员会,西藏卫生健康委员会,中国省区政府部门,综合或未明确,B2_政府配套政策,财政环境劳动土地基建及综合政策全部保留,http://wjw.xizang.gov.cn/,http://wjw.xizang.gov.cn/,http://wjw.xizang.gov.cn/,,,,,CN::西藏卫生健康委员会,原表机构名称_独立性未核实,obs_e21b267c207d582e576e36c897,target_a04baf6972186d29aaec93ea57065ec359bda4272df376c09336314ea1f85481,
S14-R011,S14,西藏,11,10,C11,,西藏,CN,中国,西藏,西藏应急管理厅,西藏应急管理厅,中国省区政府部门,安全与应急,B2_政府配套政策,财政环境劳动土地基建及综合政策全部保留,http://yjt.xizang.gov.cn/p1/index.html,http://yjt.xizang.gov.cn/p1/index.html,http://yjt.xizang.gov.cn/p1/index.html,,非站点根路径_需确认栏目适用性,非站点根路径_需确认栏目适用性,,CN::西藏应急管理厅,原表机构名称_独立性未核实,obs_79af7cb60654d76e2fcf8004cc,target_95833800ee2348e5c78f95031e592f92f2578b32cc841c1c605bcbb1221cb443,
S14-R012,S14,西藏,12,11,C12,,西藏,CN,中国,西藏,西藏市场监督管理局,西藏市场监督管理局,中国省区政府部门,综合或未明确,B2_政府配套政策,财政环境劳动土地基建及综合政策全部保留,http://amr.xizang.gov.cn/index.htm,http://amr.xizang.gov.cn/index.htm,http://amr.xizang.gov.cn/index.htm,,,,,CN::西藏市场监督管理局,原表机构名称_独立性未核实,obs_be418dbc01a28bce9c3ee570ed,target_ffbb8948f0599b51c41f1ce56f1e4f78557c2ee49f0bb26ed39707cf949785fc,
S14-R013,S14,西藏,13,12,C13,,西藏,CN,中国,西藏,国家金融监督管理总局--西藏监管局,国家金融监督管理总局--西藏监管局,中国中央机构省区分支,综合或未明确,B2_政府配套政策,财政环境劳动土地基建及综合政策全部保留,https://www.nfra.gov.cn/branch/xizang/view/pages/index/index.html,https://www.nfra.gov.cn/branch/xizang/view/pages/index/index.html,https://www.nfra.gov.cn/branch/xizang/view/pages/index/index.html,,非站点根路径_需确认栏目适用性,非站点根路径_需确认栏目适用性,,CN::国家金融监督管理总局--西藏监管局,各省区发文机关分别保留_同母机构不足以确认同一发布实体,obs_96c4be2b86e6dfeb6352bc934e,target_3e166939f127edea061f7675c301f290986044021ed0921ff516e0f8669f97b9,
S14-R014,S14,西藏,14,13,C14,,西藏,CN,中国,西藏,中国证券监督管理委员会--西藏监管局,中国证券监督管理委员会--西藏监管局,中国中央机构省区分支,综合或未明确,B2_政府配套政策,财政环境劳动土地基建及综合政策全部保留,http://www.csrc.gov.cn/tibet/index.shtml,http://www.csrc.gov.cn/tibet/index.shtml,http://www.csrc.gov.cn/tibet/index.shtml,,非站点根路径_需确认栏目适用性,非站点根路径_需确认栏目适用性,,CN::中国证券监督管理委员会--西藏监管局,各省区发文机关分别保留_同母机构不足以确认同一发布实体,obs_ed57c51cd278dc3fa378d7188d,target_17daad3c3c293118960ec10a5156ae4aa306f942b2107b563a0513356e710205,
S14-R015,S14,西藏,15,14,C15,,西藏,CN,中国,西藏,西藏林业和草原局,西藏林业和草原局,中国省区政府部门,土地与生态利用,B2_政府配套政策,财政环境劳动土地基建及综合政策全部保留,http://www.xzly.gov.cn/,http://www.xzly.gov.cn/,http://www.xzly.gov.cn/,,,,,CN::西藏林业和草原局,原表机构名称_独立性未核实,obs_cad65438c64d63a211a2e54a6e,target_74e8a82bbb580136fea02b3032918a8802b423be806b8214b1c8717391573949,
S15-R002,S15,云南省,2,1,C2,,云南省,CN,中国,云南省,云南省自然资源厅,云南省自然资源厅,中国省区政府部门,矿业与资源,B1_矿业能源法律核心,优先矿业政策与法律事件_按国家并行,https://dnr.yn.gov.cn/,https://dnr.yn.gov.cn/,https://dnr.yn.gov.cn/,,,,,CN::云南省自然资源厅,原表机构名称_独立性未核实,obs_f66cfcb851026044f5f588903d,target_1547909a8d6f873942ab60be9f2f455104be9ddd862e33fc3f936b33148bae40,
S15-R003,S15,云南省,3,2,C3,,云南省,CN,中国,云南省,云南省财政厅,云南省财政厅,中国省区政府部门,财税与经济,B2_政府配套政策,财政环境劳动土地基建及综合政策全部保留,https://czt.yn.gov.cn/index.html,https://czt.yn.gov.cn/index.html,https://czt.yn.gov.cn/index.html,,,,,CN::云南省财政厅,原表机构名称_独立性未核实,obs_0846c280be68957ca62d5ed425,target_078a49fd1e81f5a1682160c6bafd7b5b911abc719f4f74a3adebd9b513113d3b,
S15-R004,S15,云南省,4,3,C4,,云南省,CN,中国,云南省,云南省生态环境厅,云南省生态环境厅,中国省区政府部门,环境,B2_政府配套政策,财政环境劳动土地基建及综合政策全部保留,https://sthjt.yn.gov.cn/,https://sthjt.yn.gov.cn/,https://sthjt.yn.gov.cn/,,,,,CN::云南省生态环境厅,原表机构名称_独立性未核实,obs_89c926a664f84a5c70ecd75bbc,target_fbddb500aee7c352f9542d6bad176a63c88c13261cc4d5a9559aa85f66b39b29,
S15-R005,S15,云南省,5,4,C5,,云南省,CN,中国,云南省,云南省人力资源和社会保障厅,云南省人力资源和社会保障厅,中国省区政府部门,劳动与社会保障,B2_政府配套政策,财政环境劳动土地基建及综合政策全部保留,https://hrss.yn.gov.cn/index.html,https://hrss.yn.gov.cn/index.html,https://hrss.yn.gov.cn/index.html,,,,,CN::云南省人力资源和社会保障厅,原表机构名称_独立性未核实,obs_457d71b3349c0ba6ed6695ec5e,target_5abe3f6c5de4096fcb8be3b9ebfc4422874f6332e6ee189e6a25e832175ed9ac,
S15-R006,S15,云南省,6,5,C6,,云南省,CN,中国,云南省,云南省住房和城乡建设厅,云南省住房和城乡建设厅,中国省区政府部门,基础设施与产业,B2_政府配套政策,财政环境劳动土地基建及综合政策全部保留,https://zfcxjst.yn.gov.cn/,https://zfcxjst.yn.gov.cn/,https://zfcxjst.yn.gov.cn/,,,,,CN::云南省住房和城乡建设厅,原表机构名称_独立性未核实,obs_2ffefabdcf32fb0d135bd9f521,target_9dd8fbe091d693609d585738b99a009f5f6bc2728047b5b1c8a93f0466dd22f0,
S15-R007,S15,云南省,7,6,C7,,云南省,CN,中国,云南省,云南省交通运输厅,云南省交通运输厅,中国省区政府部门,基础设施与产业,B2_政府配套政策,财政环境劳动土地基建及综合政策全部保留,https://jtyst.yn.gov.cn/,https://jtyst.yn.gov.cn/,https://jtyst.yn.gov.cn/,,,,,CN::云南省交通运输厅,原表机构名称_独立性未核实,obs_0633667c131bf88320b588a614,target_816294705e600a22d882e97496e568f79c54a932bb2b27a930672847defe1b25,
S15-R008,S15,云南省,8,7,C8,,云南省,CN,中国,云南省,云南省水利厅,云南省水利厅,中国省区政府部门,水资源,B2_政府配套政策,财政环境劳动土地基建及综合政策全部保留,https://wcb.yn.gov.cn/,https://wcb.yn.gov.cn/,https://wcb.yn.gov.cn/,,,,,CN::云南省水利厅,原表机构名称_独立性未核实,obs_ca88c41deba3e6758f9014b7f4,target_25447a222d8d930c19acf01182cfc6be78fae8248f940653cacb9264624a94ae,
S15-R009,S15,云南省,9,8,C9,,云南省,CN,中国,云南省,云南省农业农村厅,云南省农业农村厅,中国省区政府部门,土地与生态利用,B2_政府配套政策,财政环境劳动土地基建及综合政策全部保留,https://nync.yn.gov.cn/,https://nync.yn.gov.cn/,https://nync.yn.gov.cn/,,,,,CN::云南省农业农村厅,原表机构名称_独立性未核实,obs_42fa368b9cac4c2c90bd1db2af,target_6ba9b39b6cf9c23633a1260c90f9f1a879cc348e90d1dd4246f3e064fba9414a,
S15-R010,S15,云南省,10,9,C10,,云南省,CN,中国,云南省,云南省商务厅,云南省商务厅,中国省区政府部门,财税与经济,B2_政府配套政策,财政环境劳动土地基建及综合政策全部保留,https://swt.yn.gov.cn/index.html,https://swt.yn.gov.cn/index.html,https://swt.yn.gov.cn/index.html,,,,,CN::云南省商务厅,原表机构名称_独立性未核实,obs_66d9b86619e34e01d54286b450,target_3c9690a3dce460836f081b0dbf0e68e7bc0fdb5de0f54b3cc4ee741a36117427,
S15-R011,S15,云南省,11,10,C11,,云南省,CN,中国,云南省,云南省卫生健康委员会,云南省卫生健康委员会,中国省区政府部门,综合或未明确,B2_政府配套政策,财政环境劳动土地基建及综合政策全部保留,http://ynswsjkw.yn.gov.cn/,http://ynswsjkw.yn.gov.cn/,http://ynswsjkw.yn.gov.cn/,,,,,CN::云南省卫生健康委员会,原表机构名称_独立性未核实,obs_3ed5c1dc59629aae9885eff060,target_2dbef1f0e4f8ac2a90ca8950734e30d5e4c116f22444aa2df154ed65d074024e,
S15-R012,S15,云南省,12,11,C12,,云南省,CN,中国,云南省,云南省应急管理厅,云南省应急管理厅,中国省区政府部门,安全与应急,B2_政府配套政策,财政环境劳动土地基建及综合政策全部保留,https://yjglt.yn.gov.cn/,https://yjglt.yn.gov.cn/,https://yjglt.yn.gov.cn/,,,,,CN::云南省应急管理厅,原表机构名称_独立性未核实,obs_06c12f2ee417ae87450271d2c6,target_4381d58361ed6dee00e552bdba42b13d32fa3aa131682dd998adacee60661722,
S15-R013,S15,云南省,13,12,C13,,云南省,CN,中国,云南省,云南省国有资产监督管理委员会,云南省国有资产监督管理委员会,中国省区政府部门,综合或未明确,B2_政府配套政策,财政环境劳动土地基建及综合政策全部保留,https://gzw.yn.gov.cn/index.htm,https://gzw.yn.gov.cn/index.htm,https://gzw.yn.gov.cn/index.htm,,,,,CN::云南省国有资产监督管理委员会,原表机构名称_独立性未核实,obs_f6845fcca988dd641bf8bc3686,target_02ef24135100b9407f12f939731e1cdaa8f0e988f54c5bd9ea6455b5ce5245d8,
S15-R014,S15,云南省,14,13,C14,,云南省,CN,中国,云南省,云南省市场监督管理局,云南省市场监督管理局,中国省区政府部门,综合或未明确,B2_政府配套政策,财政环境劳动土地基建及综合政策全部保留,https://amr.yn.gov.cn/,https://amr.yn.gov.cn/,https://amr.yn.gov.cn/,,,,,CN::云南省市场监督管理局,原表机构名称_独立性未核实,obs_4b1475123fd20abd7cd6abd5d7,target_f8344c9b3345dcbc4791addab95375994cfbe02cd35a4c1bcae669fa9dd1d5a8,
S15-R015,S15,云南省,15,14,C15,,云南省,CN,中国,云南省,国家金融监督管理总局--云南监管局,国家金融监督管理总局--云南监管局,中国中央机构省区分支,综合或未明确,B2_政府配套政策,财政环境劳动土地基建及综合政策全部保留,https://www.nfra.gov.cn/branch/yunnan/view/pages/index/index.html,https://www.nfra.gov.cn/branch/yunnan/view/pages/index/index.html,https://www.nfra.gov.cn/branch/yunnan/view/pages/index/index.html,,非站点根路径_需确认栏目适用性,非站点根路径_需确认栏目适用性,,CN::国家金融监督管理总局--云南监管局,各省区发文机关分别保留_同母机构不足以确认同一发布实体,obs_fff0fbbdb27ec3fb500d3d48a4,target_9c62eb747deff00c6fea858488ee97fd4ca49ec71945340b53b26f94f56b220a,
S15-R016,S15,云南省,16,15,C16,,云南省,CN,中国,云南省,中国证券监督管理委员会--云南监管局,中国证券监督管理委员会--云南监管局,中国中央机构省区分支,综合或未明确,B2_政府配套政策,财政环境劳动土地基建及综合政策全部保留,http://www.csrc.gov.cn/yunnan/index.shtml,http://www.csrc.gov.cn/yunnan/index.shtml,http://www.csrc.gov.cn/yunnan/index.shtml,,非站点根路径_需确认栏目适用性,非站点根路径_需确认栏目适用性,,CN::中国证券监督管理委员会--云南监管局,各省区发文机关分别保留_同母机构不足以确认同一发布实体,obs_4fe753226194d35a235ebab0b1,target_e00f24fd5ee4e45cdd1054e4a2258e1ef3020e9137f156f991e4e39702b07fba,
S15-R017,S15,云南省,17,16,C17,,云南省,CN,中国,云南省,云南林业和草原局,云南林业和草原局,中国省区政府部门,土地与生态利用,B2_政府配套政策,财政环境劳动土地基建及综合政策全部保留,https://lcj.yn.gov.cn/,https://lcj.yn.gov.cn/,https://lcj.yn.gov.cn/,,,,,CN::云南林业和草原局,原表机构名称_独立性未核实,obs_449d697488f79071f3680dbd85,target_4d72e0065f45cafa9a36be3326e3dd138166fc77c59f23b0aad72cd16cec5bc1,
S15-R018,S15,云南省,18,17,C18,,云南省,CN,中国,云南省,国家矿山安全监察局--云南局,国家矿山安全监察局--云南局,中国中央机构省区分支,矿业与资源；安全与应急,B1_矿业能源法律核心,优先矿业政策与法律事件_按国家并行,http://yn.chinamine-safety.gov.cn/,http://yn.chinamine-safety.gov.cn/,http://yn.chinamine-safety.gov.cn/,,,,,CN::国家矿山安全监察局--云南局,各省区发文机关分别保留_同母机构不足以确认同一发布实体,obs_7a2a6e2db1b8ee568ae3f51597,target_effa167b8ff42e3b672b563063687c917f05a0d43960f1f9ebc50cf12f515b96,
S16-R002,S16,境外,2,1,D2,B2,主流媒体,,跨国/未限定,,miming.com,miming.com,新闻媒体或通讯社,矿业与资源,C_媒体与行业动态,补风险事件覆盖_核实RSS和许可,https://www.mining.com/earthquake-forces-temporary-shutdown-of-ivanhoe-mines-kakula-mine/,https://www.mining.com/earthquake-forces-temporary-shutdown-of-ivanhoe-mines-kakula-mine/,https://www.mining.com/earthquake-forces-temporary-shutdown-of-ivanhoe-mines-kakula-mine/,,原机构miming.com与mining.com拼写不一致;具体文章或单项页面_需发现持续更新入口;非站点根路径_需确认栏目适用性,原机构miming.com与mining.com拼写不一致；具体文章或单项页面_需发现持续更新入口；非站点根路径_需确认栏目适用性,,::miming.com,原表机构名称_独立性未核实,obs_bc2d83d0782abd54033affa24e,target_fad21c81be5d35732ec1749c31a0b9fe8b04c7dff30d54d475aa55509842e1ab,
S16-R003,S16,境外,3,2,D3,B2,主流媒体,,跨国/未限定,,彭博社官网,彭博社官网,新闻媒体或通讯社,新闻与风险,C_媒体与行业动态,补风险事件覆盖_核实RSS和许可,https://www.bloombergmedia.com/,https://www.bloombergmedia.com/,https://www.bloombergmedia.com/,,媒体品牌商务站_新闻入口待核实,媒体品牌商务站_新闻入口待核实,,::彭博社官网,原表机构名称_独立性未核实,obs_f014f37bb1d90baa9c72cf54b1,target_adcfa4af28d5458367c861a7bb3d9e75749b9ec38750d85db8afaad5018141da,
S16-R004,S16,境外,4,3,D4,B2,主流媒体,,跨国/未限定,,美联社官网,美联社官网,新闻媒体或通讯社,新闻与风险,C_媒体与行业动态,补风险事件覆盖_核实RSS和许可,https://apnews.com/hub/africa,https://apnews.com/hub/africa,https://apnews.com/hub/africa,,非站点根路径_需确认栏目适用性,非站点根路径_需确认栏目适用性,,::美联社官网,原表机构名称_独立性未核实,obs_48fdf224c443ee5d3b0f709bdd,target_3331aa0277fe119f1cb1bf7a8918f5db97268081a471da042000f03bba2893df,
S16-R005,S16,境外,5,4,D5,B2,主流媒体,,跨国/未限定,,法新社,法新社,新闻媒体或通讯社,法律与规制；新闻与风险,C_媒体与行业动态,补风险事件覆盖_核实RSS和许可,https://www.afp.com/en,https://www.afp.com/en,https://www.afp.com/en,,非站点根路径_需确认栏目适用性,非站点根路径_需确认栏目适用性,,::法新社,原表机构名称_独立性未核实,obs_912304994d9d268c5627921fe9,target_4136c732c4008087b910e22eeb3100eaf360ba8d29c31b20b5253ec2dd6cd37b,
S16-R006,S16,境外,6,5,D6,B2,主流媒体,,跨国/未限定,,BBC,BBC,新闻媒体或通讯社,新闻与风险,C_媒体与行业动态,补风险事件覆盖_核实RSS和许可,https://www.bbc.com/news/world-latin-america-19997673,https://www.bbc.com/news/world-latin-america-19997673,https://www.bbc.com/news/world-latin-america-19997673,,具体文章或单项页面_需发现持续更新入口;非站点根路径_需确认栏目适用性,具体文章或单项页面_需发现持续更新入口；非站点根路径_需确认栏目适用性,,::BBC,原表机构名称_独立性未核实,obs_ca776c82c088b7b21fd3cb0bb7,target_e5ea29908be0c913f6ae9f3eaae503c0a1bc6c90a0463e203b31f30962658382,
S16-R007,S16,境外,7,6,D7,B2,主流媒体,,跨国/未限定,,路透社,路透社,新闻媒体或通讯社,新闻与风险,C_媒体与行业动态,补风险事件覆盖_核实RSS和许可,https://www.reuters.com/,https://www.reuters.com/,https://www.reuters.com/,,,,,::路透社,原表机构名称_独立性未核实,obs_7a132d742c55077d251f73f0aa,target_938754f9bd588c147a5340d9dcb42d0eb7ef56c16064a788e05fa99ade9f92c6,
S16-R008,S16,境外,8,7,D8,B8,综合检索,,跨国/未限定,,世界各国议会法规,世界各国议会法规,法律目录或聚合检索,法律与规制,D_许可及主体专项核实,逐源核实主体许可与原始证据回链,http://parliaments.lidicity.com/index.html,http://parliaments.lidicity.com/index.html,http://parliaments.lidicity.com/index.html,,,,,::世界各国议会法规,原表机构名称_独立性未核实,obs_3a775c9774e74ce3722334b41d,target_325a963558bf758687f81c4a841c6ad63d03f151366ee265f30d645a2d9876aa,
S16-R009,S16,境外,9,8,D9,B8,综合检索,,跨国/未限定,,ICSID官网,ICSID官网,国际机构争端案例库,综合或未明确,B1_矿业能源法律核心,优先矿业政策与法律事件_按国家并行,https://icsid.worldbank.org/cases,https://icsid.worldbank.org/cases,https://icsid.worldbank.org/cases,,非站点根路径_需确认栏目适用性,非站点根路径_需确认栏目适用性,,::ICSID官网,原表机构名称_独立性未核实,obs_911d6472016e5d2f1074a17636,target_4aa0472c31738463313c61bdddf97f80d976312000bf31d77aa29cf569c94a58,
S16-R010,S16,境外,10,9,D10,B8,综合检索,,跨国/未限定,,世界法规指引,世界法规指引,法律目录或聚合检索,法律与规制,D_许可及主体专项核实,逐源核实主体许可与原始证据回链,https://www.lexadin.nl/wlg/legis/nofr/legis.php,https://www.lexadin.nl/wlg/legis/nofr/legis.php,https://www.lexadin.nl/wlg/legis/nofr/legis.php,,非站点根路径_需确认栏目适用性,非站点根路径_需确认栏目适用性,,::世界法规指引,原表机构名称_独立性未核实,obs_334453aafb0457f4987d19e237,target_2543aa882ce0005db94adee7a16979e762df938a869ebe79115a46ae150424b4,
S16-R011,S16,境外,11,10,D11,B11,美国,US,美国,,美国白宫官网,美国白宫官网,政府综合门户或总统府,综合或未明确,B2_政府配套政策,财政环境劳动土地基建及综合政策全部保留,https://www.whitehouse.gov/,https://www.whitehouse.gov/,https://www.whitehouse.gov/,,,,,US::美国白宫官网,原表机构名称_独立性未核实,obs_740a7987dd03bcb7248b4cd6d5,target_7b86e862d10a68e4bb7002e95523064d17e61d833abb7dab69ef84c23f3a7a9b,
S16-R012,S16,境外,12,11,D12,B11,美国,US,美国,,美联邦政府,美联邦政府,政府综合门户或总统府,新闻与风险,B2_政府配套政策,财政环境劳动土地基建及综合政策全部保留,https://www.usa.gov/,https://www.usa.gov/,https://www.usa.gov/,,,,,US::美联邦政府,原表机构名称_独立性未核实,obs_1dd892f290a7034b9f092dd728,target_66cf5a759142bc2188ee8d5a141a03053dc4c78a15fed36cbb4143fa2319ee7f,
S16-R013,S16,境外,13,12,D13,B11,美国,US,美国,,美国防部【战争部】,美国防部【战争部】,海外政府部门或监管机构候选,综合或未明确,B2_政府配套政策,财政环境劳动土地基建及综合政策全部保留,https://www.war.gov/?=,https://www.war.gov/?=,https://www.war.gov/?=,,,,,US::美国防部【战争部】,原表机构名称_独立性未核实,obs_988efda7c91be6496711c11c58,target_5e3df3c2e9216641a86d01c60fac70b3c8ee70603d1314fc09991fe5fbe6b2ef,
S16-R014,S16,境外,14,13,D14,B14,澳大利亚,AU,澳大利亚,,澳大利亚立法信息网,澳大利亚立法信息网,立法法规或官方公报候选,法律与规制,B1_矿业能源法律核心,优先矿业政策与法律事件_按国家并行,https://www.legislation.gov.au/,https://www.legislation.gov.au/,https://www.legislation.gov.au/,,,,,AU::澳大利亚立法信息网,原表机构名称_独立性未核实,obs_3a5aebe4c91a3681ca21b9839a,target_27d54b8addf36f265abcbb263d8055e834ea067d42e9c39b2b0f024f9c3d8b2b,
S16-R015,S16,境外,15,14,D15,B14,澳大利亚,AU,澳大利亚,,气候变化、能源、环境和水资源部,气候变化、能源、环境和水资源部,海外政府部门或监管机构候选,能源；环境；水资源,B1_矿业能源法律核心,优先矿业政策与法律事件_按国家并行,https://www.dcceew.gov.au,https://www.dcceew.gov.au/,https://www.dcceew.gov.au/,协议主机小写及空路径补斜杠,,,,AU::气候变化、能源、环境和水资源部,原表机构名称_独立性未核实,obs_a4945a8e8267e91fd9f03cb15d,target_cf596aa938f5cddb736de62746b5e28cf54431b373d8ff05aedd744955fe49f7,
S16-R016,S16,境外,16,15,D16,B14,澳大利亚,AU,澳大利亚,,工业、科学和资源部【mining】,工业、科学和资源部【mining】,海外政府部门或监管机构候选,矿业与资源；基础设施与产业,B1_矿业能源法律核心,优先矿业政策与法律事件_按国家并行,https://www.industry.gov.au/news,https://www.industry.gov.au/news,https://www.industry.gov.au/news,,非站点根路径_需确认栏目适用性,非站点根路径_需确认栏目适用性,,AU::工业、科学和资源部【mining】,原表机构名称_独立性未核实,obs_1483d1c50b962a18dc8f9ae9b5,target_62799bbdfd73c16ba30c4f410ec1e714dd5be7383b176b969c8895e9e4dc8ef5,
S16-R017,S16,境外,17,16,D17,B14,澳大利亚,AU,澳大利亚,,议会事务部,议会事务部,议会机构候选,法律与规制,B2_政府配套政策,财政环境劳动土地基建及综合政策全部保留,https://www.aph.gov.au/About_Parliament/Parliamentary_Departments/Department_of_Parliamentary_Services,https://www.aph.gov.au/About_Parliament/Parliamentary_Departments/Department_of_Parliamentary_Services,https://www.aph.gov.au/About_Parliament/Parliamentary_Departments/Department_of_Parliamentary_Services,,非站点根路径_需确认栏目适用性,非站点根路径_需确认栏目适用性,,AU::议会事务部,原表机构名称_独立性未核实,obs_5cbb746c7e74060a989c515d14,target_84a2a78f2a8cd84056e3ad837a393f60f10274e824acfe99024e9966886e2a9e,
S16-R018,S16,境外,18,17,D18,B18,阿根廷,AR,阿根廷,,阿根廷共和国总统府公报,阿根廷共和国总统府公报,立法法规或官方公报候选,法律与规制；新闻与风险,B1_矿业能源法律核心,优先矿业政策与法律事件_按国家并行,https://www.boletinoficial.gob.ar/seccion/primera,https://www.boletinoficial.gob.ar/seccion/primera,https://www.boletinoficial.gob.ar/seccion/primera,,非站点根路径_需确认栏目适用性,非站点根路径_需确认栏目适用性,,AR::阿根廷共和国总统府公报,原表机构名称_独立性未核实,obs_c5d3a1f44f5ebaf953f3d22708,target_f03c32584b5951f69ac9c8a18dc2576f6beb8ff1304422d2364240152376f49e,
S16-R019,S16,境外,19,18,D19,B18,阿根廷,AR,阿根廷,,总统府,总统府,政府综合门户或总统府,综合或未明确,B2_政府配套政策,财政环境劳动土地基建及综合政策全部保留,https://www.argentina.gob.ar/presidencia,https://www.argentina.gob.ar/presidencia,https://www.argentina.gob.ar/presidencia,,非站点根路径_需确认栏目适用性,非站点根路径_需确认栏目适用性,,AR::总统府,原表机构名称_独立性未核实,obs_465724aa4af02110c0465cf2b0,target_176e12f44aaa5428a4a6ead6bdd649764d8affd80f2c21e93c4fc54ecef245f6,
S16-R020,S16,境外,20,19,D20,B18,阿根廷,AR,阿根廷,,阿根廷总统府法律和技术国秘处,阿根廷总统府法律和技术国秘处,海外政府部门或监管机构候选,法律与规制,B2_政府配套政策,财政环境劳动土地基建及综合政策全部保留,https://www.argentina.gob.ar/presidencia/secretaria-legal-y-tecnica,https://www.argentina.gob.ar/presidencia/secretaria-legal-y-tecnica,https://www.argentina.gob.ar/presidencia/secretaria-legal-y-tecnica,,非站点根路径_需确认栏目适用性,非站点根路径_需确认栏目适用性,,AR::阿根廷总统府法律和技术国秘处,原表机构名称_独立性未核实,obs_129a251fd33280ae7f8bd1090a,target_70118293db6b6270417de2a47f2e6570ba24c8e15399c479486ffa18d5a00473,
S16-R021,S16,境外,21,20,D21,B18,阿根廷,AR,阿根廷,,经济部,经济部,海外政府部门或监管机构候选,财税与经济,B2_政府配套政策,财政环境劳动土地基建及综合政策全部保留,www.argentina.gob.ar/economia,http://www.argentina.gob.ar/economia,http://www.argentina.gob.ar/economia,依据同单元格超链接补协议_联网未验证,原显示网址缺协议_协议补全来源见normalization_notes;非站点根路径_需确认栏目适用性,原显示网址缺协议_协议补全来源见normalization_notes；非站点根路径_需确认栏目适用性,,AR::经济部,原表机构名称_独立性未核实,obs_ecad2689e976268b78ece649dc,target_e2358803457408e3a6afeb6a5915304a0f13f60131706837b4aeec3bf9443d8a,
S16-R022,S16,境外,22,21,D22,B18,阿根廷,AR,阿根廷,,新闻国秘处,新闻国秘处,海外政府部门或监管机构候选,新闻与风险,B2_政府配套政策,财政环境劳动土地基建及综合政策全部保留,https://www.argentina.gob.ar/secretaria-de-prensa,https://www.argentina.gob.ar/secretaria-de-prensa,https://www.argentina.gob.ar/secretaria-de-prensa,,非站点根路径_需确认栏目适用性,非站点根路径_需确认栏目适用性,,AR::新闻国秘处,原表机构名称_独立性未核实,obs_a873bfd3ddc179d3812a8c53c9,target_09393185b1c6ff0c5292ab5b16b3b122992cf0399142375d532f9b46f0bacf86,
S16-R023,S16,境外,23,22,D23,B18,阿根廷,AR,阿根廷,,阿根廷政府网站,阿根廷政府网站,政府综合门户或总统府,综合或未明确,B2_政府配套政策,财政环境劳动土地基建及综合政策全部保留,https://www.argentina.gob.ar/,https://www.argentina.gob.ar/,https://www.argentina.gob.ar/,,,,,AR::阿根廷政府网站,原表机构名称_独立性未核实,obs_79753b28712a5bb11e68e82c47,target_5bbd9cc1a846ffc16c8f3ad424810780d82adad87dc604f9ffd495a846e1f6ec,
S16-R024,S16,境外,24,23,D24,B24,苏里南,SR,苏里南,,苏里南国民议会法律汇总,苏里南国民议会法律汇总,立法法规或官方公报候选,法律与规制,B1_矿业能源法律核心,优先矿业政策与法律事件_按国家并行,https://www.dna.sr/wetgeving/surinaamse-wetten/wetten-na-2005/nieuw-burgerlijk-wetboek/aanpassingswet/,https://www.dna.sr/wetgeving/surinaamse-wetten/wetten-na-2005/nieuw-burgerlijk-wetboek/aanpassingswet/,https://www.dna.sr/wetgeving/surinaamse-wetten/wetten-na-2005/nieuw-burgerlijk-wetboek/aanpassingswet/,,具体文章或单项页面_需发现持续更新入口;非站点根路径_需确认栏目适用性,具体文章或单项页面_需发现持续更新入口；非站点根路径_需确认栏目适用性,,SR::苏里南国民议会法律汇总,原表机构名称_独立性未核实,obs_3f8b9a61b9bec352e31eb6e757,target_39a4cf3620a742aa2900258658c100c7cd937eb54a9dc364467995b84d9842cf,
S16-R025,S16,境外,25,24,D25,B24,苏里南,SR,苏里南,,苏里南政府网址,苏里南政府网址,政府综合门户或总统府,综合或未明确,B2_政府配套政策,财政环境劳动土地基建及综合政策全部保留,https://www.gov.sr/,https://www.gov.sr/,https://www.gov.sr/,,,,,SR::苏里南政府网址,原表机构名称_独立性未核实,obs_4c44cb4b8aad3d2ad3253400de,target_82d1393dccd8dd1ded34c5dab61dcb174206c10010c57d84f86cda912e89f658,
S16-R026,S16,境外,26,25,D26,B24,苏里南,SR,苏里南,,苏里南自然资源部,苏里南自然资源部,海外政府部门或监管机构候选,矿业与资源,B1_矿业能源法律核心,优先矿业政策与法律事件_按国家并行,www.gov.sr/ministerie-van-nh/,http://www.gov.sr/ministerie-van-nh/,http://www.gov.sr/ministerie-van-nh/,依据同单元格超链接补协议_联网未验证,原显示网址缺协议_协议补全来源见normalization_notes;非站点根路径_需确认栏目适用性,原显示网址缺协议_协议补全来源见normalization_notes；非站点根路径_需确认栏目适用性,,SR::苏里南自然资源部,原表机构名称_独立性未核实,obs_2d7b233b0fcfdeed1b36c21774,target_0b0f17789f85bc907ab96ded791ec5f40175707269062d5f4dbaeb911ddbdd58,
S16-R027,S16,境外,27,26,D27,B27,哥伦比亚,CO,哥伦比亚,,哥伦比亚国家矿业局,哥伦比亚国家矿业局,海外政府部门或监管机构候选,矿业与资源,B1_矿业能源法律核心,优先矿业政策与法律事件_按国家并行,https://www.anm.gov.co/index.php/,https://www.anm.gov.co/index.php/,https://www.anm.gov.co/index.php/,,非站点根路径_需确认栏目适用性,非站点根路径_需确认栏目适用性,,CO::哥伦比亚国家矿业局,原表机构名称_独立性未核实,obs_fae2c7b55be59ee79fa59fed2b,target_9d01cbedc4e6342ac4393e0f6ef20259c35a9d0fa392ba36efe42529e6f9d514,
S16-R028,S16,境外,28,27,D28,B27,哥伦比亚,CO,哥伦比亚,,总统府,总统府,政府综合门户或总统府,综合或未明确,B2_政府配套政策,财政环境劳动土地基建及综合政策全部保留,http://www.presidencia.gov.co,http://www.presidencia.gov.co/,http://www.presidencia.gov.co/,协议主机小写及空路径补斜杠,,,,CO::总统府,原表机构名称_独立性未核实,obs_7a1cfbf42a7d0d5b484cddbd59,target_4df12f3ddc79ed1d2ace77987be43c44466cd13f7ea5447b8ff88fd85ffba555,
S16-R029,S16,境外,29,28,D29,B27,哥伦比亚,CO,哥伦比亚,,能源部,能源部,海外政府部门或监管机构候选,能源,B1_矿业能源法律核心,优先矿业政策与法律事件_按国家并行,http://www.minminas.gov.co,http://www.minminas.gov.co/,http://www.minminas.gov.co/,协议主机小写及空路径补斜杠,哥伦比亚矿能部疑似同机构不同域名_待核实合并,哥伦比亚矿能部疑似同机构不同域名_待核实合并,,CO::能源部,原表机构名称_独立性未核实,obs_87c9850354105c190cff0a26c1,target_628c032071f4c897008b8796a5781ab28af6238a173b53852983778b0ecd034f,
S16-R030,S16,境外,30,29,D30,B27,哥伦比亚,CO,哥伦比亚,,矿业与能源部,矿业与能源部,海外政府部门或监管机构候选,矿业与资源；能源,B1_矿业能源法律核心,优先矿业政策与法律事件_按国家并行,www.minenergia.gov.co/,http://www.minenergia.gov.co/,http://www.minenergia.gov.co/,依据同单元格超链接补协议_联网未验证,原显示网址缺协议_协议补全来源见normalization_notes;哥伦比亚矿能部疑似同机构不同域名_待核实合并,原显示网址缺协议_协议补全来源见normalization_notes；哥伦比亚矿能部疑似同机构不同域名_待核实合并,,CO::矿业与能源部,原表机构名称_独立性未核实,obs_a014a833707c89569036501752,target_8146f3b281d89b552c3687a824b7fb00c35882dd2585bc034206e72e94d99d08,
S16-R031,S16,境外,31,30,D31,B27,哥伦比亚,CO,哥伦比亚,,环境部,环境部,海外政府部门或监管机构候选,环境,B2_政府配套政策,财政环境劳动土地基建及综合政策全部保留,www.minambiente.gov.co,,https://www.minambiente.gov.co/,补https协议作为待验证候选；协议主机小写及空路径补斜杠,原显示网址缺协议_协议补全来源见normalization_notes,原显示网址缺协议_协议补全来源见normalization_notes,,CO::环境部,原表机构名称_独立性未核实,obs_02c4b9cc85b002833cd6270414,target_68ca508b83b780759c35556abd92758da9cb38d051e8d0b3a5b40807844636d2,
S16-R032,S16,境外,32,31,D32,B32,圭亚那,GY,圭亚那,,圭亚那新闻源【权威】,圭亚那新闻源【权威】,新闻媒体或通讯社,新闻与风险,C_媒体与行业动态,补风险事件覆盖_核实RSS和许可,https://newssourcegy.com/,https://newssourcegy.com/,https://newssourcegy.com/,,,,,GY::圭亚那新闻源【权威】,原表机构名称_独立性未核实,obs_6d1205606835f2c823e19acfa8,target_9a8c301a4113bf0541bccab8943838b329b2c383b907b61c5bb2b606446c3786,
S16-R033,S16,境外,33,32,D33,B32,圭亚那,GY,圭亚那,,圭亚那标准报,圭亚那标准报,新闻媒体或通讯社,新闻与风险,C_媒体与行业动态,补风险事件覆盖_核实RSS和许可,https://www.guyanastandard.com/,https://www.guyanastandard.com/,https://www.guyanastandard.com/,,,,,GY::圭亚那标准报,原表机构名称_独立性未核实,obs_1c2ffffb94d21113861219af1f,target_0e13db3f5a50146bf6065e99cea71c1677027c73e273ee9ef91bfd62e6afe136,
S16-R034,S16,境外,34,33,D34,B32,圭亚那,GY,圭亚那,,圭亚那新闻,圭亚那新闻,新闻媒体或通讯社,新闻与风险,C_媒体与行业动态,补风险事件覆盖_核实RSS和许可,https://newsfeedgy.com/,https://newsfeedgy.com/,https://newsfeedgy.com/,,,,,GY::圭亚那新闻,原表机构名称_独立性未核实,obs_4308d734d913338b09f4d0f5fa,target_23101b5dca0e3f1ff6718e0753efb0dcd6ab1c2014c479facb64dd57292c114a,
S16-R035,S16,境外,35,34,D35,B32,圭亚那,GY,圭亚那,,爱圭亚那新闻,爱圭亚那新闻,新闻媒体或通讯社,新闻与风险,C_媒体与行业动态,补风险事件覆盖_核实RSS和许可,https://inewsguyana.com/,,https://inewsguyana.com/,,,,,GY::爱圭亚那新闻,原表机构名称_独立性未核实,obs_527290915ae6e3c10e129b47b1,target_aab854e30886773e17f9d682866b88f0bd3f483b5ee4a6ecdc2eb51bf7299b11,
S16-R036,S16,境外,36,35,D36,B32,圭亚那,GY,圭亚那,,圭亚那新闻直播间,圭亚那新闻直播间,新闻媒体或通讯社,新闻与风险,C_媒体与行业动态,补风险事件覆盖_核实RSS和许可,https://newsroom.gy/,,https://newsroom.gy/,,,,,GY::圭亚那新闻直播间,原表机构名称_独立性未核实,obs_7f44aaf994a57a5a24a61f16e7,target_3eeae7497e33a628559ef57523ca853fe8265bedab429ce81fa9f991b3e47ef5,
S16-R037,S16,境外,37,36,D37,B37,加纳,GH,加纳,,加纳黄金委员会,加纳黄金委员会,海外政府部门或监管机构候选,综合或未明确,B2_政府配套政策,财政环境劳动土地基建及综合政策全部保留,https://goldbod.gov.gh/ghana-gold-board-bill-2025-passed-into-law/,https://goldbod.gov.gh/ghana-gold-board-bill-2025-passed-into-law/,https://goldbod.gov.gh/ghana-gold-board-bill-2025-passed-into-law/,,具体文章或单项页面_需发现持续更新入口;非站点根路径_需确认栏目适用性,具体文章或单项页面_需发现持续更新入口；非站点根路径_需确认栏目适用性,,GH::加纳黄金委员会,原表机构名称_独立性未核实,obs_d3a068b12a2f8ffbe4042cc2aa,target_364e8d00bf081d14b4bddb66a553d91ddbd81a06154e2538d46e189819899842,
S16-R038,S16,境外,38,37,D38,B37,加纳,GH,加纳,,土地与自然资源部,土地与自然资源部,海外政府部门或监管机构候选,矿业与资源,B1_矿业能源法律核心,优先矿业政策与法律事件_按国家并行,www.mlnr.gov.gh,http://www.mlnr.gov.gh/,http://www.mlnr.gov.gh/,协议主机小写及空路径补斜杠；依据同单元格超链接补协议_联网未验证,原显示网址缺协议_协议补全来源见normalization_notes,原显示网址缺协议_协议补全来源见normalization_notes,,GH::土地与自然资源部,原表机构名称_独立性未核实,obs_0256d51ef8f9d5e9334b41147d,target_a4450cae2f8e43f93953e5c519cd2d083ceeea87f8e3b2e87f75c074edd9d028,
S16-R039,S16,境外,39,38,D39,B37,加纳,GH,加纳,,新闻部,新闻部,海外政府部门或监管机构候选,新闻与风险,B2_政府配套政策,财政环境劳动土地基建及综合政策全部保留,www.moi.gov.gh,http://www.moi.gov.gh/,http://www.moi.gov.gh/,协议主机小写及空路径补斜杠；依据同单元格超链接补协议_联网未验证,原显示网址缺协议_协议补全来源见normalization_notes,原显示网址缺协议_协议补全来源见normalization_notes,,GH::新闻部,原表机构名称_独立性未核实,obs_1c3ad5a98c43d8512b9b6c1e36,target_9e99a5574b51acd96962cafcd278fc68de5fdb2db600e23e9a27af60d2d69337,
S16-R040,S16,境外,40,39,D40,B37,加纳,GH,加纳,,加纳法律信息研究所（判决、法规、公报）,加纳法律信息研究所(判决、法规、公报),第三方法律信息服务,法律与规制；新闻与风险,D_许可及主体专项核实,逐源核实主体许可与原始证据回链,https://ghalii.org/,https://ghalii.org/,https://ghalii.org/,,,,,GH::加纳法律信息研究所(判决、法规、公报),原表机构名称_独立性未核实,obs_3a21e01ee38b0a76edc99dc816,target_76c0328e51564d16af0732616ba52bf96b8e26bf2aafb08f2c4c0df32bbf7e69,
S16-R041,S16,境外,41,40,D41,B41,南非,ZA,南非,,南非政府部门网站网址,南非政府部门网站网址,政府综合门户或总统府,综合或未明确,B2_政府配套政策,财政环境劳动土地基建及综合政策全部保留,https://www.gov.za/about-government/contact-directory/national-government/ministers,https://www.gov.za/about-government/contact-directory/national-government/ministers,https://www.gov.za/about-government/contact-directory/national-government/ministers,,非站点根路径_需确认栏目适用性,非站点根路径_需确认栏目适用性,,ZA::南非政府部门网站网址,原表机构名称_独立性未核实,obs_9898aced41d71efb8531716aa7,target_a82712d2a15d2df1ef5b47582150beca19c60c4c9ddaa1386dcb97bd1d4bb8dc,
S16-R042,S16,境外,42,41,D42,B41,南非,ZA,南非,,南非矿业委员会,南非矿业委员会,行业协会,矿业与资源,C_媒体与行业动态,补风险事件覆盖_核实RSS和许可,www.mineralscouncil.org.za,http://www.mineralscouncil.org.za/,http://www.mineralscouncil.org.za/,协议主机小写及空路径补斜杠；依据同单元格超链接补协议_联网未验证,原显示网址缺协议_协议补全来源见normalization_notes,原显示网址缺协议_协议补全来源见normalization_notes,,ZA::南非矿业委员会,原表机构名称_独立性未核实,obs_0918a69b64dc08c63f9b8c614b,target_c89e92c4622a827c301174818e84ca86d4b19248f1423af5afb6cca900f98bf6,
S16-R043,S16,境外,43,42,D43,B43,刚果金,CD,刚果金,,刚果金矿业部,刚果金矿业部,海外政府部门或监管机构候选,矿业与资源,B1_矿业能源法律核心,优先矿业政策与法律事件_按国家并行,https://mines.gouv.cd/fr/,https://mines.gouv.cd/fr/,https://mines.gouv.cd/fr/,,非站点根路径_需确认栏目适用性,非站点根路径_需确认栏目适用性,,CD::刚果金矿业部,原表机构名称_独立性未核实,obs_83505141f33f0d6abff5660794,target_9f518f884cd4cd2c7aa6afe87432af64aee93f1a3a085452b20b89f63cec5f8c,
S16-R044,S16,境外,44,43,D44,B43,刚果金,CD,刚果金,,官方公报 ,官方公报,立法法规或官方公报候选,法律与规制；新闻与风险,B1_矿业能源法律核心,优先矿业政策与法律事件_按国家并行,www.journalofficiel.cd,http://www.journalofficiel.cd/,http://www.journalofficiel.cd/,协议主机小写及空路径补斜杠；依据同单元格超链接补协议_联网未验证,原显示网址缺协议_协议补全来源见normalization_notes,原显示网址缺协议_协议补全来源见normalization_notes,,CD::官方公报,原表机构名称_独立性未核实,obs_319e0326b79819d53ed1face73,target_a028b1e728baf347cb1d96f5f8c6c5dd1f3f591208ed967b3ca081090b96c9c4,
S16-R045,S16,境外,45,44,D45,B43,刚果金,CD,刚果金,,潜力报 ,潜力报,新闻媒体或通讯社,新闻与风险,C_媒体与行业动态,补风险事件覆盖_核实RSS和许可,www.lepotentielonline.com,http://www.lepotentielonline.com/,http://www.lepotentielonline.com/,协议主机小写及空路径补斜杠；依据同单元格超链接补协议_联网未验证,原显示网址缺协议_协议补全来源见normalization_notes,原显示网址缺协议_协议补全来源见normalization_notes,,CD::潜力报,原表机构名称_独立性未核实,obs_0404abda75ba285b9f6e65508f,target_38877aa645cbe9d8cd87e966348366ef8f5a221f2b9358f2b83de3b7a9a65d00,
S16-R046,S16,境外,46,45,D46,B43,刚果金,CD,刚果金,,刚通社,刚通社,新闻媒体或通讯社,综合或未明确,C_媒体与行业动态,补风险事件覆盖_核实RSS和许可,www.acpcongo.com,http://www.acpcongo.com/,http://www.acpcongo.com/,协议主机小写及空路径补斜杠；依据同单元格超链接补协议_联网未验证,原显示网址缺协议_协议补全来源见normalization_notes,原显示网址缺协议_协议补全来源见normalization_notes,,CD::刚通社,原表机构名称_独立性未核实,obs_4e81ffef11266979cc11439219,target_fb7978f7a6c02a2943115c780312a76a4ded357c3dd5dcf191c1ea26ac7f91a5,
S16-R047,S16,境外,47,46,D47,B43,刚果金,CD,刚果金,,地质和矿业勘探信息网 ,地质和矿业勘探信息网,地质矿业信息平台_运营主体未核实,矿业与资源,D_许可及主体专项核实,逐源核实主体许可与原始证据回链,www.rdcmining.org,http://www.rdcmining.org/,http://www.rdcmining.org/,协议主机小写及空路径补斜杠；依据同单元格超链接补协议_联网未验证,原显示网址缺协议_协议补全来源见normalization_notes,原显示网址缺协议_协议补全来源见normalization_notes,,CD::地质和矿业勘探信息网,原表机构名称_独立性未核实,obs_0b452f40a35125641a58a2e0dd,target_57b2aaa17521f08d2bf36278caf2b1868245518359dcee8b46165361be546321,
S16-R048,S16,境外,48,47,D48,B43,刚果金,CD,刚果金,,国民议会,国民议会,议会机构候选,法律与规制,B2_政府配套政策,财政环境劳动土地基建及综合政策全部保留,www.assemblee-nationale.cd,http://www.assemblee-nationale.cd/,http://www.assemblee-nationale.cd/,协议主机小写及空路径补斜杠；依据同单元格超链接补协议_联网未验证,原显示网址缺协议_协议补全来源见normalization_notes,原显示网址缺协议_协议补全来源见normalization_notes,,CD::国民议会,原表机构名称_独立性未核实,obs_f75bdeb2573f4f43e38cfd4601,target_5f77be35fd6265004b4c08eb154348692480c01b7aa236031f4728d8ae08cef2,
S16-R049,S16,境外,49,48,D49,B49,赞比亚,ZM,赞比亚,,总统府,总统府,政府综合门户或总统府,综合或未明确,B2_政府配套政策,财政环境劳动土地基建及综合政策全部保留,www.statehouse.gov.zm,http://www.statehouse.gov.zm/,http://www.statehouse.gov.zm/,协议主机小写及空路径补斜杠；依据同单元格超链接补协议_联网未验证,原显示网址缺协议_协议补全来源见normalization_notes,原显示网址缺协议_协议补全来源见normalization_notes,,ZM::总统府,原表机构名称_独立性未核实,obs_42f6773d549cca5c0782ca1c35,target_eb9214ae8d8878a51e0d0f464858c6210587f38260d135889617f7b7c47111a6,
S16-R050,S16,境外,50,49,D50,B49,赞比亚,ZM,赞比亚,,矿业与矿产发展部,矿业与矿产发展部,海外政府部门或监管机构候选,矿业与资源；财税与经济,B1_矿业能源法律核心,优先矿业政策与法律事件_按国家并行,www.mmmd.gov.zm,http://www.mmmd.gov.zm/,http://www.mmmd.gov.zm/,协议主机小写及空路径补斜杠；依据同单元格超链接补协议_联网未验证,原显示网址缺协议_协议补全来源见normalization_notes,原显示网址缺协议_协议补全来源见normalization_notes,,ZM::矿业与矿产发展部,原表机构名称_独立性未核实,obs_8af6f22274cabea06c6e57ec46,target_f86fd0ba9db4848ef39c676813e3f8a8cac6bbd95877bffc13ce3d1b8f42d0fc,
S16-R051,S16,境外,51,50,D51,B49,赞比亚,ZM,赞比亚,,能源部,能源部,海外政府部门或监管机构候选,能源,B1_矿业能源法律核心,优先矿业政策与法律事件_按国家并行,www.moe.gov.zm/,http://www.moe.gov.zm/,http://www.moe.gov.zm/,依据同单元格超链接补协议_联网未验证,原显示网址缺协议_协议补全来源见normalization_notes,原显示网址缺协议_协议补全来源见normalization_notes,,ZM::能源部,原表机构名称_独立性未核实,obs_b8c925711cc8efce60769a7fa5,target_d335f178dbca03e1950b1cbefd95831770eab939583ad928f3ae1a319da47d44,
S16-R052,S16,境外,52,51,D52,B49,赞比亚,ZM,赞比亚,,土地与自然资源部,土地与自然资源部,海外政府部门或监管机构候选,矿业与资源,B1_矿业能源法律核心,优先矿业政策与法律事件_按国家并行,www.mlnr.gov.zm,http://www.mlnr.gov.zm/,http://www.mlnr.gov.zm/,协议主机小写及空路径补斜杠；依据同单元格超链接补协议_联网未验证,原显示网址缺协议_协议补全来源见normalization_notes,原显示网址缺协议_协议补全来源见normalization_notes,,ZM::土地与自然资源部,原表机构名称_独立性未核实,obs_e4045826330bfe7109c32b6ea3,target_39f4a23cbe2d426d7c67dfb3e08f95f5ac717b1587b10f6416c3952caa793487,
S16-R053,S16,境外,53,52,D53,B53,蒙古,MN,蒙古,,蒙古国家通讯社,蒙古国家通讯社,新闻媒体或通讯社,新闻与风险,C_媒体与行业动态,补风险事件覆盖_核实RSS和许可,https://www.cn.montsame.mn/cn/more/101,https://www.cn.montsame.mn/cn/more/101,https://www.cn.montsame.mn/cn/more/101,,非站点根路径_需确认栏目适用性,非站点根路径_需确认栏目适用性,,MN::蒙古国家通讯社,原表机构名称_独立性未核实,obs_4f43c3914163ebe4e7ea836632,target_ec970c9637724d8b156170f72e462d936ae7e7360788365619ff098e873a8840,
S16-R054,S16,境外,54,53,D54,B53,蒙古,MN,蒙古,,蒙古财务协调委员会网站,蒙古财务协调委员会网站,海外政府部门或监管机构候选,财税与经济,B2_政府配套政策,财政环境劳动土地基建及综合政策全部保留,https://www.frc.mn/#/home,https://www.frc.mn/,https://www.frc.mn/#/home,,显示网址与超链接目标不一致_只用显示网址分类;SPA片段路由_不能当普通锚点删除,显示网址与超链接目标不一致_只用显示网址分类；SPA片段路由_不能当普通锚点删除,,MN::蒙古财务协调委员会网站,原表机构名称_独立性未核实,obs_56c162147b7f0533efebf10780,target_21ae06f2bb0079795abc1697e5e55a0d3f3a48770e3a66887b7eab0ce966b094,
S16-R055,S16,境外,55,54,D55,B55,吉尔吉斯斯坦,KG,吉尔吉斯斯坦,,政府官网,政府官网,政府综合门户或总统府,综合或未明确,B2_政府配套政策,财政环境劳动土地基建及综合政策全部保留,https://www.gov.kg/ky,https://www.gov.kg/ky,https://www.gov.kg/ky,,非站点根路径_需确认栏目适用性,非站点根路径_需确认栏目适用性,,KG::政府官网,原表机构名称_独立性未核实,obs_8c8a4bcbcb9af84c9764b3de9f,target_f0f35ea8aae890dc5283e9bbd4a2a2de526bd4e6cad5516704260f99544fb5a1,
S16-R056,S16,境外,56,55,D56,B55,吉尔吉斯斯坦,KG,吉尔吉斯斯坦,,商业环境政策办公室，执照和许可证网站,"商业环境政策办公室,执照和许可证网站",海外政府部门或监管机构候选,环境,B2_政府配套政策,财政环境劳动土地基建及综合政策全部保留,https://elicense.gov.kg/license/id/1655,https://elicense.gov.kg/license/id/1655,https://elicense.gov.kg/license/id/1655,,具体文章或单项页面_需发现持续更新入口;非站点根路径_需确认栏目适用性,具体文章或单项页面_需发现持续更新入口；非站点根路径_需确认栏目适用性,,"KG::商业环境政策办公室,执照和许可证网站",原表机构名称_独立性未核实,obs_6daaed7cdcf9ab3d7b7d55b8a4,target_e2280131524390bec28b9cf6a7dbdabab24d9128fea6ccae0e43902a642fd6b6,
S16-R057,S16,境外,57,56,D57,B55,吉尔吉斯斯坦,KG,吉尔吉斯斯坦,,自然资源、生态和技术监督部地质局,自然资源、生态和技术监督部地质局,海外政府部门或监管机构候选,矿业与资源；环境,B1_矿业能源法律核心,优先矿业政策与法律事件_按国家并行,https://www.geology.kg/,https://www.geology.kg/,https://www.geology.kg/,,,,,KG::自然资源、生态和技术监督部地质局,原表机构名称_独立性未核实,obs_6c100289bcee75f659dc1f877c,target_f8a481886b4f20b241e5ff8f0358fbe32cf704144a7622d7ac42a27166e1c201,
S16-R058,S16,境外,58,57,D58,B58,塔吉克斯坦,TJ,塔吉克斯坦,,地矿总局,地矿总局,海外政府部门或监管机构候选,矿业与资源,B1_矿业能源法律核心,优先矿业政策与法律事件_按国家并行,www.gst.tj,http://www.gst.tj/,http://www.gst.tj/,协议主机小写及空路径补斜杠；依据同单元格超链接补协议_联网未验证,原显示网址缺协议_协议补全来源见normalization_notes,原显示网址缺协议_协议补全来源见normalization_notes,,TJ::地矿总局,原表机构名称_独立性未核实,obs_83936dfdee0aeb1b29200f353d,target_2c7af61b78e9713138dc54dce3f7d08b3284ca045d50eac782492c836fea9796,
S16-R059,S16,境外,59,58,D59,B58,塔吉克斯坦,TJ,塔吉克斯坦,,总统府,总统府,政府综合门户或总统府,综合或未明确,B2_政府配套政策,财政环境劳动土地基建及综合政策全部保留,https://www.president.tj/,https://www.president.tj/,https://www.president.tj/,,,,,TJ::总统府,原表机构名称_独立性未核实,obs_233c17e5462ad8d460a42b9fdb,target_f2a169165a366b02275b525a19963bd68699e88bfe0615f06b80aa22e7170391,
S16-R060,S16,境外,60,59,D60,B60,哈萨克斯坦,KZ,哈萨克斯坦,,政府网站,政府网站,政府综合门户或总统府,综合或未明确,B2_政府配套政策,财政环境劳动土地基建及综合政策全部保留,https://primeminister.kz,https://primeminister.kz/,https://primeminister.kz/,协议主机小写及空路径补斜杠,哈萨克斯坦政府门户疑似同发布方_待核实合并,哈萨克斯坦政府门户疑似同发布方_待核实合并,,KZ::政府网站,原表机构名称_独立性未核实,obs_805b53fb03d1bb5c57508ce13e,target_2bebdc91d196fca8e284097c924f5262b64dffdcc8d22b1ee109735e345570f7,
S16-R061,S16,境外,61,60,D61,B60,哈萨克斯坦,KZ,哈萨克斯坦,,能源部,能源部,海外政府部门或监管机构候选,能源,B1_矿业能源法律核心,优先矿业政策与法律事件_按国家并行,https://www.gov.kz/memleket/entities/energo?lang=ru,https://www.gov.kz/memleket/entities/energo?lang=ru,https://www.gov.kz/memleket/entities/energo?lang=ru,,非站点根路径_需确认栏目适用性,非站点根路径_需确认栏目适用性,,KZ::能源部,原表机构名称_独立性未核实,obs_d6c650dd7a541b98bcc62265d1,target_88952b2e57b37d4ae9bc0da42e261edfae6ba86681ac62788341c94582e95ccf,
S16-R062,S16,境外,62,61,D62,B60,哈萨克斯坦,KZ,哈萨克斯坦,,哈萨克斯坦国会网站,哈萨克斯坦国会网站,议会机构候选,综合或未明确,A_基础信息修正,先明确机构与网址映射_不删除候选,https://www.frc.mn/#/home,https://www.frc.mn/,https://www.frc.mn/#/home,,显示网址与超链接目标不一致_只用显示网址分类;国家机构与网址冲突_MN域名与蒙古R54完全相同_不得算KZ议会;SPA片段路由_不能当普通锚点删除,显示网址与超链接目标不一致_只用显示网址分类；国家机构与网址冲突_MN域名与蒙古R54完全相同_不得算KZ议会；SPA片段路由_不能当普通锚点删除,S16-R054,MN::蒙古财务协调委员会网站,原表相同URL且MN分类R54先出现_原KZ名称保留待修正,obs_e70f256b505d8c3ddafe3d3d8e,target_21ae06f2bb0079795abc1697e5e55a0d3f3a48770e3a66887b7eab0ce966b094,
S16-R063,S16,境外,63,62,D63,B60,哈萨克斯坦,KZ,哈萨克斯坦,,工业与建设部,工业与建设部,海外政府部门或监管机构候选,基础设施与产业,B2_政府配套政策,财政环境劳动土地基建及综合政策全部保留,https://www.gov.kz/memleket/entities/mps/press/news/details/1029489?lang=ru,https://www.gov.kz/memleket/entities/mps/press/news/details/1029489?lang=ru,https://www.gov.kz/memleket/entities/mps/press/news/details/1029489?lang=ru,,具体文章或单项页面_需发现持续更新入口;非站点根路径_需确认栏目适用性,具体文章或单项页面_需发现持续更新入口；非站点根路径_需确认栏目适用性,,KZ::工业与建设部,原表机构名称_独立性未核实,obs_257fd91f6e48a17f5081de697e,target_eedc0288254395a151a1026b806c9b3c48f9ed3f6a8f437351318a4999dec096,
S16-R064,S16,境外,64,63,D64,B60,哈萨克斯坦,KZ,哈萨克斯坦,,Kazinform 通讯社,Kazinform 通讯社,新闻媒体或通讯社,新闻与风险,C_媒体与行业动态,补风险事件覆盖_核实RSS和许可,https://www.inform.kz/,https://www.inform.kz/,https://www.inform.kz/,,,,,KZ::Kazinform 通讯社,原表机构名称_独立性未核实,obs_3cac52c013012b2fa8571bc37c,target_a0ea95f1ec4d285d840112717e5612b9b445c51e39eab032e8068fde99f21410,
S16-R065,S16,境外,65,64,D65,B60,哈萨克斯坦,KZ,哈萨克斯坦,,政府部门,政府部门,政府综合门户或总统府,综合或未明确,B2_政府配套政策,财政环境劳动土地基建及综合政策全部保留,https://government.kz,https://government.kz/,https://government.kz/,协议主机小写及空路径补斜杠,哈萨克斯坦政府门户疑似同发布方_待核实合并,哈萨克斯坦政府门户疑似同发布方_待核实合并,,KZ::政府部门,原表机构名称_独立性未核实,obs_964389aed08fe546cb3a986be7,target_7d34c68e102982f893254e135bbfd47dafcf1b314c885975dbeac4b0d34191b8,
S16-R066,S16,境外,66,65,D66,B66,塞尔维亚,RS,塞尔维亚,,塞尔维亚法律信息系统,塞尔维亚法律信息系统,立法法规或官方公报候选,法律与规制,B1_矿业能源法律核心,优先矿业政策与法律事件_按国家并行,https://pravno-informacioni-sistem.rs/,https://pravno-informacioni-sistem.rs/,https://pravno-informacioni-sistem.rs/,,,,,RS::塞尔维亚法律信息系统,原表机构名称_独立性未核实,obs_3a6007319fd077ec5fc6ac3b80,target_76d8f6b68db26babbd7cfaf8e3d6a4608bd9c83531369432d494061edfbd137b,
S16-R067,S16,境外,67,66,D67,B66,塞尔维亚,RS,塞尔维亚,,塞尔维亚法律信息网站,塞尔维亚法律信息网站,第三方法律信息服务,法律与规制,D_许可及主体专项核实,逐源核实主体许可与原始证据回链,https://www.paragraf.rs/,https://www.paragraf.rs/,https://www.paragraf.rs/,,,,,RS::塞尔维亚法律信息网站,原表机构名称_独立性未核实,obs_f6675dedd17c196f3043004cff,target_e73c3b3b1e6b5725ad3c818f2f414291ab121502e9eb610658af640f3d35b8c5,
S16-R068,S16,境外,68,67,D68,B66,塞尔维亚,RS,塞尔维亚,,政治报,政治报,新闻媒体或通讯社,新闻与风险,C_媒体与行业动态,补风险事件覆盖_核实RSS和许可,https://www.politika.rs/,https://www.politika.rs/,https://www.politika.rs/,,,,,RS::政治报,原表机构名称_独立性未核实,obs_34f502e6f31c3dd5d2e323dffa,target_7235240c22dd16e06da27b9d27193606b1d80fd39803a78ef409b1d88fe35ca0,
S16-R069,S16,境外,69,68,D69,B66,塞尔维亚,RS,塞尔维亚,,塞尔维亚国家广播电视台,塞尔维亚国家广播电视台,新闻媒体或通讯社,综合或未明确,C_媒体与行业动态,补风险事件覆盖_核实RSS和许可,https://www.rts.rs/sr/index.html,https://www.rts.rs/sr/index.html,https://www.rts.rs/sr/index.html,,非站点根路径_需确认栏目适用性,非站点根路径_需确认栏目适用性,,RS::塞尔维亚国家广播电视台,原表机构名称_独立性未核实,obs_c42f59d179c38eb82e7fbbaae3,target_f8e573e8fba8f5d835484fde3d9204e9341d746309f99d9eec52f9ea4a554779,
